#include "AngryCatSimulator.h"

#include <Arduino.h>
#include <SPI.h>
#include <freertos/semphr.h>

namespace angry_cat_simulator {

namespace {

constexpr int kDisplaySck = 9;
constexpr int kDisplayMosi = 10;
constexpr int kDisplayCs = 11;
constexpr int kDisplayMiso = 17;
constexpr int kSpeakerCs = 18;
constexpr int kWifiCs = 19;
constexpr int kMicrophoneCs = 20;
constexpr uint32_t kDisplaySpiHz = 20000000;
constexpr uint8_t kDisplayPacketMagic[] = {'A', 'C', 'D', '1'};
constexpr size_t kTouchPacketSize = 7;
constexpr uint8_t kSpeakerPacketMagic[] = {'A', 'C', 'S', '1'};
constexpr uint8_t kWifiPacketMagic[] = {'A', 'C', 'W', '1'};
constexpr uint8_t kMicrophonePacketMagic[] = {'A', 'C', 'M', '1'};

SPIClass simulatorDisplaySpi(FSPI);
SemaphoreHandle_t simulatorSpiMutex = nullptr;
uint16_t *previousDisplayFrame = nullptr;
uint16_t displayWidth = 0;
uint16_t displayHeight = 0;
bool firstDisplayFrame = true;
uint16_t touchX = 0;
uint16_t touchY = 0;
bool touchPressed = false;
bool touchStateInitialized = false;

bool beginSpiPacket(int chipSelect) {
  if (simulatorSpiMutex == nullptr ||
      xSemaphoreTake(simulatorSpiMutex, portMAX_DELAY) != pdTRUE) {
    return false;
  }
  simulatorDisplaySpi.beginTransaction(
      SPISettings(kDisplaySpiHz, MSBFIRST, SPI_MODE0));
  digitalWrite(chipSelect, LOW);
  return true;
}

void endSpiPacket(int chipSelect) {
  digitalWrite(chipSelect, HIGH);
  simulatorDisplaySpi.endTransaction();
  xSemaphoreGive(simulatorSpiMutex);
}

#if defined(ANGRY_CAT_SIMULATOR_LIVE)

constexpr uint8_t kSimulatorAnswerU8[] = {
  0x80, 0x80, 0x80, 0x80, 0x80, 0x80, 0x80, 0x80, 0x80, 0x80, 0x80, 0x80,
  0x80, 0x80, 0x80, 0x80, 0x80, 0x80, 0x80, 0x80, 0x80, 0x80, 0x80, 0x80,
  0x80, 0x80, 0x80, 0x80, 0x80, 0x80, 0x80, 0x80, 0x81, 0x81, 0x81, 0x81,
  0x81, 0x81, 0x81, 0x81, 0x81, 0x80, 0x80, 0x80, 0x80, 0x80, 0x80, 0x80,
  0x80, 0x80, 0x80, 0x80, 0x80, 0x80, 0x80, 0x80, 0x81, 0x81, 0x81, 0x81,
  0x80, 0x80, 0x80, 0x80, 0x80, 0x80, 0x80, 0x80, 0x80, 0x80, 0x81, 0x81,
  0x81, 0x80, 0x80, 0x80, 0x80, 0x80, 0x80, 0x7f, 0x80, 0x80, 0x80, 0x7f,
  0x7f, 0x80, 0x7f, 0x7f, 0x7f, 0x7f, 0x7e, 0x7e, 0x7e, 0x7f, 0x7f, 0x7f,
  0x7f, 0x7f, 0x7f, 0x7f, 0x7f, 0x80, 0x7f, 0x7f, 0x7f, 0x80, 0x7f, 0x7f,
  0x7f, 0x80, 0x81, 0x81, 0x81, 0x81, 0x80, 0x7f, 0x7f, 0x7f, 0x7f, 0x7e,
  0x7e, 0x7d, 0x7e, 0x7e, 0x7f, 0x80, 0x80, 0x81, 0x81, 0x80, 0x80, 0x80,
  0x80, 0x80, 0x7f, 0x7f, 0x7f, 0x7f, 0x7f, 0x80, 0x80, 0x80, 0x80, 0x80,
  0x81, 0x81, 0x80, 0x7f, 0x7e, 0x7e, 0x7d, 0x7d, 0x7d, 0x7e, 0x7d, 0x7d,
  0x7e, 0x81, 0x81, 0x80, 0x80, 0x81, 0x81, 0x81, 0x80, 0x81, 0x82, 0x84,
  0x87, 0x8c, 0x90, 0x91, 0x91, 0x92, 0x93, 0x93, 0x90, 0x8c, 0x86, 0x80,
  0x7b, 0x76, 0x72, 0x70, 0x70, 0x72, 0x76, 0x7b, 0x80, 0x86, 0x8c, 0x92,
  0x96, 0x97, 0x94, 0x8e, 0x8a, 0x87, 0x85, 0x81, 0x7c, 0x79, 0x7a, 0x7e,
  0x81, 0x85, 0x87, 0x88, 0x87, 0x87, 0x86, 0x83, 0x7f, 0x7a, 0x79, 0x79,
  0x79, 0x79, 0x78, 0x78, 0x7a, 0x7d, 0x80, 0x80, 0x7d, 0x78, 0x74, 0x72,
  0x71, 0x71, 0x71, 0x6f, 0x6f, 0x71, 0x74, 0x76, 0x76, 0x76, 0x77, 0x7a,
  0x7b, 0x7a, 0x78, 0x75, 0x74, 0x76, 0x79, 0x7d, 0x7e, 0x7a, 0x78, 0x79,
  0x7b, 0x7d, 0x7b, 0x77, 0x75, 0x73, 0x73, 0x74, 0x73, 0x71, 0x72, 0x75,
  0x79, 0x7c, 0x7c, 0x7b, 0x7c, 0x7d, 0x80, 0x81, 0x81, 0x7f, 0x7c, 0x7c,
  0x7d, 0x7e, 0x7e, 0x7c, 0x79, 0x79, 0x7a, 0x7a, 0x7a, 0x79, 0x79, 0x79,
  0x78, 0x78, 0x78, 0x79, 0x79, 0x7a, 0x7a, 0x7a, 0x77, 0x74, 0x71, 0x70,
  0x73, 0x7b, 0x88, 0x96, 0xa3, 0xaf, 0xbb, 0xc6, 0xce, 0xd2, 0xd0, 0xc8,
  0xb8, 0xa5, 0x93, 0x82, 0x72, 0x64, 0x59, 0x55, 0x57, 0x5e, 0x69, 0x75,
  0x82, 0x8d, 0x99, 0xa4, 0xaa, 0xa9, 0xa3, 0x9e, 0x9b, 0x98, 0x95, 0x8e,
  0x87, 0x82, 0x7e, 0x7e, 0x81, 0x82, 0x81, 0x7e, 0x7d, 0x80, 0x84, 0x85,
  0x85, 0x85, 0x89, 0x8c, 0x8c, 0x8a, 0x86, 0x80, 0x7a, 0x75, 0x73, 0x6f,
  0x68, 0x62, 0x5f, 0x60, 0x65, 0x6a, 0x6e, 0x72, 0x76, 0x79, 0x7d, 0x7f,
  0x80, 0x7f, 0x7d, 0x7a, 0x78, 0x76, 0x73, 0x71, 0x71, 0x72, 0x73, 0x73,
  0x74, 0x73, 0x74, 0x75, 0x76, 0x77, 0x76, 0x75, 0x74, 0x73, 0x73, 0x74,
  0x75, 0x75, 0x75, 0x74, 0x73, 0x73, 0x73, 0x74, 0x77, 0x77, 0x77, 0x78,
  0x78, 0x7a, 0x7b, 0x7d, 0x80, 0x7f, 0x7d, 0x7c, 0x7c, 0x7b, 0x7a, 0x78,
  0x77, 0x77, 0x75, 0x74, 0x75, 0x76, 0x74, 0x73, 0x73, 0x76, 0x77, 0x75,
  0x71, 0x6d, 0x6c, 0x70, 0x7d, 0x8e, 0xa1, 0xb0, 0xbc, 0xc7, 0xd0, 0xd4,
  0xd5, 0xd1, 0xc6, 0xb6, 0xa1, 0x8c, 0x7a, 0x6b, 0x5f, 0x5b, 0x5d, 0x63,
  0x6d, 0x75, 0x7d, 0x87, 0x90, 0x9a, 0xa3, 0xa7, 0xa7, 0xa3, 0x9d, 0x99,
  0x98, 0x97, 0x95, 0x92, 0x8b, 0x85, 0x7f, 0x7b, 0x7a, 0x7a, 0x7a, 0x7c,
  0x7e, 0x82, 0x88, 0x8e, 0x93, 0x97, 0x98, 0x97, 0x94, 0x8c, 0x82, 0x77,
  0x6b, 0x63, 0x5d, 0x59, 0x58, 0x57, 0x58, 0x5e, 0x68, 0x71, 0x79, 0x7e,
  0x80, 0x83, 0x85, 0x85, 0x84, 0x80, 0x7b, 0x79, 0x78, 0x77, 0x76, 0x72,
  0x70, 0x70, 0x70, 0x71, 0x72, 0x6f, 0x6e, 0x6f, 0x6f, 0x72, 0x75, 0x74,
  0x75, 0x76, 0x75, 0x76, 0x77, 0x75, 0x73, 0x70, 0x6e, 0x70, 0x70, 0x70,
  0x71, 0x72, 0x74, 0x77, 0x79, 0x7d, 0x7f, 0x7d, 0x7c, 0x7b, 0x7c, 0x7c,
  0x79, 0x75, 0x73, 0x73, 0x73, 0x73, 0x71, 0x6f, 0x70, 0x70, 0x71, 0x72,
  0x71, 0x6e, 0x6a, 0x67, 0x6c, 0x79, 0x8b, 0x9f, 0xb2, 0xc2, 0xce, 0xd4,
  0xd4, 0xd5, 0xd4, 0xca, 0xb9, 0xa3, 0x8d, 0x7b, 0x6b, 0x62, 0x62, 0x67,
  0x6d, 0x72, 0x78, 0x7f, 0x86, 0x8a, 0x8e, 0x95, 0x9b, 0x9d, 0x9b, 0x98,
  0x99, 0x9c, 0xa0, 0xa2, 0xa1, 0x9d, 0x95, 0x8c, 0x85, 0x80, 0x7b, 0x78,
  0x78, 0x7a, 0x7d, 0x82, 0x87, 0x8c, 0x8f, 0x91, 0x92, 0x90, 0x88, 0x7d,
  0x73, 0x6b, 0x64, 0x60, 0x60, 0x61, 0x61, 0x62, 0x67, 0x6e, 0x75, 0x79,
  0x7c, 0x7d, 0x7d, 0x7d, 0x7c, 0x7d, 0x7d, 0x7b, 0x79, 0x79, 0x7a, 0x7a,
  0x78, 0x76, 0x75, 0x73, 0x70, 0x6f, 0x6e, 0x6d, 0x6c, 0x6b, 0x6c, 0x6f,
  0x70, 0x71, 0x72, 0x74, 0x74, 0x73, 0x71, 0x72, 0x72, 0x72, 0x71, 0x71,
  0x71, 0x71, 0x73, 0x77, 0x79, 0x7a, 0x77, 0x77, 0x7a, 0x7b, 0x7b, 0x79,
  0x74, 0x73, 0x73, 0x74, 0x75, 0x73, 0x6f, 0x6e, 0x6d, 0x6f, 0x71, 0x70,
  0x6d, 0x69, 0x66, 0x65, 0x68, 0x74, 0x88, 0x9f, 0xb5, 0xc7, 0xd0, 0xd5,
  0xd5, 0xd5, 0xd5, 0xcc, 0xbc, 0xaa, 0x94, 0x82, 0x76, 0x6e, 0x6d, 0x6e,
  0x70, 0x75, 0x7a, 0x7b, 0x7b, 0x7b, 0x7d, 0x84, 0x8c, 0x91, 0x96, 0x98,
  0x9a, 0x9f, 0xa7, 0xae, 0xb1, 0xab, 0xa1, 0x97, 0x8d, 0x87, 0x82, 0x7d,
  0x7a, 0x7a, 0x7c, 0x7f, 0x82, 0x84, 0x87, 0x88, 0x87, 0x86, 0x80, 0x77,
  0x6f, 0x6a, 0x68, 0x68, 0x68, 0x68, 0x6a, 0x6c, 0x70, 0x75, 0x76, 0x78,
  0x7a, 0x7a, 0x7b, 0x7b, 0x79, 0x79, 0x79, 0x7a, 0x7c, 0x7e, 0x7c, 0x7a,
  0x78, 0x78, 0x77, 0x75, 0x70, 0x6d, 0x6c, 0x6c, 0x6d, 0x6c, 0x6a, 0x6b,
  0x6d, 0x70, 0x72, 0x71, 0x70, 0x6f, 0x6f, 0x71, 0x72, 0x73, 0x72, 0x71,
  0x72, 0x76, 0x7a, 0x7a, 0x78, 0x77, 0x79, 0x7b, 0x7a, 0x79, 0x78, 0x74,
  0x73, 0x73, 0x74, 0x75, 0x71, 0x6e, 0x6e, 0x6e, 0x6f, 0x6f, 0x6c, 0x6b,
  0x6a, 0x66, 0x64, 0x64, 0x6d, 0x81, 0x9a, 0xb0, 0xc2, 0xcd, 0xd2, 0xd3,
  0xd1, 0xce, 0xca, 0xbf, 0xb0, 0xa1, 0x91, 0x83, 0x7b, 0x76, 0x77, 0x79,
  0x79, 0x78, 0x74, 0x70, 0x6c, 0x6c, 0x72, 0x7a, 0x84, 0x8c, 0x92, 0x9a,
  0xa2, 0xab, 0xb3, 0xb5, 0xb3, 0xad, 0xa2, 0x99, 0x90, 0x89, 0x86, 0x84,
  0x82, 0x82, 0x81, 0x80, 0x80, 0x80, 0x80, 0x7d, 0x79, 0x75, 0x71, 0x6c,
  0x69, 0x67, 0x68, 0x6b, 0x6f, 0x73, 0x76, 0x74, 0x74, 0x76, 0x78, 0x7b,
  0x7b, 0x7a, 0x78, 0x76, 0x78, 0x7c, 0x7f, 0x7f, 0x7d, 0x7b, 0x7b, 0x7c,
  0x7a, 0x78, 0x74, 0x70, 0x6e, 0x6e, 0x6f, 0x6f, 0x6c, 0x6a, 0x6a, 0x6c,
  0x6e, 0x6f, 0x6e, 0x6d, 0x6b, 0x6b, 0x6f, 0x73, 0x73, 0x71, 0x70, 0x73,
  0x79, 0x7b, 0x7b, 0x7b, 0x79, 0x79, 0x7a, 0x7d, 0x7e, 0x79, 0x74, 0x72,
  0x76, 0x77, 0x74, 0x71, 0x6e, 0x6d, 0x6c, 0x6d, 0x6e, 0x6d, 0x6a, 0x64,
  0x63, 0x63, 0x66, 0x72, 0x84, 0x9d, 0xb3, 0xc1, 0xca, 0xcd, 0xcb, 0xc8,
  0xc3, 0xbe, 0xb8, 0xaf, 0xa5, 0x9b, 0x92, 0x8a, 0x84, 0x81, 0x80, 0x7e,
  0x76, 0x6a, 0x5f, 0x59, 0x5b, 0x63, 0x6f, 0x7b, 0x84, 0x8e, 0x9a, 0xa5,
  0xac, 0xaf, 0xb0, 0xb0, 0xac, 0xa7, 0x9f, 0x9a, 0x97, 0x96, 0x98, 0x97,
  0x92, 0x8a, 0x81, 0x7b, 0x76, 0x72, 0x6e, 0x69, 0x67, 0x65, 0x64, 0x66,
  0x67, 0x6b, 0x6f, 0x72, 0x75, 0x76, 0x75, 0x75, 0x76, 0x77, 0x7a, 0x7c,
  0x7d, 0x7e, 0x7e, 0x7e, 0x7e, 0x7e, 0x7f, 0x7f, 0x7d, 0x7a, 0x79, 0x77,
  0x76, 0x76, 0x75, 0x73, 0x72, 0x70, 0x70, 0x70, 0x6e, 0x6d, 0x6b, 0x6a,
  0x6b, 0x6c, 0x6c, 0x6a, 0x69, 0x6a, 0x6d, 0x70, 0x71, 0x6f, 0x71, 0x75,
  0x77, 0x7a, 0x7a, 0x7b, 0x7c, 0x7c, 0x7e, 0x80, 0x7f, 0x7c, 0x79, 0x79,
  0x7b, 0x7b, 0x76, 0x71, 0x6f, 0x6e, 0x6f, 0x6e, 0x6a, 0x67, 0x61, 0x5e,
  0x61, 0x6a, 0x7d, 0x91, 0xa4, 0xb4, 0xbc, 0xc0, 0xbe, 0xbb, 0xb9, 0xb6,
  0xb7, 0xb7, 0xb6, 0xb5, 0xaf, 0xa8, 0xa1, 0x9c, 0x98, 0x92, 0x87, 0x7a,
  0x6c, 0x61, 0x5e, 0x60, 0x67, 0x70, 0x79, 0x81, 0x89, 0x8f, 0x94, 0x95,
  0x95, 0x96, 0x97, 0x9a, 0x9b, 0x9b, 0x9e, 0xa0, 0xa5, 0xa7, 0xa6, 0xa3,
  0x9a, 0x91, 0x88, 0x82, 0x7f, 0x79, 0x73, 0x70, 0x6d, 0x6c, 0x6b, 0x69,
  0x6a, 0x6a, 0x68, 0x66, 0x65, 0x65, 0x64, 0x63, 0x66, 0x69, 0x6d, 0x6f,
  0x70, 0x73, 0x75, 0x76, 0x76, 0x76, 0x78, 0x79, 0x78, 0x79, 0x79, 0x78,
  0x78, 0x78, 0x7a, 0x7b, 0x78, 0x74, 0x72, 0x72, 0x73, 0x70, 0x6d, 0x69,
  0x67, 0x67, 0x67, 0x68, 0x67, 0x65, 0x64, 0x65, 0x69, 0x6e, 0x6d, 0x6b,
  0x6c, 0x6e, 0x74, 0x76, 0x77, 0x78, 0x76, 0x78, 0x7a, 0x7d, 0x7d, 0x7a,
  0x78, 0x77, 0x78, 0x78, 0x74, 0x73, 0x6f, 0x6a, 0x66, 0x62, 0x69, 0x76,
  0x87, 0x9a, 0xa7, 0xb0, 0xb6, 0xb6, 0xb7, 0xb5, 0xb3, 0xb5, 0xb6, 0xbb,
  0xbe, 0xbd, 0xba, 0xb3, 0xaf, 0xac, 0xa8, 0xa1, 0x94, 0x85, 0x79, 0x72,
  0x6f, 0x70, 0x74, 0x7a, 0x80, 0x84, 0x88, 0x8a, 0x8b, 0x89, 0x86, 0x86,
  0x89, 0x8e, 0x91, 0x93, 0x97, 0x9c, 0xa1, 0xa5, 0xa4, 0xa1, 0x9b, 0x94,
  0x8f, 0x89, 0x86, 0x82, 0x7c, 0x7a, 0x77, 0x77, 0x76, 0x72, 0x6f, 0x6b,
  0x68, 0x65, 0x61, 0x5e, 0x5c, 0x5b, 0x5c, 0x5e, 0x61, 0x64, 0x64, 0x66,
  0x68, 0x6b, 0x6d, 0x6d, 0x6d, 0x6f, 0x72, 0x73, 0x74, 0x74, 0x76, 0x79,
  0x7a, 0x79, 0x79, 0x78, 0x78, 0x76, 0x73, 0x71, 0x6f, 0x6e, 0x6d, 0x6b,
  0x68, 0x68, 0x68, 0x68, 0x68, 0x67, 0x66, 0x67, 0x67, 0x68, 0x6b, 0x6b,
  0x6b, 0x6c, 0x6e, 0x72, 0x74, 0x74, 0x74, 0x75, 0x77, 0x78, 0x78, 0x77,
  0x74, 0x75, 0x73, 0x70, 0x6e, 0x69, 0x6b, 0x75, 0x83, 0x95, 0x9f, 0xa7,
  0xad, 0xaf, 0xb1, 0xaf, 0xad, 0xaf, 0xb3, 0xb9, 0xbc, 0xbe, 0xbe, 0xba,
  0xb9, 0xb6, 0xb4, 0xb0, 0xa5, 0x9a, 0x90, 0x89, 0x85, 0x80, 0x80, 0x85,
  0x89, 0x8d, 0x8d, 0x8b, 0x8a, 0x85, 0x81, 0x80, 0x81, 0x84, 0x84, 0x86,
  0x8c, 0x92, 0x97, 0x99, 0x99, 0x9c, 0x9b, 0x99, 0x94, 0x8e, 0x8c, 0x89,
  0x86, 0x86, 0x84, 0x84, 0x81, 0x7e, 0x7c, 0x78, 0x73, 0x6d, 0x67, 0x62,
  0x60, 0x5e, 0x5b, 0x5a, 0x5a, 0x5c, 0x5f, 0x5f, 0x60, 0x60, 0x61, 0x62,
  0x63, 0x64, 0x65, 0x66, 0x68, 0x6a, 0x6c, 0x6e, 0x71, 0x72, 0x72, 0x73,
  0x74, 0x73, 0x72, 0x71, 0x71, 0x70, 0x70, 0x6f, 0x6e, 0x6e, 0x6f, 0x6e,
  0x6d, 0x6d, 0x6d, 0x6e, 0x6d, 0x6c, 0x6c, 0x6c, 0x6d, 0x6d, 0x6e, 0x6f,
  0x70, 0x70, 0x70, 0x71, 0x72, 0x72, 0x72, 0x6f, 0x6f, 0x6e, 0x6c, 0x70,
  0x76, 0x81, 0x8f, 0x96, 0x9e, 0xa3, 0xa7, 0xaa, 0xa9, 0xab, 0xae, 0xb3,
  0xb7, 0xb8, 0xba, 0xbb, 0xbc, 0xbd, 0xbb, 0xba, 0xb8, 0xb2, 0xab, 0xa2,
  0x9d, 0x98, 0x96, 0x95, 0x94, 0x95, 0x95, 0x94, 0x90, 0x8d, 0x8a, 0x89,
  0x88, 0x85, 0x83, 0x81, 0x81, 0x82, 0x83, 0x85, 0x86, 0x86, 0x86, 0x87,
  0x87, 0x85, 0x82, 0x7f, 0x7d, 0x7d, 0x7c, 0x7b, 0x7a, 0x78, 0x78, 0x77,
  0x76, 0x74, 0x71, 0x6f, 0x6d, 0x6b, 0x69, 0x67, 0x65, 0x64, 0x63, 0x63,
  0x63, 0x63, 0x63, 0x64, 0x64, 0x65, 0x65, 0x65, 0x66, 0x66, 0x67, 0x68,
  0x68, 0x69, 0x6a, 0x6b, 0x6c, 0x6d, 0x6d, 0x6e, 0x6e, 0x6e, 0x6f, 0x6e,
  0x6f, 0x6f, 0x6e, 0x6f, 0x6f, 0x6f, 0x70, 0x70, 0x70, 0x71, 0x71, 0x70,
  0x72, 0x71, 0x72, 0x72, 0x70, 0x71, 0x71, 0x71, 0x72, 0x6f, 0x6f, 0x6e,
  0x6c, 0x6c, 0x68, 0x6a, 0x6f, 0x75, 0x81, 0x88, 0x8f, 0x95, 0x9a, 0xa2,
  0xa6, 0xa9, 0xac, 0xaf, 0xb5, 0xb6, 0xb7, 0xb6, 0xb5, 0xb8, 0xba, 0xbc,
  0xbe, 0xbc, 0xbb, 0xb7, 0xb2, 0xae, 0xaa, 0xa7, 0xa4, 0xa1, 0x9f, 0x9d,
  0x9b, 0x97, 0x93, 0x91, 0x8f, 0x8e, 0x8d, 0x8a, 0x87, 0x83, 0x81, 0x7f,
  0x7d, 0x7b, 0x79, 0x79, 0x78, 0x79, 0x78, 0x76, 0x75, 0x75, 0x74, 0x73,
  0x73, 0x72, 0x71, 0x70, 0x6f, 0x70, 0x70, 0x71, 0x71, 0x6f, 0x70, 0x71,
  0x70, 0x71, 0x6d, 0x6c, 0x6d, 0x6c, 0x6d, 0x6b, 0x69, 0x6b, 0x6b, 0x6d,
  0x6d, 0x6c, 0x6d, 0x6d, 0x6e, 0x6e, 0x6e, 0x6e, 0x6e, 0x6e, 0x6e, 0x6e,
  0x6f, 0x6e, 0x6e, 0x6e, 0x6f, 0x70, 0x6f, 0x6f, 0x6f, 0x6f, 0x70, 0x70,
  0x70, 0x70, 0x70, 0x70, 0x70, 0x70, 0x71, 0x71, 0x71, 0x71, 0x71, 0x72,
  0x72, 0x71, 0x71, 0x70, 0x71, 0x70, 0x6d, 0x6c, 0x69, 0x68, 0x6a, 0x6c,
  0x71, 0x78, 0x7e, 0x85, 0x8c, 0x92, 0x99, 0xa0, 0xa3, 0xa8, 0xac, 0xae,
  0xb1, 0xb2, 0xb0, 0xb1, 0xb0, 0xb3, 0xb8, 0xb9, 0xbb, 0xbb, 0xba, 0xba,
  0xb9, 0xb6, 0xb2, 0xae, 0xab, 0xa7, 0xa3, 0x9e, 0x99, 0x96, 0x94, 0x90,
  0x8f, 0x8c, 0x8a, 0x88, 0x84, 0x81, 0x7d, 0x7b, 0x78, 0x74, 0x71, 0x6e,
  0x6c, 0x69, 0x67, 0x66, 0x65, 0x65, 0x65, 0x65, 0x66, 0x66, 0x67, 0x68,
  0x69, 0x6a, 0x6b, 0x6b, 0x6c, 0x6d, 0x6e, 0x6e, 0x6e, 0x6e, 0x70, 0x71,
  0x72, 0x73, 0x73, 0x74, 0x76, 0x77, 0x78, 0x78, 0x79, 0x7a, 0x7a, 0x79,
  0x79, 0x79, 0x79, 0x79, 0x78, 0x78, 0x77, 0x77, 0x77, 0x76, 0x75, 0x76,
  0x76, 0x75, 0x75, 0x75, 0x74, 0x75, 0x74, 0x74, 0x74, 0x74, 0x74, 0x74,
  0x73, 0x73, 0x72, 0x72, 0x72, 0x71, 0x71, 0x70, 0x70, 0x6f, 0x6e, 0x6d,
  0x6b, 0x6a, 0x6a, 0x6a, 0x6b, 0x6d, 0x70, 0x73, 0x77, 0x7b, 0x80, 0x85,
  0x8a, 0x90, 0x95, 0x9a, 0x9e, 0xa1, 0xa3, 0xa5, 0xa7, 0xa8, 0xa9, 0xaa,
  0xaa, 0xab, 0xab, 0xab, 0xad, 0xad, 0xae, 0xaf, 0xaf, 0xaf, 0xaf, 0xae,
  0xad, 0xac, 0xaa, 0xa8, 0xa5, 0xa2, 0x9e, 0x9b, 0x97, 0x94, 0x90, 0x8d,
  0x8a, 0x86, 0x83, 0x81, 0x7e, 0x7c, 0x7a, 0x78, 0x76, 0x75, 0x73, 0x72,
  0x71, 0x6f, 0x6f, 0x6e, 0x6d, 0x6c, 0x6c, 0x6b, 0x6b, 0x6a, 0x6a, 0x69,
  0x69, 0x69, 0x69, 0x69, 0x69, 0x6a, 0x6b, 0x6b, 0x6c, 0x6c, 0x6d, 0x6f,
  0x6f, 0x70, 0x71, 0x72, 0x73, 0x73, 0x74, 0x74, 0x75, 0x75, 0x75, 0x75,
  0x75, 0x75, 0x75, 0x74, 0x74, 0x74, 0x74, 0x74, 0x74, 0x74, 0x74, 0x74,
  0x74, 0x74, 0x74, 0x74, 0x74, 0x74, 0x74, 0x74, 0x74, 0x73, 0x73, 0x73,
  0x73, 0x72, 0x72, 0x72, 0x71, 0x71, 0x70, 0x70, 0x70, 0x70, 0x71, 0x72,
  0x74, 0x76, 0x79, 0x7b, 0x7e, 0x81, 0x85, 0x88, 0x8b, 0x8e, 0x90, 0x92,
  0x95, 0x97, 0x98, 0x9a, 0x9b, 0x9c, 0x9d, 0x9e, 0x9f, 0xa0, 0xa1, 0xa1,
  0xa2, 0xa3, 0xa4, 0xa4, 0xa5, 0xa5, 0xa5, 0xa5, 0xa5, 0xa4, 0xa3, 0xa2,
  0xa1, 0xa0, 0x9e, 0x9c, 0x9b, 0x99, 0x96, 0x94, 0x92, 0x90, 0x8e, 0x8c,
  0x8a, 0x88, 0x86, 0x84, 0x83, 0x81, 0x80, 0x7e, 0x7d, 0x7c, 0x7b, 0x79,
  0x79, 0x78, 0x77, 0x76, 0x75, 0x74, 0x73, 0x73, 0x72, 0x71, 0x71, 0x70,
  0x6f, 0x6f, 0x6f, 0x6e, 0x6e, 0x6e, 0x6d, 0x6d, 0x6d, 0x6d, 0x6d, 0x6d,
  0x6d, 0x6e, 0x6e, 0x6e, 0x6e, 0x6e, 0x6f, 0x6f, 0x6f, 0x6f, 0x6f, 0x6f,
  0x70, 0x70, 0x70, 0x70, 0x70, 0x70, 0x70, 0x70, 0x70, 0x70, 0x71, 0x71,
  0x71, 0x71, 0x71, 0x71, 0x71, 0x71, 0x71, 0x71, 0x71, 0x71, 0x71, 0x70,
  0x70, 0x70, 0x6f, 0x6f, 0x6f, 0x6f, 0x6f, 0x70, 0x71, 0x73, 0x74, 0x77,
  0x79, 0x7c, 0x7f, 0x81, 0x84, 0x87, 0x8a, 0x8d, 0x8f, 0x92, 0x94, 0x96,
  0x98, 0x99, 0x9a, 0x9c, 0x9d, 0x9e, 0x9e, 0x9f, 0xa0, 0xa1, 0xa1, 0xa2,
  0xa3, 0xa3, 0xa4, 0xa4, 0xa4, 0xa4, 0xa4, 0xa4, 0xa4, 0xa3, 0xa3, 0xa2,
  0xa0, 0x9f, 0x9d, 0x9c, 0x9a, 0x98, 0x95, 0x93, 0x91, 0x8f, 0x8d, 0x8a,
  0x88, 0x86, 0x84, 0x83, 0x81, 0x80, 0x7e, 0x7d, 0x7c, 0x7a, 0x79, 0x78,
  0x77, 0x77, 0x75, 0x75, 0x74, 0x73, 0x72, 0x71, 0x70, 0x6f, 0x6e, 0x6e,
  0x6d, 0x6d, 0x6d, 0x6c, 0x6c, 0x6c, 0x6c, 0x6c, 0x6c, 0x6c, 0x6c, 0x6c,
  0x6c, 0x6d, 0x6d, 0x6d, 0x6e, 0x6e, 0x6e, 0x6e, 0x6e, 0x6e, 0x6e, 0x6e,
  0x6e, 0x6e, 0x6e, 0x6e, 0x6e, 0x6e, 0x6f, 0x6f, 0x6f, 0x6f, 0x6f, 0x70,
  0x70, 0x70, 0x71, 0x71, 0x71, 0x71, 0x71, 0x71, 0x70, 0x71, 0x70, 0x6f,
  0x6f, 0x6e, 0x6d, 0x6c, 0x6c, 0x6c, 0x6d, 0x6e, 0x6e, 0x70, 0x73, 0x75,
  0x79, 0x7b, 0x7f, 0x83, 0x87, 0x8b, 0x8e, 0x92, 0x95, 0x98, 0x9b, 0x9d,
  0x9f, 0xa0, 0xa1, 0xa2, 0xa3, 0xa4, 0xa4, 0xa4, 0xa5, 0xa5, 0xa7, 0xa7,
  0xa8, 0xa9, 0xa9, 0xaa, 0xab, 0xac, 0xac, 0xab, 0xab, 0xaa, 0xa9, 0xa7,
  0xa4, 0xa2, 0x9f, 0x9c, 0x99, 0x95, 0x92, 0x8e, 0x8b, 0x88, 0x85, 0x82,
  0x80, 0x7e, 0x7c, 0x7a, 0x79, 0x77, 0x77, 0x75, 0x74, 0x74, 0x72, 0x72,
  0x71, 0x70, 0x6f, 0x6e, 0x6d, 0x6d, 0x6c, 0x6b, 0x6b, 0x6b, 0x6b, 0x6b,
  0x6b, 0x6b, 0x6c, 0x6c, 0x6d, 0x6e, 0x6e, 0x6f, 0x70, 0x70, 0x71, 0x71,
  0x72, 0x72, 0x72, 0x73, 0x72, 0x72, 0x72, 0x71, 0x71, 0x70, 0x70, 0x70,
  0x6f, 0x6f, 0x6f, 0x6e, 0x6e, 0x6e, 0x6e, 0x6e, 0x6e, 0x6e, 0x6e, 0x6e,
  0x6f, 0x6e, 0x6f, 0x6e, 0x6e, 0x6f, 0x6d, 0x6d, 0x6d, 0x6c, 0x6c, 0x6b,
  0x6b, 0x6a, 0x68, 0x67, 0x66, 0x66, 0x67, 0x69, 0x6b, 0x6d, 0x70, 0x74,
  0x78, 0x7f, 0x84, 0x89, 0x8f, 0x95, 0x9b, 0xa0, 0xa5, 0xa8, 0xaa, 0xae,
  0xb0, 0xb2, 0xb3, 0xb2, 0xb1, 0xb0, 0xb1, 0xb1, 0xb1, 0xb1, 0xaf, 0xb0,
  0xb1, 0xb1, 0xb2, 0xb1, 0xb1, 0xb0, 0xaf, 0xae, 0xab, 0xa8, 0xa4, 0x9f,
  0x9a, 0x95, 0x90, 0x8a, 0x84, 0x7f, 0x7a, 0x76, 0x73, 0x6f, 0x6d, 0x6b,
  0x6a, 0x69, 0x69, 0x68, 0x69, 0x69, 0x69, 0x6a, 0x6a, 0x6a, 0x6a, 0x6a,
  0x6a, 0x6a, 0x6a, 0x6a, 0x6a, 0x6c, 0x6c, 0x6e, 0x70, 0x70, 0x73, 0x74,
  0x76, 0x79, 0x7a, 0x7c, 0x7c, 0x7d, 0x7e, 0x7f, 0x80, 0x7e, 0x7e, 0x7d,
  0x7c, 0x7d, 0x7a, 0x7a, 0x78, 0x76, 0x76, 0x74, 0x73, 0x72, 0x70, 0x6f,
  0x6d, 0x6d, 0x6c, 0x6c, 0x6b, 0x6a, 0x6a, 0x6a, 0x6a, 0x6b, 0x6b, 0x6a,
  0x6b, 0x6b, 0x6c, 0x6c, 0x6c, 0x6b, 0x6c, 0x6c, 0x6b, 0x6b, 0x6a, 0x6a,
  0x68, 0x67, 0x65, 0x64, 0x67, 0x69, 0x6c, 0x70, 0x72, 0x78, 0x7e, 0x85,
  0x8d, 0x92, 0x9a, 0xa0, 0xa7, 0xab, 0xaf, 0xb2, 0xb4, 0xb7, 0xb8, 0xb8,
  0xb9, 0xb8, 0xb7, 0xb5, 0xb4, 0xb5, 0xb6, 0xb6, 0xb6, 0xb5, 0xb5, 0xb4,
  0xb4, 0xb2, 0xae, 0xab, 0xa8, 0xa4, 0x9f, 0x98, 0x91, 0x8c, 0x86, 0x81,
  0x7b, 0x76, 0x73, 0x70, 0x6d, 0x6b, 0x6a, 0x69, 0x69, 0x69, 0x69, 0x69,
  0x68, 0x69, 0x69, 0x68, 0x69, 0x69, 0x6a, 0x6a, 0x6a, 0x6b, 0x6c, 0x6e,
  0x71, 0x71, 0x73, 0x74, 0x76, 0x79, 0x79, 0x7a, 0x7b, 0x7b, 0x7c, 0x7b,
  0x7a, 0x7b, 0x7a, 0x7a, 0x79, 0x77, 0x77, 0x77, 0x77, 0x76, 0x74, 0x73,
  0x72, 0x71, 0x70, 0x6f, 0x6f, 0x6d, 0x6b, 0x6a, 0x6b, 0x6b, 0x6a, 0x6a,
  0x68, 0x6a, 0x6b, 0x6b, 0x6b, 0x6b, 0x6c, 0x6d, 0x6d, 0x6d, 0x6d, 0x6d,
  0x6d, 0x6d, 0x6c, 0x6c, 0x6c, 0x6b, 0x6a, 0x68, 0x66, 0x65, 0x66, 0x69,
  0x6b, 0x71, 0x76, 0x7a, 0x81, 0x87, 0x90, 0x98, 0x9e, 0xa5, 0xab, 0xaf,
  0xb2, 0xb4, 0xb5, 0xb6, 0xb9, 0xba, 0xba, 0xba, 0xb9, 0xbb, 0xbb, 0xbb,
  0xbb, 0xbc, 0xbc, 0xbd, 0xbb, 0xb8, 0xb5, 0xb1, 0xad, 0xa9, 0xa2, 0x9c,
  0x96, 0x90, 0x8c, 0x86, 0x81, 0x7d, 0x78, 0x77, 0x75, 0x73, 0x71, 0x6e,
  0x6e, 0x6d, 0x6d, 0x6c, 0x6a, 0x69, 0x67, 0x68, 0x68, 0x68, 0x68, 0x67,
  0x68, 0x69, 0x6b, 0x6d, 0x6e, 0x6e, 0x70, 0x71, 0x74, 0x75, 0x75, 0x74,
  0x73, 0x75, 0x77, 0x76, 0x75, 0x73, 0x74, 0x76, 0x76, 0x76, 0x75, 0x74,
  0x76, 0x76, 0x75, 0x74, 0x73, 0x73, 0x72, 0x71, 0x6f, 0x6e, 0x6e, 0x6d,
  0x6c, 0x6a, 0x6a, 0x6a, 0x6a, 0x6b, 0x6b, 0x6a, 0x6b, 0x6b, 0x6d, 0x6e,
  0x6e, 0x6e, 0x6d, 0x6d, 0x70, 0x70, 0x70, 0x6f, 0x6d, 0x6e, 0x6f, 0x6f,
  0x6f, 0x6e, 0x6c, 0x6a, 0x68, 0x66, 0x67, 0x6c, 0x70, 0x78, 0x7e, 0x85,
  0x8e, 0x93, 0x9b, 0xa1, 0xa8, 0xb1, 0xb5, 0xb8, 0xb6, 0xb5, 0xb7, 0xb7,
  0xba, 0xb9, 0xba, 0xbd, 0xbc, 0xbe, 0xbc, 0xba, 0xbb, 0xb9, 0xba, 0xb9,
  0xb4, 0xb0, 0xa7, 0xa1, 0x9d, 0x98, 0x94, 0x8c, 0x86, 0x81, 0x7d, 0x7a,
  0x75, 0x71, 0x6d, 0x6b, 0x6a, 0x68, 0x65, 0x63, 0x61, 0x61, 0x61, 0x61,
  0x61, 0x61, 0x60, 0x61, 0x63, 0x64, 0x67, 0x68, 0x69, 0x6c, 0x6f, 0x72,
  0x73, 0x74, 0x76, 0x77, 0x7a, 0x7a, 0x7a, 0x7a, 0x79, 0x7c, 0x7d, 0x7c,
  0x7d, 0x7b, 0x7d, 0x7e, 0x7e, 0x7e, 0x7c, 0x7c, 0x7c, 0x7a, 0x7a, 0x77,
  0x76, 0x76, 0x73, 0x72, 0x71, 0x6f, 0x6f, 0x6d, 0x6c, 0x6c, 0x6b, 0x6c,
  0x6c, 0x6b, 0x6b, 0x6b, 0x6c, 0x6d, 0x6d, 0x6d, 0x6d, 0x6f, 0x70, 0x6f,
  0x70, 0x6f, 0x70, 0x71, 0x71, 0x71, 0x70, 0x70, 0x70, 0x6d, 0x6b, 0x68,
  0x6c, 0x74, 0x7c, 0x86, 0x8b, 0x90, 0x98, 0x9d, 0xa3, 0xa7, 0xaa, 0xb1,
  0xb4, 0xb7, 0xb7, 0xb6, 0xba, 0xbd, 0xc1, 0xc3, 0xc3, 0xc5, 0xc4, 0xc0,
  0xba, 0xb3, 0xb1, 0xb0, 0xaf, 0xab, 0xa5, 0xa1, 0x9c, 0x98, 0x93, 0x8d,
  0x89, 0x84, 0x80, 0x7b, 0x75, 0x71, 0x6d, 0x6a, 0x68, 0x66, 0x66, 0x65,
  0x63, 0x62, 0x60, 0x60, 0x60, 0x60, 0x60, 0x60, 0x61, 0x63, 0x65, 0x65,
  0x67, 0x68, 0x6a, 0x6d, 0x6f, 0x6f, 0x71, 0x73, 0x74, 0x75, 0x76, 0x76,
  0x78, 0x7a, 0x79, 0x7b, 0x7b, 0x7b, 0x7d, 0x7c, 0x7c, 0x7b, 0x7b, 0x7c,
  0x7b, 0x7a, 0x79, 0x78, 0x78, 0x77, 0x77, 0x75, 0x73, 0x74, 0x72, 0x71,
  0x70, 0x6e, 0x6f, 0x6e, 0x6e, 0x6d, 0x6c, 0x6e, 0x6e, 0x6d, 0x6e, 0x6c,
  0x6e, 0x70, 0x6f, 0x6f, 0x6e, 0x70, 0x71, 0x72, 0x72, 0x70, 0x71, 0x72,
  0x72, 0x71, 0x6e, 0x6d, 0x6d, 0x70, 0x76, 0x7e, 0x88, 0x8d, 0x92, 0x94,
  0x95, 0x99, 0x9c, 0xa2, 0xa6, 0xa9, 0xae, 0xb0, 0xb3, 0xb6, 0xb9, 0xbe,
  0xc0, 0xc1, 0xbf, 0xbb, 0xb8, 0xb6, 0xb3, 0xb4, 0xb3, 0xb3, 0xb3, 0xaf,
  0xac, 0xa7, 0x9f, 0x9c, 0x98, 0x93, 0x91, 0x8b, 0x88, 0x84, 0x80, 0x7e,
  0x7a, 0x78, 0x75, 0x73, 0x70, 0x6d, 0x6c, 0x6a, 0x69, 0x69, 0x67, 0x68,
  0x69, 0x69, 0x6a, 0x69, 0x69, 0x6a, 0x6b, 0x6c, 0x6d, 0x6d, 0x6f, 0x6f,
  0x70, 0x70, 0x70, 0x70, 0x70, 0x71, 0x72, 0x71, 0x71, 0x71, 0x71, 0x72,
  0x71, 0x71, 0x70, 0x70, 0x70, 0x6f, 0x6f, 0x6f, 0x6e, 0x6e, 0x6e, 0x6e,
  0x6e, 0x6d, 0x6d, 0x6c, 0x6c, 0x6d, 0x6d, 0x6d, 0x6d, 0x6d, 0x6d, 0x6e,
  0x6e, 0x6f, 0x6f, 0x6f, 0x6f, 0x70, 0x70, 0x71, 0x71, 0x71, 0x72, 0x73,
  0x73, 0x73, 0x73, 0x75, 0x75, 0x75, 0x75, 0x73, 0x73, 0x74, 0x78, 0x7e,
  0x83, 0x88, 0x8b, 0x8b, 0x8b, 0x8c, 0x8d, 0x8f, 0x91, 0x93, 0x94, 0x95,
  0x96, 0x97, 0x98, 0x99, 0x9b, 0x9b, 0x9b, 0x9a, 0x99, 0x98, 0x98, 0x98,
  0x97, 0x96, 0x96, 0x96, 0x96, 0x95, 0x95, 0x94, 0x93, 0x92, 0x91, 0x8f,
  0x8f, 0x8e, 0x8e, 0x8e, 0x8d, 0x8c, 0x8b, 0x8a, 0x89, 0x89, 0x88, 0x87,
  0x86, 0x85, 0x84, 0x83, 0x82, 0x81, 0x81, 0x80, 0x80, 0x7f, 0x7e, 0x7d,
  0x7c, 0x7a, 0x7a, 0x79, 0x79, 0x78, 0x78, 0x77, 0x76, 0x76, 0x76, 0x75,
  0x75, 0x74, 0x74, 0x73, 0x73, 0x73, 0x72, 0x72, 0x72, 0x71, 0x71, 0x70,
  0x70, 0x71, 0x71, 0x70, 0x70, 0x70, 0x70, 0x70, 0x70, 0x70, 0x71, 0x71,
  0x70, 0x70, 0x70, 0x70, 0x70, 0x71, 0x71, 0x71, 0x71, 0x71, 0x71, 0x71,
  0x71, 0x72, 0x72, 0x73, 0x75, 0x75, 0x76, 0x77, 0x77, 0x78, 0x79, 0x7a,
  0x7b, 0x7c, 0x7d, 0x7e, 0x7f, 0x7f, 0x80, 0x82, 0x83, 0x84, 0x85, 0x85,
  0x86, 0x87, 0x87, 0x88, 0x89, 0x8a, 0x8b, 0x8c, 0x8d, 0x8d, 0x8e, 0x8e,
  0x8f, 0x8f, 0x90, 0x90, 0x91, 0x91, 0x91, 0x92, 0x92, 0x92, 0x92, 0x92,
  0x92, 0x92, 0x92, 0x92, 0x92, 0x91, 0x91, 0x91, 0x91, 0x90, 0x90, 0x8f,
  0x8f, 0x8e, 0x8e, 0x8d, 0x8d, 0x8c, 0x8b, 0x8b, 0x8a, 0x89, 0x88, 0x88,
  0x87, 0x86, 0x85, 0x84, 0x83, 0x83, 0x82, 0x81, 0x81, 0x80, 0x7f, 0x7e,
  0x7e, 0x7d, 0x7c, 0x7c, 0x7b, 0x7b, 0x7a, 0x79, 0x79, 0x78, 0x78, 0x77,
  0x77, 0x77, 0x76, 0x76, 0x75, 0x75, 0x74, 0x74, 0x74, 0x74, 0x73, 0x73,
  0x73, 0x73, 0x73, 0x73, 0x73, 0x73, 0x73, 0x73, 0x73, 0x73, 0x73, 0x73,
  0x73, 0x73, 0x73, 0x73, 0x73, 0x73, 0x73, 0x74, 0x74, 0x75, 0x75, 0x75,
  0x75, 0x74, 0x75, 0x76, 0x77, 0x78, 0x78, 0x78, 0x79, 0x79, 0x7a, 0x7c,
  0x7c, 0x7d, 0x7d, 0x7d, 0x7e, 0x7f, 0x80, 0x81, 0x81, 0x82, 0x83, 0x84,
  0x85, 0x86, 0x87, 0x87, 0x87, 0x88, 0x87, 0x88, 0x8a, 0x8b, 0x8b, 0x8b,
  0x8b, 0x8d, 0x8e, 0x8f, 0x90, 0x8f, 0x8f, 0x8e, 0x8e, 0x8e, 0x90, 0x90,
  0x92, 0x92, 0x92, 0x91, 0x90, 0x8e, 0x8e, 0x8e, 0x8e, 0x8e, 0x8e, 0x8d,
  0x8d, 0x8e, 0x8d, 0x8d, 0x8c, 0x8c, 0x8b, 0x8a, 0x89, 0x88, 0x88, 0x88,
  0x87, 0x86, 0x84, 0x82, 0x82, 0x82, 0x82, 0x82, 0x82, 0x81, 0x80, 0x7f,
  0x7e, 0x7d, 0x7d, 0x7b, 0x7a, 0x7b, 0x7a, 0x7a, 0x7a, 0x79, 0x79, 0x78,
  0x77, 0x77, 0x76, 0x76, 0x76, 0x75, 0x74, 0x74, 0x74, 0x74, 0x74, 0x73,
  0x72, 0x71, 0x72, 0x72, 0x6f, 0x6f, 0x71, 0x72, 0x72, 0x71, 0x70, 0x6f,
  0x6f, 0x72, 0x71, 0x71, 0x71, 0x72, 0x72, 0x71, 0x73, 0x72, 0x70, 0x71,
  0x70, 0x71, 0x72, 0x71, 0x72, 0x6f, 0x6f, 0x70, 0x71, 0x72, 0x70, 0x6f,
  0x6f, 0x70, 0x73, 0x76, 0x79, 0x7a, 0x7d, 0x7f, 0x81, 0x82, 0x81, 0x83,
  0x84, 0x86, 0x89, 0x8a, 0x8d, 0x90, 0x94, 0x98, 0x99, 0x9a, 0x9a, 0x9c,
  0x9f, 0xa0, 0x9f, 0x9e, 0x9d, 0xa0, 0xa2, 0xa4, 0xa5, 0xa5, 0xa6, 0xa6,
  0xa4, 0xa1, 0x9d, 0x9a, 0x9b, 0x9c, 0x9a, 0x99, 0x97, 0x95, 0x97, 0x95,
  0x91, 0x8e, 0x8a, 0x8a, 0x8b, 0x89, 0x88, 0x84, 0x82, 0x83, 0x83, 0x83,
  0x7f, 0x7d, 0x7d, 0x7c, 0x7d, 0x7c, 0x7b, 0x7c, 0x7a, 0x7a, 0x79, 0x77,
  0x76, 0x75, 0x75, 0x76, 0x77, 0x79, 0x76, 0x75, 0x72, 0x70, 0x73, 0x73,
  0x73, 0x71, 0x6e, 0x6e, 0x6f, 0x70, 0x70, 0x6e, 0x6c, 0x6c, 0x6c, 0x6b,
  0x69, 0x68, 0x68, 0x6b, 0x6c, 0x6a, 0x67, 0x65, 0x67, 0x6b, 0x6b, 0x69,
  0x67, 0x66, 0x69, 0x6b, 0x6a, 0x69, 0x69, 0x6b, 0x6d, 0x6c, 0x6a, 0x6a,
  0x6c, 0x6f, 0x70, 0x6e, 0x6b, 0x6b, 0x6e, 0x71, 0x71, 0x6d, 0x6b, 0x6c,
  0x6e, 0x6d, 0x68, 0x65, 0x65, 0x6c, 0x74, 0x7a, 0x7f, 0x83, 0x89, 0x8d,
  0x8e, 0x8f, 0x91, 0x97, 0x9d, 0xa0, 0xa4, 0xa6, 0xac, 0xb3, 0xb7, 0xbd,
  0xbe, 0xbd, 0xbb, 0xb4, 0xb2, 0xb0, 0xb1, 0xb3, 0xb2, 0xb2, 0xb1, 0xb0,
  0xae, 0xa8, 0xa5, 0xa1, 0x9e, 0x99, 0x90, 0x8a, 0x87, 0x8a, 0x8f, 0x8d,
  0x8a, 0x86, 0x84, 0x85, 0x82, 0x7e, 0x7a, 0x7a, 0x7d, 0x7e, 0x7c, 0x7a,
  0x79, 0x7d, 0x82, 0x82, 0x7e, 0x79, 0x78, 0x7a, 0x7b, 0x7a, 0x78, 0x76,
  0x78, 0x79, 0x77, 0x74, 0x71, 0x71, 0x72, 0x6f, 0x6d, 0x69, 0x68, 0x6a,
  0x69, 0x69, 0x67, 0x65, 0x67, 0x66, 0x65, 0x64, 0x61, 0x64, 0x66, 0x66,
  0x65, 0x63, 0x65, 0x67, 0x69, 0x69, 0x66, 0x66, 0x68, 0x6a, 0x6d, 0x6b,
  0x6a, 0x6b, 0x6d, 0x70, 0x6f, 0x6d, 0x6e, 0x70, 0x72, 0x72, 0x71, 0x70,
  0x71, 0x73, 0x74, 0x73, 0x71, 0x71, 0x71, 0x72, 0x72, 0x6f, 0x6e, 0x6c,
  0x6a, 0x69, 0x69, 0x71, 0x7b, 0x86, 0x8d, 0x8f, 0x91, 0x95, 0x9b, 0xa0,
  0xa1, 0xa3, 0xa9, 0xaf, 0xb6, 0xb9, 0xba, 0xbf, 0xc7, 0xcd, 0xcc, 0xc4,
  0xba, 0xb5, 0xb4, 0xb3, 0xb2, 0xae, 0xab, 0xac, 0xa8, 0xa4, 0x9d, 0x96,
  0x93, 0x8f, 0x88, 0x81, 0x79, 0x77, 0x79, 0x7b, 0x7d, 0x7c, 0x7a, 0x77,
  0x76, 0x75, 0x74, 0x74, 0x74, 0x76, 0x78, 0x79, 0x7b, 0x7b, 0x7d, 0x7f,
  0x80, 0x7f, 0x7b, 0x79, 0x79, 0x79, 0x7b, 0x7a, 0x78, 0x78, 0x77, 0x76,
  0x73, 0x6e, 0x6c, 0x6b, 0x6a, 0x68, 0x65, 0x64, 0x65, 0x67, 0x65, 0x63,
  0x61, 0x62, 0x64, 0x63, 0x61, 0x60, 0x62, 0x67, 0x6a, 0x69, 0x66, 0x67,
  0x6c, 0x70, 0x71, 0x6d, 0x6b, 0x6f, 0x74, 0x77, 0x75, 0x72, 0x74, 0x78,
  0x7b, 0x7b, 0x75, 0x74, 0x77, 0x7b, 0x7c, 0x78, 0x75, 0x76, 0x7a, 0x7b,
  0x79, 0x75, 0x73, 0x76, 0x77, 0x75, 0x72, 0x70, 0x71, 0x71, 0x6d, 0x6a,
  0x6b, 0x74, 0x81, 0x8b, 0x8f, 0x91, 0x95, 0x9b, 0xa1, 0xa4, 0xa4, 0xa8,
  0xae, 0xb4, 0xb8, 0xb9, 0xbd, 0xc5, 0xcc, 0xcf, 0xc9, 0xc1, 0xba, 0xb7,
  0xb5, 0xb2, 0xb0, 0xac, 0xac, 0xab, 0xa5, 0x9f, 0x98, 0x94, 0x91, 0x89,
  0x80, 0x77, 0x72, 0x74, 0x76, 0x77, 0x76, 0x74, 0x74, 0x73, 0x70, 0x6c,
  0x6b, 0x6e, 0x70, 0x72, 0x72, 0x72, 0x76, 0x7b, 0x7d, 0x7d, 0x7a, 0x7a,
  0x7a, 0x78, 0x77, 0x77, 0x78, 0x7a, 0x7a, 0x78, 0x75, 0x73, 0x73, 0x71,
  0x6e, 0x6a, 0x68, 0x68, 0x67, 0x66, 0x65, 0x65, 0x66, 0x67, 0x65, 0x62,
  0x61, 0x62, 0x64, 0x66, 0x65, 0x65, 0x66, 0x69, 0x6d, 0x6d, 0x6d, 0x6c,
  0x6d, 0x71, 0x72, 0x72, 0x72, 0x72, 0x76, 0x79, 0x7a, 0x79, 0x78, 0x79,
  0x7a, 0x7c, 0x7b, 0x79, 0x79, 0x7b, 0x7c, 0x7c, 0x7a, 0x79, 0x7a, 0x7a,
  0x7a, 0x77, 0x75, 0x77, 0x76, 0x74, 0x74, 0x71, 0x72, 0x70, 0x6b, 0x69,
  0x6c, 0x75, 0x80, 0x87, 0x8a, 0x8e, 0x94, 0x9a, 0x9f, 0xa0, 0xa0, 0xa7,
  0xae, 0xb3, 0xb5, 0xb5, 0xbc, 0xc5, 0xcc, 0xcf, 0xc8, 0xc0, 0xbc, 0xba,
  0xba, 0xb6, 0xb1, 0xaf, 0xad, 0xac, 0xa8, 0xa2, 0x9c, 0x97, 0x93, 0x8b,
  0x81, 0x79, 0x74, 0x73, 0x75, 0x76, 0x76, 0x74, 0x71, 0x6f, 0x6e, 0x6d,
  0x6d, 0x6c, 0x6c, 0x6e, 0x6f, 0x71, 0x74, 0x77, 0x7a, 0x7b, 0x7b, 0x79,
  0x77, 0x78, 0x78, 0x79, 0x79, 0x79, 0x79, 0x78, 0x78, 0x77, 0x75, 0x73,
  0x70, 0x6e, 0x6d, 0x6c, 0x6a, 0x68, 0x6a, 0x6a, 0x6c, 0x6b, 0x67, 0x66,
  0x67, 0x69, 0x6b, 0x67, 0x67, 0x68, 0x6b, 0x6f, 0x6d, 0x6d, 0x6d, 0x6e,
  0x73, 0x72, 0x70, 0x70, 0x71, 0x76, 0x77, 0x76, 0x75, 0x74, 0x78, 0x7a,
  0x79, 0x78, 0x76, 0x79, 0x7a, 0x7a, 0x79, 0x77, 0x78, 0x7a, 0x79, 0x78,
  0x76, 0x76, 0x77, 0x76, 0x75, 0x73, 0x72, 0x73, 0x73, 0x71, 0x6f, 0x6c,
  0x6c, 0x6a, 0x69, 0x6e, 0x74, 0x7d, 0x84, 0x86, 0x8a, 0x8e, 0x92, 0x99,
  0x9a, 0x9d, 0xa2, 0xa5, 0xab, 0xaf, 0xb2, 0xba, 0xbf, 0xc3, 0xc5, 0xc0,
  0xbd, 0xbb, 0xb9, 0xba, 0xb9, 0xb5, 0xb3, 0xb0, 0xaf, 0xaf, 0xac, 0xa8,
  0xa2, 0x9c, 0x97, 0x91, 0x8a, 0x87, 0x85, 0x85, 0x86, 0x82, 0x7f, 0x7c,
  0x7a, 0x7c, 0x79, 0x75, 0x74, 0x72, 0x73, 0x73, 0x72, 0x75, 0x76, 0x77,
  0x77, 0x75, 0x75, 0x74, 0x75, 0x75, 0x74, 0x74, 0x74, 0x74, 0x75, 0x74,
  0x73, 0x73, 0x74, 0x73, 0x70, 0x6e, 0x6d, 0x6f, 0x70, 0x6f, 0x6d, 0x6d,
  0x6d, 0x6f, 0x6e, 0x6c, 0x6b, 0x6b, 0x6d, 0x6e, 0x6c, 0x6b, 0x6b, 0x6d,
  0x70, 0x6f, 0x6d, 0x6c, 0x6d, 0x70, 0x70, 0x6f, 0x6e, 0x6e, 0x71, 0x72,
  0x71, 0x70, 0x6f, 0x72, 0x73, 0x74, 0x73, 0x70, 0x72, 0x74, 0x74, 0x75,
  0x72, 0x73, 0x74, 0x73, 0x74, 0x73, 0x71, 0x72, 0x72, 0x73, 0x73, 0x70,
  0x70, 0x6f, 0x6f, 0x70, 0x6d, 0x6c, 0x6b, 0x6c, 0x6f, 0x72, 0x76, 0x7a,
  0x7d, 0x82, 0x84, 0x87, 0x89, 0x8b, 0x8f, 0x92, 0x95, 0x99, 0x9c, 0xa1,
  0xa7, 0xab, 0xae, 0xad, 0xad, 0xae, 0xae, 0xaf, 0xaf, 0xaf, 0xaf, 0xaf,
  0xaf, 0xb0, 0xb1, 0xb0, 0xaf, 0xac, 0xa9, 0xa5, 0xa2, 0xa0, 0x9e, 0x9d,
  0x9b, 0x99, 0x97, 0x95, 0x94, 0x92, 0x90, 0x8e, 0x8a, 0x88, 0x86, 0x85,
  0x85, 0x84, 0x83, 0x82, 0x80, 0x80, 0x7e, 0x7e, 0x7d, 0x7c, 0x7c, 0x7a,
  0x79, 0x79, 0x78, 0x79, 0x78, 0x77, 0x76, 0x74, 0x75, 0x73, 0x72, 0x73,
  0x73, 0x73, 0x70, 0x70, 0x71, 0x70, 0x70, 0x6f, 0x6e, 0x6f, 0x6d, 0x6d,
  0x6e, 0x6d, 0x6d, 0x6d, 0x6e, 0x6d, 0x6c, 0x6c, 0x6c, 0x6e, 0x6d, 0x6c,
  0x6d, 0x6c, 0x6d, 0x6e, 0x6e, 0x6d, 0x6e, 0x6e, 0x6f, 0x70, 0x6f, 0x6e,
  0x70, 0x70, 0x6f, 0x71, 0x70, 0x6f, 0x71, 0x70, 0x72, 0x71, 0x70, 0x71,
  0x72, 0x71, 0x70, 0x71, 0x70, 0x6e, 0x70, 0x6f, 0x6e, 0x71, 0x6f, 0x6f,
  0x72, 0x72, 0x76, 0x73, 0x72, 0x77, 0x7a, 0x79, 0x78, 0x7c, 0x7f, 0x7f,
  0x81, 0x83, 0x87, 0x89, 0x88, 0x8b, 0x8d, 0x8f, 0x8f, 0x8e, 0x92, 0x96,
  0x95, 0x95, 0x99, 0x9b, 0x9a, 0x9b, 0x9b, 0x9f, 0xa0, 0x9c, 0x9c, 0x9c,
  0x9d, 0x9d, 0x9b, 0x9d, 0x9c, 0x9a, 0x9d, 0x9a, 0x98, 0x9a, 0x98, 0x96,
  0x9a, 0x97, 0x91, 0x94, 0x95, 0x92, 0x91, 0x91, 0x91, 0x90, 0x90, 0x8d,
  0x8d, 0x8f, 0x8c, 0x8b, 0x8a, 0x8a, 0x8b, 0x85, 0x84, 0x8b, 0x88, 0x81,
  0x84, 0x89, 0x84, 0x80, 0x81, 0x80, 0x85, 0x81, 0x78, 0x7f, 0x82, 0x79,
  0x79, 0x7d, 0x79, 0x78, 0x7b, 0x79, 0x74, 0x78, 0x7a, 0x71, 0x73, 0x77,
  0x74, 0x75, 0x71, 0x72, 0x76, 0x6e, 0x73, 0x74, 0x6f, 0x73, 0x70, 0x70,
  0x75, 0x6e, 0x6c, 0x75, 0x72, 0x6c, 0x73, 0x70, 0x6c, 0x73, 0x6f, 0x6d,
  0x73, 0x73, 0x6c, 0x6d, 0x78, 0x6b, 0x6c, 0x77, 0x6a, 0x6d, 0x76, 0x6d,
  0x6c, 0x70, 0x72, 0x6f, 0x70, 0x6d, 0x6e, 0x75, 0x6b, 0x6d, 0x74, 0x6f,
  0x6f, 0x70, 0x80, 0x7d, 0x68, 0x79, 0x7c, 0x6f, 0x80, 0x76, 0x6f, 0x8b,
  0x7d, 0x70, 0x8b, 0x84, 0x7a, 0x86, 0x80, 0x85, 0x8e, 0x7a, 0x7b, 0x96,
  0x89, 0x80, 0x91, 0x86, 0x87, 0x98, 0x84, 0x87, 0x99, 0x88, 0x88, 0x90,
  0x8c, 0x93, 0x8f, 0x89, 0x8f, 0x94, 0x93, 0x89, 0x8f, 0x94, 0x8b, 0x92,
  0x92, 0x86, 0x95, 0x9c, 0x7f, 0x8e, 0xa1, 0x82, 0x8b, 0x98, 0x86, 0x8e,
  0x95, 0x82, 0x88, 0xa2, 0x80, 0x80, 0xa0, 0x7f, 0x90, 0x8a, 0x79, 0xa4,
  0x7b, 0x7c, 0x9c, 0x7c, 0x86, 0x88, 0x89, 0x84, 0x80, 0x8e, 0x76, 0x8e,
  0x85, 0x70, 0x99, 0x73, 0x7b, 0x96, 0x6c, 0x81, 0x88, 0x79, 0x7e, 0x80,
  0x80, 0x6f, 0x88, 0x81, 0x6a, 0x86, 0x7b, 0x7d, 0x76, 0x73, 0x8e, 0x6c,
  0x74, 0x8a, 0x70, 0x78, 0x7b, 0x7c, 0x73, 0x79, 0x80, 0x6c, 0x83, 0x76,
  0x6f, 0x85, 0x70, 0x7a, 0x7a, 0x77, 0x79, 0x72, 0x84, 0x6f, 0x72, 0x84,
  0x78, 0x72, 0x72, 0x88, 0x71, 0x72, 0x8a, 0x64, 0x83, 0x84, 0x64, 0x85,
  0x7a, 0x70, 0x78, 0x80, 0x7a, 0x6c, 0x85, 0x73, 0x78, 0x85, 0x6a, 0x88,
  0x75, 0x6f, 0x90, 0x69, 0x79, 0x8b, 0x69, 0x7d, 0x8a, 0x72, 0x7e, 0x89,
  0x72, 0x7f, 0x8a, 0x80, 0x79, 0x79, 0x96, 0x75, 0x72, 0x99, 0x74, 0x86,
  0x85, 0x75, 0x96, 0x81, 0x7a, 0x7f, 0x98, 0x7f, 0x6d, 0xaa, 0x6c, 0x7e,
  0xa9, 0x60, 0x94, 0x95, 0x76, 0x8c, 0x81, 0x91, 0x7f, 0x8a, 0x86, 0x7c,
  0x9e, 0x74, 0x89, 0x98, 0x73, 0x92, 0x89, 0x7f, 0x87, 0x8f, 0x8a, 0x72,
  0x9b, 0x89, 0x6b, 0x9e, 0x87, 0x75, 0x91, 0x83, 0x81, 0x8b, 0x83, 0x80,
  0x87, 0x85, 0x7d, 0x8c, 0x80, 0x76, 0x98, 0x78, 0x76, 0x9d, 0x6e, 0x7f,
  0x95, 0x6c, 0x87, 0x88, 0x79, 0x82, 0x7f, 0x85, 0x7a, 0x84, 0x7d, 0x78,
  0x90, 0x71, 0x7c, 0x8b, 0x75, 0x83, 0x7b, 0x85, 0x7c, 0x74, 0x92, 0x6d,
  0x7e, 0x90, 0x6a, 0x83, 0x81, 0x7d, 0x7e, 0x74, 0x8a, 0x77, 0x7d, 0x81,
  0x71, 0x8e, 0x6f, 0x79, 0x96, 0x64, 0x86, 0x88, 0x65, 0x8f, 0x78, 0x74,
  0x8d, 0x6e, 0x81, 0x84, 0x75, 0x82, 0x7c, 0x7f, 0x77, 0x87, 0x80, 0x6a,
  0x94, 0x77, 0x6f, 0x92, 0x74, 0x7f, 0x7e, 0x7a, 0x86, 0x75, 0x86, 0x79,
  0x7b, 0x89, 0x70, 0x89, 0x7e, 0x74, 0x8b, 0x78, 0x81, 0x7a, 0x83, 0x88,
  0x67, 0x92, 0x81, 0x6e, 0x91, 0x71, 0x85, 0x86, 0x6f, 0x8e, 0x7c, 0x7b,
  0x81, 0x7f, 0x87, 0x79, 0x85, 0x7d, 0x7d, 0x86, 0x7b, 0x86, 0x80, 0x88,
  0x7d, 0x79, 0x97, 0x73, 0x80, 0x90, 0x70, 0x8a, 0x84, 0x7a, 0x87, 0x80,
  0x82, 0x80, 0x89, 0x7c, 0x7c, 0x8e, 0x75, 0x85, 0x89, 0x76, 0x8c, 0x7f,
  0x7c, 0x89, 0x7c, 0x80, 0x80, 0x81, 0x85, 0x7b, 0x7f, 0x86, 0x81, 0x7e,
  0x7f, 0x82, 0x80, 0x7c, 0x86, 0x81, 0x79, 0x87, 0x7e, 0x7e, 0x88, 0x7b,
  0x80, 0x82, 0x82, 0x7d, 0x7a, 0x8a, 0x7b, 0x7b, 0x86, 0x7c, 0x84, 0x76,
  0x85, 0x8c, 0x6b, 0x8a, 0x85, 0x70, 0x8f, 0x7d, 0x77, 0x89, 0x7f, 0x7f,
  0x80, 0x81, 0x81, 0x7a, 0x87, 0x7d, 0x76, 0x94, 0x75, 0x75, 0x97, 0x72,
  0x81, 0x88, 0x74, 0x8b, 0x7b, 0x82, 0x80, 0x7b, 0x90, 0x71, 0x83, 0x87,
  0x78, 0x88, 0x76, 0x88, 0x80, 0x76, 0x8d, 0x78, 0x83, 0x82, 0x7c, 0x7f,
  0x80, 0x91, 0x65, 0x89, 0x97, 0x55, 0x9c, 0x88, 0x5f, 0x9b, 0x77, 0x79,
  0x89, 0x78, 0x83, 0x7d, 0x86, 0x75, 0x82, 0x90, 0x67, 0x90, 0x88, 0x66,
  0x97, 0x7e, 0x6e, 0x8f, 0x7e, 0x79, 0x85, 0x81, 0x7d, 0x82, 0x84, 0x77,
  0x87, 0x86, 0x71, 0x89, 0x83, 0x78, 0x84, 0x7c, 0x85, 0x7e, 0x7c, 0x89,
  0x75, 0x85, 0x86, 0x71, 0x88, 0x87, 0x77, 0x7f, 0x87, 0x7b, 0x7d, 0x85,
  0x78, 0x86, 0x82, 0x79, 0x87, 0x7d, 0x84, 0x81, 0x74, 0x8c, 0x84, 0x71,
  0x87, 0x83, 0x78, 0x88, 0x7c, 0x80, 0x89, 0x74, 0x84, 0x86, 0x75, 0x84,
  0x87, 0x77, 0x80, 0x8e, 0x74, 0x7f, 0x8e, 0x70, 0x88, 0x85, 0x6e, 0x91,
  0x7f, 0x72, 0x91, 0x7e, 0x73, 0x88, 0x84, 0x77, 0x82, 0x87, 0x76, 0x82,
  0x88, 0x76, 0x83, 0x86, 0x77, 0x85, 0x82, 0x7b, 0x86, 0x7d, 0x7d, 0x7f,
  0x80, 0x83, 0x77, 0x82, 0x87, 0x77, 0x83, 0x85, 0x78, 0x83, 0x80, 0x7f,
  0x84, 0x78, 0x87, 0x81, 0x76, 0x90, 0x76, 0x7f, 0x8c, 0x71, 0x8f, 0x76,
  0x7b, 0x92, 0x6b, 0x89, 0x81, 0x7b, 0x8d, 0x70, 0x88, 0x86, 0x7a, 0x7d,
  0x81, 0x8c, 0x6f, 0x8a, 0x85, 0x6b, 0x94, 0x7a, 0x79, 0x88, 0x75, 0x88,
  0x80, 0x7a, 0x86, 0x83, 0x76, 0x85, 0x89, 0x6a, 0x8f, 0x85, 0x69, 0x98,
  0x77, 0x75, 0x95, 0x6f, 0x81, 0x90, 0x70, 0x81, 0x8f, 0x70, 0x81, 0x8f,
  0x6f, 0x85, 0x87, 0x75, 0x84, 0x80, 0x83, 0x7d, 0x82, 0x85, 0x78, 0x87,
  0x78, 0x81, 0x89, 0x6e, 0x8b, 0x84, 0x77, 0x86, 0x78, 0x8b, 0x7a, 0x74,
  0x98, 0x75, 0x76, 0x90, 0x7d, 0x7e, 0x7c, 0x88, 0x7e, 0x74, 0x90, 0x79,
  0x7a, 0x8c, 0x75, 0x83, 0x83, 0x7d, 0x84, 0x7e, 0x7d, 0x81, 0x88, 0x75,
  0x80, 0x8c, 0x71, 0x87, 0x8a, 0x75, 0x83, 0x85, 0x79, 0x7c, 0x8d, 0x73,
  0x7c, 0x92, 0x71, 0x83, 0x86, 0x78, 0x84, 0x82, 0x81, 0x75, 0x8c, 0x7f,
  0x72, 0x97, 0x6f, 0x7f, 0x91, 0x70, 0x89, 0x80, 0x7d, 0x7f, 0x81, 0x83,
  0x74, 0x92, 0x73, 0x78, 0x99, 0x68, 0x86, 0x8b, 0x74, 0x89, 0x7b, 0x8a,
  0x79, 0x7a, 0x93, 0x68, 0x82, 0x95, 0x6b, 0x81, 0x8e, 0x76, 0x7d, 0x88,
  0x7a, 0x7f, 0x87, 0x78, 0x84, 0x87, 0x75, 0x84, 0x88, 0x79, 0x80, 0x82,
  0x7e, 0x80, 0x7f, 0x83, 0x7d, 0x81, 0x7e, 0x7e, 0x8d, 0x71, 0x7f, 0x8e,
  0x71, 0x88, 0x81, 0x78, 0x85, 0x80, 0x82, 0x77, 0x8b, 0x7d, 0x70, 0x95,
  0x79, 0x78, 0x8d, 0x7e, 0x77, 0x87, 0x8c, 0x66, 0x8e, 0x8e, 0x5d, 0x98,
  0x83, 0x6c, 0x94, 0x78, 0x7e, 0x87, 0x7c, 0x82, 0x7f, 0x81, 0x7f, 0x80,
  0x7f, 0x81, 0x7f, 0x80, 0x80, 0x7b, 0x8e, 0x77, 0x7b, 0x8d, 0x72, 0x89,
  0x7e, 0x7b, 0x88, 0x79, 0x8a, 0x71, 0x8b, 0x89, 0x66, 0x9b, 0x73, 0x78,
  0x94, 0x6d, 0x92, 0x78, 0x79, 0x94, 0x6e, 0x85, 0x80, 0x7f, 0x7e, 0x77,
  0x95, 0x71, 0x7f, 0x8d, 0x71, 0x8d, 0x79, 0x79, 0x8e, 0x75, 0x7e, 0x86,
  0x7f, 0x7e, 0x84, 0x80, 0x7b, 0x87, 0x7f, 0x7a, 0x82, 0x84, 0x7c, 0x7c,
  0x86, 0x7f, 0x7d, 0x80, 0x84, 0x7e, 0x7c, 0x87, 0x76, 0x84, 0x88, 0x72,
  0x8c, 0x7e, 0x7b, 0x89, 0x77, 0x89, 0x7d, 0x77, 0x8c, 0x79, 0x7f, 0x84,
  0x7a, 0x87, 0x7d, 0x79, 0x8c, 0x7e, 0x77, 0x84, 0x84, 0x7f, 0x79, 0x8a,
  0x7f, 0x76, 0x91, 0x74, 0x7f, 0x8d, 0x6e, 0x8c, 0x81, 0x75, 0x8d, 0x73,
  0x83, 0x89, 0x71, 0x87, 0x85, 0x76, 0x85, 0x85, 0x7d, 0x7e, 0x81, 0x82,
  0x7e, 0x80, 0x80, 0x82, 0x83, 0x79, 0x87, 0x81, 0x77, 0x89, 0x79, 0x7e,
  0x88, 0x75, 0x85, 0x82, 0x78, 0x84, 0x84, 0x7e, 0x7a, 0x88, 0x80, 0x77,
  0x89, 0x7f, 0x7d, 0x83, 0x7f, 0x84, 0x7f, 0x7c, 0x80, 0x89, 0x7d, 0x78,
  0x8a, 0x79, 0x7f, 0x85, 0x77, 0x87, 0x7e, 0x7b, 0x86, 0x7e, 0x82, 0x7d,
  0x80, 0x86, 0x7c, 0x7f, 0x82, 0x7e, 0x83, 0x83, 0x7a, 0x81, 0x83, 0x7b,
  0x81, 0x82, 0x7a, 0x81, 0x86, 0x76, 0x85, 0x89, 0x6e, 0x89, 0x84, 0x72,
  0x8d, 0x7b, 0x7a, 0x89, 0x80, 0x7d, 0x7d, 0x8d, 0x77, 0x7a, 0x8e, 0x72,
  0x86, 0x85, 0x74, 0x88, 0x81, 0x7f, 0x7d, 0x83, 0x82, 0x77, 0x87, 0x7c,
  0x81, 0x84, 0x77, 0x89, 0x7c, 0x81, 0x87, 0x77, 0x88, 0x7d, 0x81, 0x88,
  0x71, 0x8a, 0x85, 0x75, 0x89, 0x82, 0x7b, 0x80, 0x81, 0x7e, 0x88, 0x7c,
  0x71, 0x93, 0x7c, 0x6f, 0x92, 0x7b, 0x77, 0x8b, 0x7d, 0x79, 0x88, 0x7d,
  0x75, 0x92, 0x7c, 0x72, 0x91, 0x7a, 0x7d, 0x89, 0x78, 0x82, 0x85, 0x7c,
  0x7b, 0x8b, 0x7b, 0x71, 0x93, 0x7b, 0x76, 0x8d, 0x78, 0x84, 0x83, 0x78,
  0x88, 0x7f, 0x7b, 0x7e, 0x86, 0x81, 0x76, 0x87, 0x81, 0x7e, 0x87, 0x75,
  0x81, 0x8b, 0x76, 0x7f, 0x8a, 0x79, 0x7b, 0x89, 0x7f, 0x7b, 0x88, 0x7c,
  0x7a, 0x8d, 0x78, 0x74, 0x8e, 0x7a, 0x7c, 0x89, 0x78, 0x83, 0x84, 0x7b,
  0x84, 0x82, 0x7b, 0x7e, 0x86, 0x7c, 0x7e, 0x83, 0x7c, 0x87, 0x80, 0x7c,
  0x83, 0x7b, 0x84, 0x82, 0x79, 0x81, 0x83, 0x7d, 0x7e, 0x84, 0x7a, 0x80,
  0x81, 0x7e, 0x85, 0x7b, 0x83, 0x80, 0x7f, 0x87, 0x75, 0x86, 0x82, 0x79,
  0x89, 0x7f, 0x86, 0x7b, 0x7e, 0x8c, 0x76, 0x83, 0x83, 0x7c, 0x85, 0x7c,
  0x83, 0x7c, 0x7f, 0x88, 0x75, 0x84, 0x85, 0x76, 0x83, 0x7e, 0x7f, 0x89,
  0x7a, 0x7c, 0x88, 0x7e, 0x7a, 0x84, 0x81, 0x79, 0x83, 0x82, 0x7a, 0x85,
  0x7c, 0x78, 0x88, 0x80, 0x7b, 0x83, 0x7f, 0x80, 0x83, 0x82, 0x81, 0x7f,
  0x7f, 0x81, 0x81, 0x7d, 0x7d, 0x84, 0x80, 0x7e, 0x84, 0x81, 0x81, 0x81,
  0x7b, 0x84, 0x82, 0x76, 0x82, 0x86, 0x7b, 0x80, 0x82, 0x81, 0x82, 0x7d,
  0x7e, 0x80, 0x7f, 0x7c, 0x7e, 0x83, 0x7c, 0x83, 0x82, 0x7c, 0x87, 0x7e,
  0x7e, 0x80, 0x7b, 0x85, 0x7d, 0x81, 0x84, 0x7b, 0x85, 0x7f, 0x7f, 0x82,
  0x7d, 0x82, 0x7c, 0x80, 0x86, 0x7d, 0x80, 0x83, 0x81, 0x81, 0x7f, 0x7d,
  0x7f, 0x7f, 0x81, 0x82, 0x7f, 0x80, 0x7e, 0x81, 0x82, 0x7d, 0x83, 0x7e,
  0x7d, 0x83, 0x7c, 0x81, 0x80, 0x7f, 0x85, 0x82, 0x82, 0x7d, 0x82, 0x86,
  0x7b, 0x82, 0x80, 0x7f, 0x82, 0x79, 0x85, 0x85, 0x80, 0x82, 0x7d, 0x84,
  0x7b, 0x79, 0x84, 0x7e, 0x80, 0x7b, 0x80, 0x85, 0x7a, 0x7f, 0x84, 0x82,
  0x7c, 0x7c, 0x83, 0x79, 0x7e, 0x82, 0x80, 0x85, 0x7e, 0x7e, 0x84, 0x7d,
  0x7c, 0x84, 0x81, 0x7c, 0x85, 0x80, 0x7f, 0x87, 0x80, 0x81, 0x86, 0x83,
  0x7e, 0x82, 0x82, 0x7d, 0x86, 0x81, 0x7c, 0x85, 0x7d, 0x80, 0x85, 0x7b,
  0x7f, 0x80, 0x80, 0x82, 0x7d, 0x82, 0x80, 0x7f, 0x84, 0x80, 0x7f, 0x7c,
  0x7e, 0x80, 0x7c, 0x81, 0x81, 0x7e, 0x84, 0x82, 0x7e, 0x7d, 0x7a, 0x7c,
  0x7f, 0x7a, 0x7c, 0x7f, 0x7e, 0x7f, 0x81, 0x82, 0x7d, 0x7e, 0x80, 0x7b,
  0x7d, 0x7a, 0x79, 0x80, 0x7b, 0x79, 0x7c, 0x7c, 0x7a, 0x76, 0x79, 0x77,
  0x76, 0x79, 0x75, 0x78, 0x77, 0x75, 0x7a, 0x77, 0x74, 0x74, 0x76, 0x77,
  0x73, 0x72, 0x72, 0x73, 0x75, 0x75, 0x74, 0x74, 0x74, 0x75, 0x76, 0x75,
  0x73, 0x75, 0x75, 0x75, 0x76, 0x74, 0x75, 0x76, 0x77, 0x76, 0x74, 0x76,
  0x74, 0x74, 0x74, 0x76, 0x7e, 0x80, 0x82, 0x85, 0x84, 0x8a, 0x8d, 0x8e,
  0x92, 0x92, 0x97, 0x9d, 0x9f, 0xa2, 0xa5, 0xaa, 0xae, 0xaf, 0xaf, 0xad,
  0xaf, 0xb0, 0xb2, 0xb3, 0xb2, 0xb4, 0xb5, 0xb4, 0xb3, 0xb0, 0xae, 0xab,
  0xa8, 0xa6, 0xa3, 0xa1, 0x9e, 0x9a, 0x99, 0x98, 0x96, 0x94, 0x8e, 0x89,
  0x87, 0x84, 0x82, 0x80, 0x7e, 0x7f, 0x80, 0x7f, 0x7d, 0x79, 0x78, 0x79,
  0x7a, 0x79, 0x76, 0x75, 0x75, 0x77, 0x79, 0x78, 0x78, 0x77, 0x77, 0x77,
  0x74, 0x71, 0x6f, 0x6f, 0x71, 0x71, 0x6f, 0x6d, 0x6c, 0x6b, 0x6b, 0x6a,
  0x66, 0x65, 0x64, 0x63, 0x64, 0x61, 0x61, 0x63, 0x63, 0x63, 0x63, 0x61,
  0x61, 0x61, 0x61, 0x62, 0x61, 0x61, 0x63, 0x64, 0x66, 0x66, 0x66, 0x66,
  0x67, 0x6a, 0x69, 0x69, 0x67, 0x68, 0x6e, 0x6f, 0x70, 0x6e, 0x6d, 0x71,
  0x74, 0x71, 0x6f, 0x6d, 0x70, 0x75, 0x76, 0x70, 0x6c, 0x6c, 0x71, 0x75,
  0x71, 0x6b, 0x67, 0x69, 0x6b, 0x67, 0x60, 0x5c, 0x63, 0x6f, 0x77, 0x7c,
  0x7e, 0x85, 0x8e, 0x94, 0x94, 0x92, 0x96, 0x9f, 0xaa, 0xb2, 0xb3, 0xb8,
  0xc0, 0xc9, 0xce, 0xcc, 0xc9, 0xc5, 0xc4, 0xbf, 0xb9, 0xb7, 0xb5, 0xb8,
  0xb9, 0xb7, 0xb3, 0xab, 0xa4, 0x9f, 0x9a, 0x94, 0x8b, 0x83, 0x7e, 0x7e,
  0x82, 0x83, 0x85, 0x84, 0x85, 0x86, 0x80, 0x7b, 0x76, 0x77, 0x80, 0x84,
  0x86, 0x85, 0x87, 0x8f, 0x91, 0x8e, 0x87, 0x81, 0x83, 0x83, 0x81, 0x7d,
  0x7c, 0x80, 0x84, 0x83, 0x7d, 0x77, 0x75, 0x72, 0x6d, 0x65, 0x60, 0x62,
  0x66, 0x67, 0x66, 0x64, 0x64, 0x65, 0x64, 0x62, 0x61, 0x60, 0x61, 0x64,
  0x64, 0x68, 0x6b, 0x6f, 0x72, 0x71, 0x6f, 0x6c, 0x6c, 0x6c, 0x6c, 0x6d,
  0x6c, 0x6e, 0x70, 0x70, 0x72, 0x71, 0x70, 0x70, 0x6e, 0x6e, 0x6d, 0x6d,
  0x70, 0x72, 0x74, 0x74, 0x74, 0x77, 0x78, 0x77, 0x76, 0x74, 0x77, 0x79,
  0x77, 0x77, 0x76, 0x79, 0x7c, 0x79, 0x76, 0x73, 0x72, 0x74, 0x72, 0x70,
  0x6d, 0x6b, 0x6f, 0x6f, 0x6d, 0x6a, 0x66, 0x66, 0x65, 0x64, 0x67, 0x71,
  0x82, 0x94, 0x9e, 0xa3, 0xa5, 0xa8, 0xab, 0xae, 0xaf, 0xb2, 0xb8, 0xc1,
  0xc9, 0xcb, 0xca, 0xca, 0xca, 0xcc, 0xc7, 0xba, 0xaa, 0x9c, 0x94, 0x91,
  0x8f, 0x8f, 0x90, 0x94, 0x92, 0x89, 0x7d, 0x74, 0x70, 0x6e, 0x6b, 0x66,
  0x64, 0x6a, 0x73, 0x7f, 0x89, 0x8f, 0x94, 0x94, 0x8e, 0x88, 0x85, 0x87,
  0x8e, 0x96, 0x9d, 0xa2, 0xa2, 0x9e, 0x98, 0x91, 0x8d, 0x87, 0x7e, 0x74,
  0x6b, 0x6b, 0x6e, 0x71, 0x72, 0x6f, 0x6c, 0x68, 0x61, 0x5a, 0x54, 0x53,
  0x56, 0x5a, 0x60, 0x65, 0x6a, 0x6f, 0x73, 0x77, 0x78, 0x77, 0x76, 0x75,
  0x76, 0x79, 0x7f, 0x85, 0x89, 0x8a, 0x89, 0x87, 0x82, 0x7b, 0x75, 0x70,
  0x6f, 0x6d, 0x6b, 0x6b, 0x6c, 0x6f, 0x71, 0x70, 0x6e, 0x6b, 0x6a, 0x6b,
  0x6c, 0x6e, 0x71, 0x75, 0x7c, 0x81, 0x83, 0x83, 0x84, 0x85, 0x85, 0x84,
  0x83, 0x84, 0x84, 0x85, 0x86, 0x85, 0x85, 0x83, 0x7e, 0x7c, 0x78, 0x74,
  0x72, 0x70, 0x6f, 0x70, 0x71, 0x70, 0x6f, 0x6f, 0x70, 0x73, 0x73, 0x71,
  0x71, 0x74, 0x7a, 0x7d, 0x7c, 0x7a, 0x7c, 0x80, 0x81, 0x81, 0x87, 0x95,
  0xa9, 0xb9, 0xbe, 0xbc, 0xb9, 0xb6, 0xb5, 0xb2, 0xaf, 0xaf, 0xb2, 0xb4,
  0xb2, 0xad, 0xa7, 0xa7, 0xa4, 0x9a, 0x8a, 0x76, 0x67, 0x61, 0x62, 0x69,
  0x71, 0x79, 0x7d, 0x7c, 0x79, 0x74, 0x72, 0x72, 0x72, 0x72, 0x74, 0x7c,
  0x88, 0x96, 0xa5, 0xae, 0xb1, 0xac, 0xa4, 0x9c, 0x96, 0x94, 0x95, 0x98,
  0x9a, 0x98, 0x94, 0x8c, 0x84, 0x7b, 0x70, 0x64, 0x5a, 0x52, 0x4f, 0x51,
  0x56, 0x5b, 0x60, 0x63, 0x63, 0x60, 0x5b, 0x5a, 0x5c, 0x62, 0x68, 0x6d,
  0x72, 0x7a, 0x83, 0x89, 0x8b, 0x88, 0x85, 0x84, 0x84, 0x81, 0x7e, 0x7d,
  0x82, 0x86, 0x85, 0x80, 0x78, 0x73, 0x70, 0x6a, 0x65, 0x60, 0x5e, 0x60,
  0x64, 0x67, 0x69, 0x6a, 0x6c, 0x6f, 0x71, 0x73, 0x74, 0x76, 0x7a, 0x80,
  0x84, 0x87, 0x88, 0x89, 0x8b, 0x8b, 0x88, 0x85, 0x84, 0x84, 0x83, 0x81,
  0x7f, 0x7d, 0x7c, 0x79, 0x76, 0x72, 0x70, 0x6e, 0x6d, 0x6d, 0x6d, 0x6e,
  0x6f, 0x70, 0x72, 0x73, 0x74, 0x76, 0x78, 0x79, 0x79, 0x7c, 0x80, 0x82,
  0x82, 0x81, 0x83, 0x83, 0x82, 0x80, 0x7e, 0x7e, 0x7b, 0x77, 0x73, 0x71,
  0x79, 0x8a, 0x9f, 0xb4, 0xbe, 0xc0, 0xbd, 0xb7, 0xb3, 0xb1, 0xb3, 0xb6,
  0xb7, 0xb6, 0xb3, 0xb2, 0xb1, 0xaf, 0xa7, 0x9b, 0x8a, 0x7a, 0x6d, 0x67,
  0x66, 0x6c, 0x74, 0x7d, 0x80, 0x80, 0x7f, 0x7e, 0x7f, 0x7f, 0x7f, 0x7f,
  0x82, 0x88, 0x92, 0x9e, 0xac, 0xb5, 0xb8, 0xb2, 0xa8, 0x9e, 0x98, 0x95,
  0x92, 0x91, 0x90, 0x8e, 0x8a, 0x83, 0x7a, 0x71, 0x68, 0x60, 0x57, 0x50,
  0x4b, 0x4c, 0x51, 0x59, 0x60, 0x63, 0x64, 0x64, 0x64, 0x65, 0x65, 0x67,
  0x6b, 0x71, 0x77, 0x7c, 0x81, 0x84, 0x85, 0x85, 0x82, 0x7f, 0x7c, 0x79,
  0x77, 0x77, 0x78, 0x78, 0x77, 0x75, 0x70, 0x6c, 0x68, 0x66, 0x63, 0x61,
  0x61, 0x63, 0x68, 0x6b, 0x6e, 0x70, 0x73, 0x76, 0x78, 0x79, 0x7b, 0x7e,
  0x82, 0x86, 0x88, 0x8a, 0x8a, 0x8b, 0x8b, 0x89, 0x87, 0x84, 0x82, 0x80,
  0x7f, 0x7e, 0x7c, 0x7a, 0x78, 0x78, 0x77, 0x73, 0x70, 0x6f, 0x70, 0x72,
  0x71, 0x70, 0x72, 0x76, 0x78, 0x79, 0x7a, 0x7a, 0x7c, 0x7e, 0x80, 0x81,
  0x81, 0x82, 0x83, 0x84, 0x84, 0x83, 0x81, 0x80, 0x80, 0x7e, 0x7d, 0x7b,
  0x79, 0x79, 0x78, 0x77, 0x76, 0x73, 0x6f, 0x6c, 0x6e, 0x7a, 0x8d, 0xa4,
  0xb7, 0xc0, 0xc3, 0xc2, 0xbf, 0xbc, 0xba, 0xb9, 0xba, 0xbb, 0xb9, 0xb4,
  0xb0, 0xac, 0xa8, 0xa1, 0x93, 0x82, 0x70, 0x63, 0x5c, 0x5d, 0x63, 0x6a,
  0x73, 0x7a, 0x7e, 0x80, 0x81, 0x83, 0x86, 0x89, 0x8a, 0x8c, 0x91, 0x9b,
  0xa6, 0xb0, 0xb4, 0xb4, 0xae, 0xa4, 0x99, 0x91, 0x8b, 0x88, 0x85, 0x82,
  0x7e, 0x79, 0x74, 0x6e, 0x67, 0x60, 0x5b, 0x56, 0x55, 0x56, 0x5a, 0x60,
  0x67, 0x6e, 0x72, 0x74, 0x74, 0x74, 0x73, 0x74, 0x76, 0x79, 0x7c, 0x7e,
  0x80, 0x81, 0x83, 0x82, 0x80, 0x7b, 0x76, 0x73, 0x71, 0x71, 0x71, 0x71,
  0x71, 0x72, 0x71, 0x70, 0x6d, 0x6a, 0x69, 0x69, 0x69, 0x6a, 0x6c, 0x6f,
  0x74, 0x77, 0x78, 0x7a, 0x7c, 0x7e, 0x80, 0x80, 0x81, 0x82, 0x85, 0x86,
  0x86, 0x85, 0x85, 0x84, 0x82, 0x80, 0x7e, 0x7c, 0x7b, 0x7a, 0x78, 0x78,
  0x77, 0x76, 0x76, 0x75, 0x75, 0x74, 0x75, 0x75, 0x76, 0x78, 0x79, 0x7a,
  0x7c, 0x7d, 0x7e, 0x7e, 0x7f, 0x80, 0x80, 0x80, 0x7f, 0x80, 0x80, 0x80,
  0x7e, 0x7d, 0x7c, 0x7c, 0x7b, 0x7a, 0x78, 0x78, 0x78, 0x77, 0x78, 0x77,
  0x76, 0x78, 0x78, 0x77, 0x77, 0x77, 0x78, 0x7a, 0x79, 0x77, 0x75, 0x72,
  0x75, 0x81, 0x94, 0xab, 0xbe, 0xc9, 0xcd, 0xca, 0xc4, 0xbe, 0xba, 0xb7,
  0xb4, 0xb0, 0xab, 0xa6, 0xa0, 0x99, 0x94, 0x8d, 0x82, 0x73, 0x64, 0x58,
  0x54, 0x56, 0x5e, 0x69, 0x76, 0x80, 0x8a, 0x91, 0x96, 0x9b, 0x9e, 0xa1,
  0xa4, 0xa7, 0xa9, 0xad, 0xb2, 0xb5, 0xb5, 0xb0, 0xa7, 0x99, 0x8a, 0x7d,
  0x73, 0x6c, 0x67, 0x65, 0x63, 0x61, 0x5f, 0x5d, 0x5c, 0x5c, 0x5c, 0x5e,
  0x61, 0x66, 0x6d, 0x75, 0x7d, 0x83, 0x88, 0x89, 0x88, 0x86, 0x82, 0x7d,
  0x7a, 0x78, 0x76, 0x73, 0x72, 0x70, 0x6e, 0x6c, 0x6a, 0x68, 0x66, 0x66,
  0x67, 0x69, 0x6c, 0x70, 0x73, 0x77, 0x7a, 0x7b, 0x7b, 0x7b, 0x7b, 0x7b,
  0x7c, 0x7c, 0x7c, 0x7c, 0x7d, 0x7d, 0x7c, 0x7b, 0x7a, 0x79, 0x78, 0x79,
  0x79, 0x7a, 0x7b, 0x7c, 0x7e, 0x7f, 0x80, 0x7f, 0x80, 0x80, 0x7f, 0x7f,
  0x80, 0x7f, 0x7e, 0x7e, 0x7e, 0x7e, 0x7d, 0x7b, 0x7b, 0x7b, 0x7a, 0x7a,
  0x7a, 0x7b, 0x7c, 0x7d, 0x7d, 0x7e, 0x7f, 0x7f, 0x7f, 0x80, 0x80, 0x80,
  0x80, 0x80, 0x80, 0x7f, 0x7f, 0x7f, 0x7e, 0x7d, 0x7c, 0x7c, 0x7c, 0x7b,
  0x7a, 0x79, 0x7a, 0x7b, 0x7b, 0x7a, 0x7a, 0x7b, 0x7c, 0x7c, 0x7c, 0x7c,
  0x7c, 0x7b, 0x7c, 0x7d, 0x7c, 0x7b, 0x7b, 0x7b, 0x7a, 0x79, 0x79, 0x78,
  0x75, 0x71, 0x71, 0x79, 0x8a, 0x9e, 0xb2, 0xc1, 0xc9, 0xca, 0xc7, 0xc2,
  0xbd, 0xb8, 0xb3, 0xae, 0xa8, 0xa2, 0x9d, 0x98, 0x94, 0x8f, 0x86, 0x79,
  0x6c, 0x61, 0x59, 0x57, 0x5c, 0x66, 0x73, 0x7f, 0x88, 0x90, 0x95, 0x99,
  0x9d, 0xa0, 0xa3, 0xa6, 0xa9, 0xac, 0xaf, 0xb1, 0xb0, 0xac, 0xa4, 0x99,
  0x8d, 0x80, 0x74, 0x6b, 0x66, 0x63, 0x62, 0x60, 0x5f, 0x5f, 0x5f, 0x5f,
  0x60, 0x62, 0x65, 0x6a, 0x70, 0x77, 0x7d, 0x83, 0x87, 0x89, 0x89, 0x87,
  0x83, 0x7e, 0x7a, 0x76, 0x73, 0x70, 0x6e, 0x6c, 0x6a, 0x68, 0x65, 0x63,
  0x62, 0x61, 0x61, 0x62, 0x65, 0x68, 0x6c, 0x70, 0x73, 0x76, 0x78, 0x78,
  0x79, 0x7b, 0x7b, 0x7b, 0x7c, 0x7c, 0x7c, 0x7c, 0x7c, 0x7b, 0x7a, 0x78,
  0x78, 0x78, 0x77, 0x76, 0x76, 0x78, 0x79, 0x7a, 0x7b, 0x7c, 0x7d, 0x7d,
  0x7e, 0x7f, 0x7f, 0x80, 0x80, 0x81, 0x81, 0x81, 0x81, 0x80, 0x80, 0x7f,
  0x7f, 0x7f, 0x7e, 0x7e, 0x7e, 0x7f, 0x7f, 0x7f, 0x80, 0x81, 0x81, 0x81,
  0x81, 0x82, 0x82, 0x82, 0x82, 0x83, 0x82, 0x81, 0x81, 0x81, 0x81, 0x80,
  0x7f, 0x7e, 0x7e, 0x7e, 0x7e, 0x7d, 0x7d, 0x7c, 0x7c, 0x7d, 0x7d, 0x7c,
  0x7c, 0x7d, 0x7e, 0x7e, 0x7d, 0x7d, 0x7d, 0x7e, 0x7e, 0x7d, 0x7d, 0x7d,
  0x7c, 0x7c, 0x7d, 0x7c, 0x7a, 0x79, 0x79, 0x79, 0x78, 0x77, 0x76, 0x74,
  0x70, 0x70, 0x79, 0x89, 0x9b, 0xad, 0xba, 0xc3, 0xc5, 0xc3, 0xc0, 0xbc,
  0xb7, 0xb3, 0xae, 0xa9, 0xa4, 0x9f, 0x9b, 0x99, 0x95, 0x8c, 0x82, 0x74,
  0x68, 0x60, 0x5c, 0x5f, 0x67, 0x71, 0x7b, 0x85, 0x8c, 0x91, 0x95, 0x98,
  0x9c, 0x9e, 0xa1, 0xa4, 0xa8, 0xac, 0xad, 0xad, 0xac, 0xa8, 0x9f, 0x94,
  0x88, 0x7d, 0x73, 0x6d, 0x69, 0x67, 0x65, 0x64, 0x63, 0x62, 0x61, 0x61,
  0x62, 0x64, 0x68, 0x6d, 0x72, 0x78, 0x7e, 0x82, 0x85, 0x86, 0x85, 0x82,
  0x7f, 0x7b, 0x76, 0x73, 0x71, 0x70, 0x6d, 0x6b, 0x69, 0x67, 0x64, 0x62,
  0x61, 0x60, 0x61, 0x62, 0x65, 0x68, 0x6c, 0x6f, 0x72, 0x74, 0x76, 0x78,
  0x78, 0x79, 0x7a, 0x7a, 0x7b, 0x7c, 0x7c, 0x7c, 0x7b, 0x7b, 0x7a, 0x78,
  0x77, 0x76, 0x77, 0x77, 0x77, 0x78, 0x79, 0x7b, 0x7b, 0x7c, 0x7d, 0x7d,
  0x7e, 0x7f, 0x80, 0x80, 0x80, 0x81, 0x82, 0x81, 0x81, 0x80, 0x80, 0x80,
  0x80, 0x7f, 0x7e, 0x7f, 0x7f, 0x7f, 0x80, 0x80, 0x81, 0x81, 0x81, 0x81,
  0x82, 0x83, 0x82, 0x83, 0x83, 0x83, 0x83, 0x83, 0x83, 0x82, 0x81, 0x81,
  0x81, 0x80, 0x7f, 0x7f, 0x7f, 0x7f, 0x7e, 0x7e, 0x7e, 0x7e, 0x7e, 0x7e,
  0x7e, 0x7e, 0x7e, 0x7e, 0x7e, 0x7f, 0x7f, 0x7e, 0x7e, 0x7e, 0x7e, 0x7e,
  0x7d, 0x7c, 0x7d, 0x7c, 0x7b, 0x7b, 0x7b, 0x7b, 0x7a, 0x7a, 0x79, 0x79,
  0x78, 0x78, 0x78, 0x76, 0x73, 0x71, 0x73, 0x7e, 0x8d, 0x9d, 0xac, 0xb8,
  0xbf, 0xc0, 0xbe, 0xbb, 0xb8, 0xb4, 0xb0, 0xab, 0xa6, 0xa1, 0x9d, 0x9b,
  0x99, 0x94, 0x8b, 0x80, 0x75, 0x6a, 0x63, 0x61, 0x64, 0x6c, 0x76, 0x7e,
  0x87, 0x8c, 0x90, 0x94, 0x97, 0x9b, 0x9e, 0xa0, 0xa3, 0xa6, 0xa9, 0xab,
  0xac, 0xa9, 0xa4, 0x9c, 0x93, 0x88, 0x7d, 0x75, 0x70, 0x6c, 0x6a, 0x68,
  0x67, 0x65, 0x64, 0x64, 0x64, 0x64, 0x66, 0x6a, 0x6e, 0x73, 0x77, 0x7c,
  0x81, 0x83, 0x83, 0x82, 0x7f, 0x7c, 0x79, 0x76, 0x73, 0x70, 0x6e, 0x6d,
  0x6b, 0x69, 0x66, 0x64, 0x63, 0x62, 0x62, 0x62, 0x63, 0x65, 0x68, 0x6c,
  0x6f, 0x71, 0x72, 0x74, 0x76, 0x76, 0x77, 0x77, 0x78, 0x79, 0x79, 0x7a,
  0x79, 0x79, 0x78, 0x78, 0x78, 0x77, 0x77, 0x77, 0x77, 0x78, 0x79, 0x7a,
  0x7b, 0x7b, 0x7d, 0x7e, 0x7f, 0x7e, 0x7e, 0x7f, 0x80, 0x81, 0x81, 0x81,
  0x81, 0x80, 0x81, 0x81, 0x80, 0x80, 0x7f, 0x80, 0x81, 0x80, 0x81, 0x81,
  0x82, 0x82, 0x82, 0x83, 0x82, 0x83, 0x83, 0x83, 0x84, 0x83, 0x83, 0x84,
  0x83, 0x82, 0x82, 0x81, 0x81, 0x80, 0x80, 0x7f, 0x7f, 0x7f, 0x7f, 0x7e,
  0x7e, 0x7e, 0x7e, 0x7e, 0x7e, 0x7e, 0x7e, 0x7e, 0x7e, 0x7f, 0x7f, 0x7e,
  0x7e, 0x7e, 0x7e, 0x7e, 0x7e, 0x7d, 0x7d, 0x7d, 0x7c, 0x7c, 0x7c, 0x7c,
  0x7b, 0x7b, 0x7b, 0x7b, 0x7a, 0x7a, 0x7a, 0x7a, 0x79, 0x79, 0x79, 0x79,
  0x78, 0x75, 0x73, 0x72, 0x74, 0x7e, 0x8b, 0x9b, 0xa9, 0xb4, 0xba, 0xba,
  0xb9, 0xb8, 0xb5, 0xb2, 0xad, 0xaa, 0xa5, 0xa1, 0x9e, 0x9c, 0x9a, 0x96,
  0x8e, 0x85, 0x7a, 0x70, 0x69, 0x68, 0x6b, 0x72, 0x79, 0x81, 0x88, 0x8d,
  0x91, 0x95, 0x99, 0x9b, 0x9d, 0xa0, 0xa3, 0xa5, 0xa7, 0xaa, 0xaa, 0xa9,
  0xa4, 0x9c, 0x94, 0x8a, 0x81, 0x7a, 0x75, 0x72, 0x6f, 0x6d, 0x6c, 0x6a,
  0x69, 0x68, 0x69, 0x69, 0x69, 0x6b, 0x6f, 0x73, 0x76, 0x7a, 0x7d, 0x7f,
  0x7f, 0x7e, 0x7c, 0x79, 0x76, 0x73, 0x71, 0x70, 0x6e, 0x6c, 0x6b, 0x6a,
  0x68, 0x67, 0x65, 0x64, 0x65, 0x65, 0x65, 0x67, 0x69, 0x6b, 0x6d, 0x6e,
  0x70, 0x71, 0x72, 0x72, 0x72, 0x73, 0x74, 0x74, 0x75, 0x75, 0x76, 0x76,
  0x77, 0x76, 0x76, 0x76, 0x77, 0x78, 0x78, 0x78, 0x7a, 0x7b, 0x7b, 0x7c,
  0x7d, 0x7c, 0x7c, 0x7e, 0x7f, 0x7e, 0x7d, 0x7f, 0x80, 0x7f, 0x7f, 0x7f,
  0x80, 0x80, 0x7f, 0x80, 0x80, 0x80, 0x81, 0x81, 0x82, 0x82, 0x82, 0x83,
  0x84, 0x84, 0x84, 0x84, 0x84, 0x84, 0x83, 0x83, 0x83, 0x83, 0x83, 0x84,
  0x83, 0x82, 0x81, 0x81, 0x81, 0x80, 0x7f, 0x7f, 0x80, 0x80, 0x80, 0x81,
  0x80, 0x80, 0x7f, 0x7f, 0x7f, 0x7e, 0x7e, 0x7f, 0x80, 0x80, 0x7f, 0x7f,
  0x7f, 0x7e, 0x7e, 0x7d, 0x7d, 0x7d, 0x7c, 0x7c, 0x7d, 0x7d, 0x7d, 0x7e,
  0x7d, 0x7c, 0x7b, 0x7a, 0x7b, 0x7b, 0x7a, 0x7b, 0x7c, 0x7d, 0x7c, 0x7b,
  0x7b, 0x7b, 0x79, 0x78, 0x78, 0x77, 0x77, 0x76, 0x76, 0x75, 0x76, 0x7b,
  0x84, 0x8e, 0x98, 0xa2, 0xa9, 0xac, 0xae, 0xaf, 0xae, 0xac, 0xaa, 0xaa,
  0xa8, 0xa4, 0xa2, 0xa0, 0x9e, 0x9c, 0x97, 0x92, 0x8b, 0x84, 0x80, 0x7c,
  0x7c, 0x7d, 0x81, 0x86, 0x8a, 0x8d, 0x90, 0x93, 0x97, 0x9a, 0x9d, 0x9e,
  0x9f, 0xa1, 0xa2, 0xa3, 0xa3, 0xa2, 0xa0, 0x9d, 0x98, 0x93, 0x8f, 0x8b,
  0x86, 0x84, 0x81, 0x7d, 0x7a, 0x78, 0x77, 0x73, 0x70, 0x70, 0x70, 0x71,
  0x72, 0x74, 0x77, 0x77, 0x78, 0x78, 0x77, 0x76, 0x75, 0x75, 0x75, 0x73,
  0x72, 0x71, 0x71, 0x70, 0x70, 0x70, 0x70, 0x6e, 0x6c, 0x6a, 0x69, 0x69,
  0x69, 0x6a, 0x6b, 0x6c, 0x6c, 0x6c, 0x6b, 0x6a, 0x69, 0x6b, 0x6c, 0x6c,
  0x6c, 0x6d, 0x6e, 0x6e, 0x6e, 0x6f, 0x70, 0x71, 0x72, 0x73, 0x74, 0x74,
  0x75, 0x77, 0x79, 0x7a, 0x7a, 0x7b, 0x7c, 0x7a, 0x7a, 0x79, 0x7a, 0x7b,
  0x7b, 0x7c, 0x7b, 0x7b, 0x7b, 0x7b, 0x7b, 0x7a, 0x7a, 0x7a, 0x7a, 0x7a,
  0x7b, 0x7c, 0x7c, 0x7d, 0x7f, 0x7f, 0x7f, 0x80, 0x7f, 0x7f, 0x80, 0x80,
  0x80, 0x81, 0x81, 0x81, 0x81, 0x81, 0x80, 0x7f, 0x80, 0x81, 0x80, 0x7f,
  0x7e, 0x7e, 0x7d, 0x7d, 0x7e, 0x7e, 0x7f, 0x7f, 0x7f, 0x80, 0x7f, 0x7e,
  0x7f, 0x7f, 0x7f, 0x7e, 0x7e, 0x80, 0x80, 0x80, 0x7f, 0x81, 0x80, 0x7f,
  0x80, 0x80, 0x80, 0x7f, 0x7f, 0x80, 0x7f, 0x7f, 0x80, 0x7f, 0x80, 0x7f,
  0x7e, 0x7d, 0x7d, 0x7e, 0x7e, 0x7e, 0x7f, 0x7f, 0x7e, 0x7f, 0x7f, 0x7e,
  0x7c, 0x7b, 0x7b, 0x7a, 0x7a, 0x7b, 0x7b, 0x7c, 0x7b, 0x7b, 0x7a, 0x79,
  0x78, 0x79, 0x7d, 0x83, 0x88, 0x8e, 0x94, 0x99, 0x9c, 0x9e, 0xa1, 0xa2,
  0xa1, 0xa0, 0xa0, 0x9f, 0x9d, 0x9d, 0x9e, 0x9e, 0x9d, 0x9a, 0x95, 0x91,
  0x8c, 0x89, 0x87, 0x87, 0x87, 0x88, 0x8a, 0x8d, 0x8e, 0x90, 0x93, 0x96,
  0x97, 0x97, 0x97, 0x98, 0x99, 0x9a, 0x9b, 0x9c, 0x9d, 0x9b, 0x9a, 0x98,
  0x96, 0x93, 0x90, 0x8f, 0x8c, 0x88, 0x85, 0x84, 0x83, 0x81, 0x80, 0x80,
  0x7e, 0x7d, 0x7b, 0x7b, 0x7b, 0x7b, 0x7b, 0x7b, 0x7a, 0x7a, 0x79, 0x79,
  0x79, 0x78, 0x77, 0x77, 0x77, 0x76, 0x74, 0x73, 0x73, 0x72, 0x72, 0x71,
  0x70, 0x70, 0x6f, 0x6f, 0x6f, 0x6f, 0x6f, 0x6f, 0x6e, 0x6e, 0x6d, 0x6d,
  0x6d, 0x6c, 0x6c, 0x6c, 0x6c, 0x6c, 0x6d, 0x6e, 0x6f, 0x70, 0x71, 0x72,
  0x72, 0x72, 0x73, 0x73, 0x74, 0x74, 0x75, 0x76, 0x77, 0x78, 0x79, 0x79,
  0x79, 0x79, 0x79, 0x79, 0x78, 0x78, 0x78, 0x78, 0x79, 0x7a, 0x7a, 0x79,
  0x7a, 0x7a, 0x7a, 0x79, 0x7a, 0x7a, 0x7a, 0x7b, 0x7c, 0x7d, 0x7d, 0x7d,
  0x7e, 0x7d, 0x7d, 0x7e, 0x7e, 0x7f, 0x7f, 0x80, 0x80, 0x7f, 0x80, 0x80,
  0x7f, 0x7f, 0x7f, 0x7f, 0x7f, 0x7f, 0x7f, 0x7f, 0x7f, 0x7f, 0x7f, 0x7f,
  0x7f, 0x7e, 0x7e, 0x7f, 0x7f, 0x7f, 0x7e, 0x7e, 0x7f, 0x7f, 0x7f, 0x7f,
  0x7f, 0x7f, 0x7f, 0x7f, 0x7e, 0x7d, 0x7e, 0x7e, 0x7e, 0x7e, 0x7e, 0x7d,
  0x7e, 0x7e, 0x7e, 0x7e, 0x7d, 0x7e, 0x7e, 0x7c, 0x7d, 0x7d, 0x7c, 0x7c,
  0x7c, 0x7c, 0x7c, 0x7b, 0x7c, 0x7c, 0x7d, 0x7d, 0x7c, 0x7c, 0x7b, 0x7a,
  0x79, 0x78, 0x78, 0x78, 0x78, 0x78, 0x79, 0x79, 0x7b, 0x7f, 0x82, 0x85,
  0x88, 0x8b, 0x8d, 0x8d, 0x91, 0x93, 0x94, 0x96, 0x98, 0x9a, 0x99, 0x99,
  0x9a, 0x99, 0x99, 0x99, 0x97, 0x95, 0x92, 0x91, 0x90, 0x8f, 0x8f, 0x8f,
  0x8f, 0x8f, 0x90, 0x91, 0x92, 0x93, 0x93, 0x94, 0x94, 0x94, 0x95, 0x95,
  0x96, 0x96, 0x96, 0x98, 0x98, 0x97, 0x97, 0x96, 0x96, 0x94, 0x92, 0x91,
  0x8d, 0x8d, 0x8c, 0x8a, 0x8a, 0x87, 0x87, 0x86, 0x85, 0x85, 0x83, 0x82,
  0x81, 0x80, 0x80, 0x7e, 0x7d, 0x7d, 0x7c, 0x7d, 0x7c, 0x7b, 0x7a, 0x7a,
  0x7a, 0x79, 0x78, 0x77, 0x76, 0x76, 0x75, 0x75, 0x75, 0x75, 0x75, 0x74,
  0x73, 0x73, 0x72, 0x72, 0x72, 0x73, 0x74, 0x73, 0x73, 0x73, 0x73, 0x74,
  0x74, 0x74, 0x74, 0x73, 0x73, 0x74, 0x74, 0x75, 0x76, 0x76, 0x76, 0x76,
  0x76, 0x75, 0x75, 0x76, 0x77, 0x77, 0x76, 0x77, 0x78, 0x78, 0x79, 0x79,
  0x79, 0x79, 0x79, 0x79, 0x79, 0x79, 0x79, 0x79, 0x7a, 0x7b, 0x7a, 0x7a,
  0x7b, 0x7c, 0x7b, 0x7b, 0x7c, 0x7b, 0x7b, 0x7b, 0x7b, 0x7b, 0x7b, 0x7c,
  0x7c, 0x7d, 0x7d, 0x7d, 0x7d, 0x7c, 0x7c, 0x7b, 0x7b, 0x7c, 0x7b, 0x7c,
  0x7c, 0x7c, 0x7d, 0x7c, 0x7c, 0x7c, 0x7c, 0x7d, 0x7d, 0x7c, 0x7c, 0x7c,
  0x7c, 0x7b, 0x7c, 0x7c, 0x7b, 0x7c, 0x7d, 0x7c, 0x7b, 0x7b, 0x7c, 0x7c,
  0x7b, 0x7d, 0x7c, 0x7c, 0x7c, 0x7c, 0x7b, 0x7b, 0x7c, 0x7c, 0x7b, 0x7c,
  0x7c, 0x7c, 0x7d, 0x7c, 0x7d, 0x7c, 0x7b, 0x7c, 0x7b, 0x7b, 0x7b, 0x7a,
  0x7b, 0x7c, 0x7b, 0x7b, 0x7a, 0x7b, 0x7b, 0x7a, 0x7b, 0x7c, 0x7c, 0x7c,
  0x7e, 0x7f, 0x80, 0x81, 0x82, 0x83, 0x84, 0x84, 0x85, 0x85, 0x86, 0x87,
  0x88, 0x88, 0x89, 0x8a, 0x89, 0x89, 0x89, 0x89, 0x89, 0x89, 0x8a, 0x8a,
  0x8b, 0x8d, 0x8c, 0x8d, 0x8d, 0x8d, 0x8d, 0x8c, 0x8d, 0x8c, 0x8b, 0x8d,
  0x8d, 0x8e, 0x8e, 0x8f, 0x90, 0x8e, 0x90, 0x8e, 0x8d, 0x8d, 0x8c, 0x8e,
  0x8d, 0x8c, 0x8d, 0x8c, 0x8c, 0x8d, 0x8c, 0x8b, 0x8a, 0x8a, 0x89, 0x88,
  0x88, 0x88, 0x88, 0x87, 0x88, 0x88, 0x85, 0x86, 0x86, 0x85, 0x86, 0x83,
  0x83, 0x84, 0x82, 0x82, 0x82, 0x82, 0x82, 0x80, 0x80, 0x80, 0x80, 0x7f,
  0x7e, 0x81, 0x7f, 0x7e, 0x80, 0x7d, 0x7d, 0x7f, 0x7d, 0x7d, 0x7d, 0x7d,
  0x7c, 0x7c, 0x7c, 0x7b, 0x7d, 0x7d, 0x7b, 0x7c, 0x7a, 0x7b, 0x7c, 0x79,
  0x7b, 0x7a, 0x7b, 0x7c, 0x79, 0x79, 0x7b, 0x7a, 0x7b, 0x7a, 0x7a, 0x7a,
  0x7b, 0x78, 0x79, 0x7c, 0x7a, 0x79, 0x7b, 0x7a, 0x7a, 0x7a, 0x7a, 0x7c,
  0x7a, 0x7a, 0x7c, 0x7a, 0x7a, 0x7d, 0x7b, 0x78, 0x7c, 0x7c, 0x79, 0x7e,
  0x7b, 0x79, 0x7e, 0x7d, 0x7a, 0x7e, 0x7d, 0x79, 0x80, 0x7d, 0x78, 0x80,
  0x7e, 0x79, 0x7b, 0x80, 0x82, 0x7a, 0x7d, 0x7f, 0x7d, 0x81, 0x7c, 0x7c,
  0x81, 0x7f, 0x7c, 0x7c, 0x82, 0x7f, 0x7d, 0x7f, 0x7e, 0x80, 0x80, 0x7c,
  0x7d, 0x81, 0x7d, 0x7e, 0x82, 0x7e, 0x80, 0x7e, 0x7c, 0x84, 0x7d, 0x7d,
  0x80, 0x7d, 0x81, 0x7c, 0x7f, 0x83, 0x7e, 0x7d, 0x81, 0x81, 0x7c, 0x7f,
  0x80, 0x7a, 0x81, 0x81, 0x7b, 0x82, 0x7f, 0x7b, 0x86, 0x7c, 0x77, 0x8b,
  0x7a, 0x76, 0x8a, 0x7a, 0x7c, 0x86, 0x7b, 0x7c, 0x84, 0x80, 0x79, 0x82,
  0x7e, 0x78, 0x8a, 0x77, 0x7e, 0x9b, 0x70, 0x76, 0x99, 0x78, 0x7c, 0x8d,
  0x79, 0x80, 0x8d, 0x7d, 0x7f, 0x91, 0x7c, 0x7b, 0x93, 0x7c, 0x80, 0x8f,
  0x79, 0x83, 0x8b, 0x81, 0x84, 0x87, 0x84, 0x85, 0x88, 0x7e, 0x87, 0x8c,
  0x79, 0x85, 0x8a, 0x80, 0x81, 0x87, 0x87, 0x7b, 0x89, 0x87, 0x7a, 0x8a,
  0x83, 0x7d, 0x85, 0x84, 0x82, 0x82, 0x85, 0x7f, 0x85, 0x83, 0x7f, 0x86,
  0x7b, 0x86, 0x82, 0x79, 0x8b, 0x7b, 0x83, 0x85, 0x79, 0x89, 0x7c, 0x80,
  0x83, 0x7c, 0x85, 0x7b, 0x82, 0x82, 0x79, 0x87, 0x7f, 0x7c, 0x80, 0x80,
  0x80, 0x7d, 0x83, 0x7c, 0x7b, 0x83, 0x7f, 0x7f, 0x7d, 0x7f, 0x82, 0x7a,
  0x7f, 0x83, 0x7a, 0x81, 0x7f, 0x7a, 0x85, 0x7d, 0x7c, 0x81, 0x7f, 0x7f,
  0x7b, 0x83, 0x7e, 0x7b, 0x82, 0x7d, 0x82, 0x7e, 0x7e, 0x80, 0x7d, 0x86,
  0x77, 0x82, 0x84, 0x75, 0x8b, 0x7a, 0x7c, 0x88, 0x79, 0x84, 0x7b, 0x83,
  0x80, 0x75, 0x8c, 0x78, 0x7e, 0x8b, 0x74, 0x84, 0x82, 0x7f, 0x80, 0x7d,
  0x88, 0x76, 0x81, 0x89, 0x73, 0x87, 0x84, 0x75, 0x88, 0x81, 0x7b, 0x83,
  0x81, 0x7d, 0x7f, 0x84, 0x7e, 0x7d, 0x85, 0x7f, 0x7d, 0x85, 0x7e, 0x7d,
  0x86, 0x79, 0x81, 0x87, 0x78, 0x85, 0x80, 0x7c, 0x87, 0x7d, 0x7e, 0x82,
  0x82, 0x7d, 0x80, 0x88, 0x74, 0x85, 0x88, 0x74, 0x89, 0x7d, 0x7c, 0x85,
  0x7c, 0x81, 0x7d, 0x86, 0x7c, 0x7e, 0x8c, 0x74, 0x85, 0x82, 0x77, 0x8a,
  0x78, 0x83, 0x80, 0x7d, 0x89, 0x71, 0x8b, 0x83, 0x71, 0x8f, 0x79, 0x7e,
  0x87, 0x78, 0x85, 0x7d, 0x83, 0x82, 0x78, 0x89, 0x7e, 0x7c, 0x86, 0x7e,
  0x7f, 0x81, 0x80, 0x7f, 0x82, 0x80, 0x7e, 0x83, 0x7e, 0x80, 0x82, 0x7c,
  0x83, 0x7f, 0x7e, 0x86, 0x7b, 0x7e, 0x8b, 0x79, 0x7a, 0x8d, 0x79, 0x79,
  0x8c, 0x79, 0x7d, 0x8a, 0x78, 0x80, 0x87, 0x7a, 0x81, 0x85, 0x79, 0x82,
  0x85, 0x78, 0x83, 0x83, 0x79, 0x87, 0x7f, 0x78, 0x8b, 0x7a, 0x7b, 0x8c,
  0x75, 0x81, 0x88, 0x74, 0x85, 0x84, 0x7a, 0x82, 0x84, 0x7d, 0x7a, 0x8b,
  0x7b, 0x7a, 0x8d, 0x74, 0x83, 0x86, 0x77, 0x89, 0x7a, 0x81, 0x85, 0x7a,
  0x86, 0x7a, 0x81, 0x85, 0x7a, 0x83, 0x80, 0x7f, 0x80, 0x82, 0x7f, 0x7b,
  0x87, 0x7f, 0x79, 0x87, 0x83, 0x78, 0x83, 0x86, 0x75, 0x86, 0x84, 0x74,
  0x8a, 0x81, 0x77, 0x87, 0x82, 0x7b, 0x81, 0x84, 0x7b, 0x82, 0x82, 0x7a,
  0x87, 0x7a, 0x7e, 0x8b, 0x75, 0x84, 0x86, 0x76, 0x89, 0x7f, 0x7a, 0x87,
  0x7d, 0x7e, 0x84, 0x7d, 0x82, 0x82, 0x7b, 0x85, 0x7f, 0x7c, 0x86, 0x7c,
  0x7e, 0x86, 0x7d, 0x7c, 0x85, 0x7f, 0x7b, 0x87, 0x7d, 0x7d, 0x86, 0x77,
  0x87, 0x81, 0x75, 0x8c, 0x7d, 0x7a, 0x88, 0x7d, 0x7d, 0x84, 0x80, 0x7b,
  0x87, 0x7f, 0x76, 0x8c, 0x7f, 0x76, 0x89, 0x80, 0x7a, 0x82, 0x83, 0x7b,
  0x81, 0x84, 0x79, 0x81, 0x85, 0x7d, 0x7d, 0x85, 0x80, 0x7a, 0x89, 0x7a,
  0x7d, 0x8c, 0x72, 0x85, 0x87, 0x74, 0x8a, 0x7d, 0x7e, 0x86, 0x7a, 0x85,
  0x7d, 0x81, 0x7e, 0x7f, 0x88, 0x73, 0x8a, 0x82, 0x73, 0x91, 0x76, 0x7e,
  0x8b, 0x77, 0x83, 0x7e, 0x86, 0x7c, 0x79, 0x90, 0x72, 0x83, 0x8c, 0x6e,
  0x8b, 0x83, 0x78, 0x85, 0x7f, 0x83, 0x79, 0x86, 0x83, 0x74, 0x8f, 0x78,
  0x77, 0x94, 0x74, 0x7c, 0x8c, 0x78, 0x7d, 0x87, 0x80, 0x79, 0x84, 0x83,
  0x7b, 0x84, 0x7e, 0x7f, 0x85, 0x79, 0x84, 0x84, 0x76, 0x86, 0x82, 0x77,
  0x87, 0x80, 0x79, 0x87, 0x80, 0x7d, 0x84, 0x7e, 0x7f, 0x83, 0x80, 0x7f,
  0x82, 0x7f, 0x7d, 0x86, 0x7c, 0x7c, 0x8a, 0x78, 0x7f, 0x89, 0x77, 0x82,
  0x82, 0x7a, 0x88, 0x7c, 0x7b, 0x8a, 0x7b, 0x7c, 0x87, 0x7f, 0x7b, 0x82,
  0x85, 0x7a, 0x80, 0x85, 0x7c, 0x83, 0x7d, 0x81, 0x83, 0x79, 0x86, 0x7e,
  0x7d, 0x84, 0x7d, 0x84, 0x7b, 0x83, 0x82, 0x79, 0x8a, 0x7a, 0x7f, 0x87,
  0x78, 0x83, 0x7f, 0x81, 0x81, 0x7e, 0x83, 0x7c, 0x83, 0x7f, 0x7d, 0x85,
  0x7d, 0x80, 0x82, 0x80, 0x7d, 0x82, 0x83, 0x7b, 0x84, 0x7f, 0x7e, 0x82,
  0x80, 0x81, 0x7a, 0x85, 0x80, 0x7d, 0x86, 0x77, 0x87, 0x7f, 0x79, 0x8d,
  0x75, 0x83, 0x85, 0x77, 0x8b, 0x78, 0x82, 0x85, 0x76, 0x89, 0x7d, 0x7c,
  0x84, 0x7f, 0x80, 0x7e, 0x84, 0x7d, 0x80, 0x84, 0x7b, 0x84, 0x80, 0x7c,
  0x84, 0x7e, 0x7d, 0x86, 0x80, 0x79, 0x87, 0x81, 0x7a, 0x85, 0x80, 0x7e,
  0x80, 0x83, 0x7e, 0x7a, 0x8b, 0x7a, 0x7a, 0x8f, 0x75, 0x7f, 0x8c, 0x73,
  0x81, 0x8a, 0x77, 0x7e, 0x8b, 0x7a, 0x79, 0x8f, 0x78, 0x79, 0x90, 0x75,
  0x7c, 0x8b, 0x79, 0x80, 0x84, 0x80, 0x7d, 0x81, 0x83, 0x7b, 0x83, 0x7e,
  0x81, 0x83, 0x7a, 0x87, 0x7c, 0x7d, 0x88, 0x7a, 0x80, 0x80, 0x83, 0x7e,
  0x7c, 0x8b, 0x78, 0x7f, 0x87, 0x77, 0x85, 0x80, 0x7c, 0x84, 0x7f, 0x80,
  0x7f, 0x82, 0x7e, 0x80, 0x84, 0x7b, 0x83, 0x82, 0x7c, 0x82, 0x81, 0x81,
  0x7c, 0x83, 0x81, 0x7a, 0x87, 0x7e, 0x7c, 0x85, 0x7d, 0x82, 0x7f, 0x80,
  0x82, 0x7d, 0x82, 0x7e, 0x80, 0x81, 0x7f, 0x81, 0x7e, 0x81, 0x7f, 0x81,
  0x81, 0x7c, 0x82, 0x7e, 0x83, 0x7f, 0x7b, 0x8b, 0x78, 0x7f, 0x8c, 0x74,
  0x82, 0x88, 0x78, 0x7f, 0x87, 0x7f, 0x78, 0x88, 0x80, 0x79, 0x8a, 0x79,
  0x7e, 0x88, 0x78, 0x84, 0x7f, 0x7d, 0x86, 0x7b, 0x81, 0x82, 0x80, 0x80,
  0x7c, 0x84, 0x7f, 0x7f, 0x81, 0x7e, 0x83, 0x7e, 0x80, 0x82, 0x7c, 0x83,
  0x81, 0x7d, 0x83, 0x80, 0x7e, 0x81, 0x80, 0x7e, 0x81, 0x82, 0x7b, 0x82,
  0x83, 0x7a, 0x84, 0x82, 0x79, 0x86, 0x83, 0x78, 0x81, 0x87, 0x7a, 0x7c,
  0x8b, 0x78, 0x7d, 0x8e, 0x71, 0x84, 0x8b, 0x6d, 0x8c, 0x84, 0x72, 0x8a,
  0x7e, 0x7b, 0x82, 0x85, 0x7a, 0x7b, 0x91, 0x71, 0x80, 0x90, 0x6b, 0x8c,
  0x82, 0x73, 0x8f, 0x78, 0x7e, 0x85, 0x7e, 0x80, 0x7e, 0x86, 0x78, 0x86,
  0x84, 0x74, 0x8c, 0x7b, 0x7d, 0x87, 0x79, 0x85, 0x7f, 0x7d, 0x84, 0x7f,
  0x80, 0x7f, 0x83, 0x7c, 0x83, 0x82, 0x76, 0x8b, 0x7e, 0x77, 0x8c, 0x7d,
  0x79, 0x87, 0x80, 0x78, 0x87, 0x83, 0x74, 0x89, 0x83, 0x76, 0x87, 0x82,
  0x79, 0x84, 0x85, 0x76, 0x84, 0x88, 0x74, 0x86, 0x83, 0x78, 0x87, 0x7c,
  0x7e, 0x85, 0x7e, 0x7e, 0x81, 0x83, 0x7a, 0x84, 0x81, 0x78, 0x8b, 0x7a,
  0x7c, 0x8a, 0x77, 0x84, 0x83, 0x78, 0x86, 0x81, 0x7b, 0x82, 0x82, 0x7e,
  0x81, 0x7e, 0x81, 0x83, 0x7a, 0x83, 0x83, 0x7a, 0x83, 0x82, 0x7b, 0x7f,
  0x88, 0x7a, 0x7c, 0x8c, 0x77, 0x7f, 0x89, 0x77, 0x84, 0x84, 0x7a, 0x82,
  0x83, 0x7f, 0x7c, 0x84, 0x80, 0x7b, 0x85, 0x7e, 0x7c, 0x85, 0x7e, 0x7d,
  0x85, 0x7f, 0x7c, 0x85, 0x7f, 0x7c, 0x86, 0x7c, 0x7e, 0x87, 0x7b, 0x7e,
  0x84, 0x7f, 0x80, 0x7e, 0x85, 0x7d, 0x7e, 0x87, 0x79, 0x82, 0x83, 0x79,
  0x85, 0x7f, 0x7e, 0x82, 0x7f, 0x80, 0x7d, 0x85, 0x7c, 0x7d, 0x88, 0x7a,
  0x7f, 0x85, 0x7e, 0x7f, 0x80, 0x82, 0x7d, 0x82, 0x83, 0x78, 0x84, 0x85,
  0x77, 0x82, 0x87, 0x79, 0x81, 0x84, 0x7a, 0x82, 0x81, 0x7e, 0x80, 0x7e,
  0x85, 0x7e, 0x7b, 0x87, 0x81, 0x7c, 0x82, 0x82, 0x7c, 0x81, 0x84, 0x79,
  0x82, 0x85, 0x79, 0x83, 0x82, 0x7c, 0x82, 0x7f, 0x7f, 0x80, 0x82, 0x7e,
  0x7e, 0x84, 0x7c, 0x82, 0x81, 0x7b, 0x86, 0x7d, 0x7e, 0x86, 0x7b, 0x81,
  0x84, 0x7e, 0x7d, 0x84, 0x82, 0x79, 0x86, 0x81, 0x77, 0x89, 0x7f, 0x7a,
  0x87, 0x7d, 0x7e, 0x84, 0x7f, 0x7c, 0x83, 0x85, 0x75, 0x83, 0x88, 0x77,
  0x84, 0x81, 0x7c, 0x86, 0x7e, 0x7f, 0x80, 0x82, 0x81, 0x79, 0x86, 0x81,
  0x7a, 0x86, 0x7e, 0x7f, 0x83, 0x7e, 0x80, 0x7f, 0x83, 0x7d, 0x7d, 0x86,
  0x7d, 0x7e, 0x83, 0x7f, 0x7f, 0x7f, 0x81, 0x80, 0x80, 0x7e, 0x81, 0x84,
  0x79, 0x81, 0x85, 0x79, 0x83, 0x84, 0x7b, 0x80, 0x82, 0x81, 0x7c, 0x82,
  0x83, 0x7d, 0x82, 0x80, 0x80, 0x81, 0x80, 0x7f, 0x7e, 0x86, 0x7d, 0x7a,
  0x89, 0x7e, 0x7a, 0x85, 0x7f, 0x7f, 0x83, 0x7b, 0x80, 0x88, 0x78, 0x7b,
  0x8d, 0x7d, 0x75, 0x8a, 0x81, 0x77, 0x89, 0x7f, 0x77, 0x89, 0x7f, 0x7a,
  0x83, 0x82, 0x7f, 0x7c, 0x84, 0x82, 0x7c, 0x82, 0x80, 0x80, 0x7f, 0x81,
  0x80, 0x7c, 0x84, 0x7e, 0x7f, 0x84, 0x7c, 0x84, 0x7f, 0x7d, 0x85, 0x7d,
  0x80, 0x82, 0x7f, 0x80, 0x81, 0x81, 0x7e, 0x83, 0x7f, 0x7f, 0x86, 0x78,
  0x82, 0x87, 0x76, 0x84, 0x85, 0x74, 0x85, 0x89, 0x73, 0x83, 0x8a, 0x73,
  0x83, 0x8a, 0x72, 0x84, 0x88, 0x72, 0x85, 0x8a, 0x75, 0x80, 0x89, 0x79,
  0x80, 0x87, 0x78, 0x82, 0x84, 0x78, 0x87, 0x81, 0x78, 0x87, 0x7f, 0x7d,
  0x83, 0x80, 0x81, 0x7c, 0x82, 0x81, 0x7d, 0x84, 0x7d, 0x81, 0x81, 0x7f,
  0x83, 0x7c, 0x83, 0x80, 0x7d, 0x84, 0x7d, 0x81, 0x81, 0x7e, 0x81, 0x80,
  0x82, 0x7b, 0x83, 0x83, 0x79, 0x85, 0x81, 0x7c, 0x84, 0x7f, 0x7f, 0x81,
  0x82, 0x7c, 0x80, 0x86, 0x78, 0x80, 0x85, 0x7c, 0x82, 0x7e, 0x80, 0x86,
  0x7b, 0x7e, 0x86, 0x7d, 0x7d, 0x87, 0x7d, 0x7c, 0x88, 0x7d, 0x7c, 0x86,
  0x7d, 0x7e, 0x84, 0x7e, 0x80, 0x83, 0x7d, 0x81, 0x83, 0x7c, 0x81, 0x81,
  0x7d, 0x82, 0x80, 0x7e, 0x82, 0x80, 0x7e, 0x81, 0x81, 0x7e, 0x81, 0x80,
  0x7f, 0x83, 0x7d, 0x7e, 0x86, 0x7d, 0x7f, 0x83, 0x7e, 0x81, 0x80, 0x80,
  0x80, 0x80, 0x83, 0x7d, 0x80, 0x83, 0x7e, 0x7f, 0x82, 0x80, 0x7f, 0x81,
  0x81, 0x7d, 0x80, 0x83, 0x7b, 0x81, 0x84, 0x7a, 0x83, 0x85, 0x79, 0x81,
  0x87, 0x7b, 0x7c, 0x87, 0x7e, 0x7a, 0x87, 0x7d, 0x7c, 0x85, 0x7d, 0x80,
  0x81, 0x7f, 0x81, 0x80, 0x81, 0x7d, 0x81, 0x83, 0x7d, 0x81, 0x7f, 0x80,
  0x83, 0x7d, 0x7e, 0x83, 0x82, 0x7b, 0x7e, 0x87, 0x7e, 0x7b, 0x83, 0x82,
  0x7f, 0x7f, 0x7f, 0x82, 0x80, 0x7e, 0x80, 0x80, 0x80, 0x82, 0x7d, 0x7e,
  0x85, 0x80, 0x7b, 0x83, 0x83, 0x7c, 0x82, 0x81, 0x7d, 0x84, 0x7f, 0x7d,
  0x84, 0x7e, 0x7f, 0x83, 0x7d, 0x7f, 0x85, 0x7e, 0x7e, 0x84, 0x7d, 0x7f,
  0x85, 0x7c, 0x7f, 0x85, 0x7c, 0x7e, 0x84, 0x7e, 0x7f, 0x82, 0x7f, 0x7f,
  0x82, 0x7f, 0x7e, 0x83, 0x7f, 0x7f, 0x81, 0x7f, 0x81, 0x80, 0x7f, 0x81,
  0x7f, 0x7f, 0x80, 0x80, 0x81, 0x7f, 0x80, 0x80, 0x81, 0x80, 0x7f, 0x84,
  0x7e, 0x7d, 0x85, 0x7e, 0x7d, 0x82, 0x81, 0x80, 0x7f, 0x81, 0x81, 0x81,
  0x7f, 0x7c, 0x83, 0x82, 0x7c, 0x80, 0x82, 0x81, 0x7e, 0x80, 0x81, 0x7f,
  0x82, 0x7f, 0x7d, 0x83, 0x80, 0x7e, 0x80, 0x81, 0x80, 0x7f, 0x81, 0x80,
  0x80, 0x80, 0x7e, 0x81, 0x80, 0x80, 0x7f, 0x7f, 0x81, 0x80, 0x7f, 0x81,
  0x80, 0x81, 0x80, 0x7f, 0x81, 0x80, 0x7e, 0x7f, 0x81, 0x81, 0x7f, 0x80,
  0x80, 0x81, 0x82, 0x7e, 0x80, 0x81, 0x7e, 0x81, 0x80, 0x7f, 0x81, 0x80,
  0x80, 0x81, 0x80, 0x7f, 0x81, 0x81, 0x7f, 0x82, 0x80, 0x7d, 0x81, 0x80,
  0x7f, 0x81, 0x80, 0x80, 0x81, 0x81, 0x7f, 0x7f, 0x80, 0x7f, 0x80, 0x7f,
  0x7f, 0x81, 0x80, 0x80, 0x80, 0x81, 0x81, 0x7f, 0x80, 0x81, 0x7f, 0x7f,
  0x80, 0x81, 0x80, 0x80, 0x80, 0x81, 0x81, 0x80, 0x80, 0x7f, 0x80, 0x81,
  0x80, 0x80, 0x81, 0x7f, 0x7f, 0x81, 0x81, 0x7f, 0x80, 0x80, 0x80, 0x80,
  0x7f, 0x80, 0x80, 0x80, 0x80, 0x81, 0x80, 0x7f, 0x7e, 0x81, 0x81, 0x80,
  0x80, 0x7f, 0x81, 0x80, 0x7f, 0x80, 0x81, 0x80, 0x7f, 0x80, 0x81, 0x7f,
  0x7f, 0x7f, 0x81, 0x81, 0x7f, 0x7f, 0x80, 0x81, 0x81, 0x80, 0x80, 0x80,
  0x7f, 0x80, 0x80, 0x80, 0x80, 0x80, 0x81, 0x80, 0x80, 0x80, 0x7f, 0x80,
  0x80, 0x80, 0x80, 0x80, 0x80, 0x80, 0x81, 0x80, 0x7f, 0x80, 0x80, 0x80,
  0x7f, 0x7f, 0x80, 0x80, 0x80, 0x80, 0x80, 0x80, 0x7f, 0x80, 0x80, 0x80,
  0x80, 0x7f, 0x80, 0x80, 0x80, 0x80, 0x80, 0x81, 0x80, 0x80, 0x80, 0x80,
  0x81, 0x80, 0x7f, 0x80, 0x80, 0x81, 0x80, 0x80, 0x80, 0x81, 0x80, 0x7f,
  0x80, 0x81, 0x7f, 0x80, 0x80, 0x80, 0x81, 0x7f, 0x80, 0x81, 0x80, 0x7f,
  0x80, 0x80, 0x80, 0x80, 0x7f, 0x80, 0x81, 0x80, 0x80, 0x81, 0x81, 0x80,
  0x80, 0x80, 0x80, 0x80, 0x7f, 0x80, 0x81, 0x80, 0x80, 0x80, 0x80, 0x81,
  0x80, 0x7f, 0x80, 0x80, 0x7f, 0x7f, 0x80, 0x80, 0x80, 0x80, 0x80, 0x80,
  0x80, 0x7f, 0x80, 0x80, 0x80, 0x7f, 0x7f, 0x80, 0x80, 0x80, 0x80, 0x80,
  0x80, 0x80, 0x80, 0x80, 0x80, 0x80, 0x80, 0x80, 0x80, 0x80, 0x80, 0x80,
  0x80, 0x80, 0x80, 0x80, 0x80, 0x80, 0x80, 0x80, 0x80, 0x80, 0x80, 0x80,
  0x80, 0x80, 0x80, 0x80, 0x80, 0x80, 0x80, 0x80, 0x80, 0x80, 0x80, 0x80,
  0x80, 0x80, 0x80, 0x80, 0x80, 0x80, 0x80, 0x80, 0x80, 0x80, 0x80, 0x80,
  0x80, 0x80, 0x80, 0x80, 0x80, 0x80, 0x80, 0x80, 0x80, 0x80, 0x80, 0x80,
  0x80, 0x80, 0x80, 0x80, 0x80, 0x80, 0x80, 0x80, 0x80, 0x80, 0x80, 0x80,
  0x80, 0x80, 0x80, 0x80, 0x80, 0x80, 0x80, 0x80, 0x80, 0x80, 0x80, 0x80,
  0x80, 0x80, 0x80, 0x80, 0x80, 0x80, 0x80, 0x80, 0x80, 0x80, 0x80, 0x80,
  0x80, 0x80, 0x80, 0x80, 0x80, 0x80, 0x80, 0x80, 0x80, 0x80, 0x80, 0x80,
  0x80, 0x80, 0x80, 0x80, 0x80, 0x80, 0x80, 0x80, 0x80, 0x80, 0x80, 0x80,
  0x80, 0x80, 0x80, 0x80, 0x80, 0x80, 0x80, 0x80, 0x80, 0x80, 0x80, 0x80,
  0x80, 0x80, 0x80, 0x80, 0x80, 0x80, 0x80, 0x80, 0x80, 0x80, 0x80, 0x80,
  0x80, 0x80, 0x80, 0x80, 0x80, 0x80, 0x80, 0x80, 0x80, 0x80, 0x80, 0x80,
  0x80, 0x80, 0x80, 0x80, 0x80, 0x80, 0x80, 0x80, 0x80, 0x80, 0x80, 0x80,
  0x80, 0x80, 0x80, 0x80, 0x80, 0x80, 0x80, 0x80, 0x80, 0x80, 0x80, 0x80,
  0x80, 0x80, 0x80, 0x80, 0x80, 0x80, 0x80, 0x80, 0x80, 0x80, 0x80, 0x80,
  0x80, 0x80, 0x80, 0x80, 0x80, 0x80, 0x80, 0x80, 0x80, 0x80, 0x80, 0x80,
  0x80, 0x80, 0x80, 0x80, 0x80, 0x80, 0x80, 0x80, 0x80, 0x80, 0x80, 0x80,
  0x80, 0x80, 0x80, 0x80, 0x80, 0x80, 0x80, 0x80, 0x80, 0x80, 0x80, 0x80,
  0x80, 0x80, 0x80, 0x80, 0x80, 0x80, 0x80, 0x80, 0x80, 0x80, 0x80, 0x80,
  0x80, 0x80, 0x80, 0x80, 0x80, 0x80, 0x80, 0x80, 0x80, 0x80, 0x80, 0x80,
  0x80, 0x80, 0x80, 0x80, 0x80, 0x80, 0x80, 0x80, 0x80, 0x80, 0x80, 0x80,
  0x80, 0x80, 0x80, 0x80, 0x80, 0x80, 0x80, 0x80, 0x80, 0x80, 0x80, 0x80,
  0x80, 0x80, 0x80, 0x80, 0x80, 0x80, 0x80, 0x80, 0x80, 0x80, 0x80, 0x80,
  0x80, 0x80, 0x80, 0x80, 0x80, 0x80, 0x80, 0x80, 0x80, 0x80, 0x80, 0x80,
  0x80, 0x80, 0x80, 0x80, 0x80, 0x80, 0x80, 0x80, 0x80, 0x80, 0x80, 0x80,
  0x80, 0x80, 0x80, 0x80, 0x80, 0x80, 0x80, 0x80, 0x80, 0x80, 0x80, 0x80,
  0x80, 0x80, 0x80, 0x80, 0x80, 0x80, 0x80, 0x80, 0x80, 0x80, 0x80, 0x80,
  0x80, 0x80, 0x80, 0x80, 0x80, 0x80, 0x80, 0x80, 0x80, 0x80, 0x80, 0x80,
  0x80, 0x80, 0x80, 0x80, 0x80, 0x80, 0x80, 0x80, 0x80, 0x80, 0x80, 0x80,
  0x80, 0x80, 0x80, 0x80, 0x80, 0x80, 0x80, 0x80, 0x80, 0x80, 0x80, 0x80,
  0x80, 0x80, 0x80, 0x80, 0x80, 0x80, 0x80, 0x80, 0x80, 0x80, 0x80, 0x80,
  0x80, 0x80, 0x80, 0x80, 0x80, 0x80, 0x80, 0x80, 0x80, 0x80, 0x80, 0x80,
  0x80, 0x80, 0x80, 0x80, 0x80, 0x80, 0x80, 0x80, 0x80, 0x80, 0x80, 0x80,
  0x80, 0x80, 0x80, 0x80, 0x80, 0x80, 0x80, 0x80, 0x80, 0x80, 0x80, 0x80,
  0x80, 0x80, 0x80, 0x80, 0x80, 0x80, 0x80, 0x80, 0x80, 0x80, 0x80, 0x80,
  0x80, 0x80, 0x80, 0x80, 0x80, 0x80, 0x80, 0x80, 0x80, 0x80, 0x80, 0x80,
  0x80, 0x80, 0x80, 0x80, 0x80, 0x80, 0x80, 0x80, 0x80, 0x80, 0x80, 0x80,
  0x80, 0x80, 0x80, 0x80, 0x80, 0x80, 0x80, 0x80, 0x80, 0x80, 0x80, 0x80,
  0x80, 0x80, 0x80, 0x80, 0x80, 0x80, 0x80, 0x80, 0x80, 0x80, 0x80, 0x80,
  0x80, 0x80, 0x80, 0x80, 0x80, 0x80, 0x80, 0x80, 0x80, 0x80, 0x80, 0x80,
  0x80, 0x80, 0x80, 0x80, 0x80, 0x80, 0x80, 0x80, 0x80, 0x80, 0x80, 0x80,
  0x80, 0x80, 0x80, 0x80, 0x80, 0x80, 0x80, 0x80, 0x80, 0x80, 0x80, 0x80,
  0x80, 0x80, 0x80, 0x80, 0x80, 0x80, 0x80, 0x80, 0x80, 0x80, 0x80, 0x80,
  0x80, 0x80, 0x80, 0x80, 0x80, 0x80, 0x80, 0x80, 0x80, 0x80, 0x80, 0x80,
  0x80, 0x80, 0x80, 0x80, 0x80, 0x80, 0x80, 0x80, 0x80, 0x80, 0x80, 0x80,
  0x80, 0x80, 0x80, 0x80, 0x80, 0x80, 0x80, 0x80, 0x80, 0x80, 0x80, 0x80,
  0x80, 0x80, 0x80, 0x80, 0x80, 0x80, 0x80, 0x80, 0x80, 0x80, 0x80, 0x80,
  0x80, 0x80, 0x80, 0x80, 0x80, 0x80, 0x80, 0x80, 0x80, 0x80, 0x80, 0x80,
  0x80, 0x80, 0x80, 0x80, 0x80, 0x80, 0x80, 0x80, 0x80, 0x80, 0x80, 0x80,
  0x80, 0x80, 0x80, 0x80, 0x80, 0x80, 0x80, 0x80, 0x80, 0x80, 0x80, 0x80,
  0x80, 0x80, 0x80, 0x80, 0x80, 0x80, 0x80, 0x80, 0x80, 0x80, 0x80, 0x80,
  0x80, 0x80, 0x80, 0x80, 0x80, 0x80, 0x80, 0x80, 0x80, 0x80, 0x80, 0x80,
  0x80, 0x80, 0x80, 0x80, 0x80, 0x80, 0x80, 0x80, 0x80, 0x80, 0x80, 0x80,
  0x80, 0x80, 0x80, 0x80, 0x80, 0x80, 0x80, 0x80, 0x80, 0x80, 0x80, 0x80,
  0x80, 0x80, 0x80, 0x80, 0x80, 0x80, 0x80, 0x80, 0x80, 0x80, 0x80, 0x80,
  0x80, 0x80, 0x80, 0x80, 0x80, 0x80, 0x80, 0x80, 0x80, 0x80, 0x80, 0x80,
  0x80, 0x80, 0x80, 0x80, 0x80, 0x80, 0x80, 0x80, 0x80, 0x80, 0x80, 0x80,
  0x80, 0x80, 0x80, 0x80, 0x80, 0x80, 0x80, 0x80, 0x80, 0x80, 0x80, 0x80,
  0x80, 0x80, 0x80, 0x80, 0x80, 0x80, 0x80, 0x80, 0x80, 0x80, 0x80, 0x80,
  0x80, 0x80, 0x80, 0x80, 0x80, 0x80, 0x80, 0x80, 0x80, 0x80, 0x80, 0x80,
  0x80, 0x80, 0x80, 0x80, 0x80, 0x80, 0x80, 0x80, 0x80, 0x80, 0x80, 0x80,
  0x80, 0x80, 0x80, 0x80, 0x80, 0x80, 0x80, 0x80, 0x80, 0x80, 0x80, 0x80,
  0x80, 0x80, 0x80, 0x80, 0x80, 0x80, 0x80, 0x80, 0x80, 0x80, 0x80, 0x80,
  0x80, 0x80, 0x80, 0x80, 0x80, 0x80, 0x80, 0x80, 0x80, 0x80, 0x80, 0x80,
  0x80, 0x80, 0x80, 0x80, 0x80, 0x80, 0x80, 0x80, 0x80, 0x80, 0x80, 0x80,
  0x80, 0x80, 0x80, 0x80, 0x80, 0x80, 0x80, 0x80, 0x80, 0x80, 0x80, 0x80,
  0x80, 0x80, 0x80, 0x80, 0x80, 0x80, 0x80, 0x80, 0x80, 0x80, 0x80, 0x80,
  0x80, 0x80, 0x80, 0x80, 0x80, 0x80, 0x80, 0x80, 0x80, 0x80, 0x80, 0x80,
  0x80, 0x80, 0x80, 0x80, 0x80, 0x80, 0x80, 0x80, 0x80, 0x80, 0x80, 0x80,
  0x80, 0x80, 0x80, 0x80, 0x80, 0x80, 0x80, 0x80, 0x80, 0x80, 0x80, 0x80,
  0x80, 0x80, 0x80, 0x80, 0x80, 0x80, 0x80, 0x80, 0x80, 0x80, 0x80, 0x80,
  0x80, 0x80, 0x80, 0x80, 0x80, 0x80, 0x80, 0x80, 0x80, 0x80, 0x80, 0x80,
  0x80, 0x80, 0x80, 0x80, 0x80, 0x80, 0x80, 0x80, 0x80, 0x80, 0x80, 0x80,
  0x80, 0x80, 0x80, 0x80, 0x80, 0x80, 0x80, 0x80, 0x80, 0x80, 0x80, 0x80,
  0x80, 0x80, 0x80, 0x80, 0x80, 0x80, 0x80, 0x80, 0x80, 0x80, 0x80, 0x80,
  0x80, 0x80, 0x80, 0x80, 0x80, 0x80, 0x80, 0x80, 0x80, 0x80, 0x80, 0x80,
  0x80, 0x80, 0x80, 0x80, 0x80, 0x80, 0x80, 0x80, 0x80, 0x80, 0x80, 0x80,
  0x80, 0x80, 0x80, 0x80, 0x80, 0x80, 0x80, 0x80, 0x80, 0x80, 0x80, 0x80,
  0x80, 0x80, 0x80, 0x80, 0x80, 0x80, 0x80, 0x80, 0x80, 0x80, 0x80, 0x80,
  0x80, 0x80, 0x80, 0x80, 0x80, 0x80, 0x80, 0x80, 0x80, 0x80, 0x80, 0x80,
  0x80, 0x80, 0x80, 0x80, 0x80, 0x80, 0x80, 0x80, 0x80, 0x80, 0x80, 0x80,
  0x80, 0x80, 0x80, 0x80, 0x80, 0x80, 0x80, 0x80, 0x80, 0x80, 0x80, 0x80,
  0x80, 0x80, 0x80, 0x80, 0x80, 0x80, 0x80, 0x80, 0x80, 0x80, 0x80, 0x80,
  0x80, 0x80, 0x80, 0x80, 0x80, 0x80, 0x80, 0x80, 0x80, 0x80, 0x80, 0x80,
  0x80, 0x80, 0x80, 0x80, 0x80, 0x80, 0x80, 0x80, 0x80, 0x80, 0x80, 0x80,
  0x80, 0x80, 0x80, 0x80, 0x80, 0x80, 0x80, 0x80, 0x80, 0x80, 0x80, 0x80,
  0x80, 0x80, 0x80, 0x80, 0x80, 0x80, 0x80, 0x80, 0x80, 0x80, 0x80, 0x80,
  0x80, 0x80, 0x80, 0x80, 0x80, 0x80, 0x80, 0x80, 0x80, 0x80, 0x80, 0x80,
  0x80, 0x80, 0x80, 0x80, 0x80, 0x80, 0x80, 0x80, 0x80, 0x80, 0x80, 0x80,
  0x80, 0x80, 0x80, 0x80, 0x80, 0x80, 0x80, 0x80, 0x80, 0x80, 0x80, 0x80,
  0x80, 0x80, 0x80, 0x80, 0x80, 0x80, 0x80, 0x80, 0x80, 0x80, 0x80, 0x80,
  0x80, 0x80, 0x80, 0x80, 0x80, 0x80, 0x80, 0x80, 0x80, 0x80, 0x80, 0x80,
  0x80, 0x80, 0x80, 0x80, 0x80, 0x80, 0x80, 0x80, 0x80, 0x80, 0x80, 0x80,
  0x80, 0x80, 0x80, 0x80, 0x80, 0x80, 0x80, 0x80, 0x80, 0x80, 0x80, 0x80,
  0x80, 0x80, 0x80, 0x80, 0x80, 0x80, 0x80, 0x80, 0x80, 0x80, 0x80, 0x80,
  0x80, 0x80, 0x80, 0x80, 0x80, 0x80, 0x80, 0x80, 0x80, 0x80, 0x80, 0x80,
  0x80, 0x80, 0x80, 0x80, 0x80, 0x80, 0x80, 0x80, 0x80, 0x80, 0x80, 0x80,
  0x80, 0x80, 0x80, 0x80, 0x80, 0x80, 0x80, 0x80, 0x80, 0x80, 0x80, 0x80,
  0x80, 0x80, 0x80, 0x80, 0x80, 0x80, 0x80, 0x80, 0x80, 0x80, 0x80, 0x80,
  0x80, 0x80, 0x80, 0x80, 0x80, 0x80, 0x80, 0x80, 0x80, 0x80, 0x80, 0x80,
  0x80, 0x80, 0x80, 0x80, 0x80, 0x80, 0x80, 0x80, 0x80, 0x80, 0x80, 0x80,
  0x80, 0x80, 0x80, 0x80, 0x80, 0x80, 0x80, 0x80, 0x80, 0x80, 0x80, 0x80,
  0x80, 0x80, 0x80, 0x80, 0x80, 0x80, 0x80, 0x80, 0x80, 0x80, 0x80, 0x80,
  0x80, 0x80, 0x80, 0x80, 0x80, 0x80, 0x80, 0x80, 0x80, 0x80, 0x80, 0x80,
  0x80, 0x80, 0x80, 0x80, 0x80, 0x80, 0x80, 0x80, 0x80, 0x80, 0x80, 0x80,
  0x80, 0x80, 0x80, 0x80, 0x80, 0x80, 0x80, 0x80, 0x80, 0x80, 0x80, 0x80,
  0x80, 0x80, 0x80, 0x80, 0x80, 0x80, 0x80, 0x80, 0x80, 0x80, 0x80, 0x80,
  0x80, 0x80, 0x80, 0x80, 0x80, 0x80, 0x80, 0x80, 0x80, 0x80, 0x80, 0x80,
  0x80, 0x80, 0x80, 0x80, 0x80, 0x80, 0x80, 0x80, 0x80, 0x80, 0x80, 0x80,
  0x80, 0x80, 0x80, 0x80, 0x80, 0x80, 0x80, 0x80, 0x80, 0x80, 0x80, 0x80,
  0x80, 0x80, 0x80, 0x80, 0x80, 0x80, 0x80, 0x80, 0x80, 0x80, 0x80, 0x80,
  0x80, 0x80, 0x80, 0x80, 0x80, 0x80, 0x80, 0x80, 0x80, 0x80, 0x80, 0x80,
  0x80, 0x80, 0x80, 0x80, 0x80, 0x80, 0x80, 0x80, 0x80, 0x80, 0x80, 0x80,
  0x80, 0x80, 0x80, 0x80, 0x80, 0x80, 0x80, 0x80, 0x80, 0x80, 0x80, 0x80,
  0x80, 0x80, 0x80, 0x80, 0x80, 0x80, 0x80, 0x80, 0x80, 0x80, 0x80, 0x80,
  0x80, 0x80, 0x80, 0x80, 0x80, 0x80, 0x80, 0x80, 0x80, 0x80, 0x80, 0x80,
  0x80, 0x80, 0x80, 0x80, 0x80, 0x80, 0x80, 0x80, 0x80, 0x80, 0x80, 0x80,
  0x80, 0x80, 0x80, 0x80, 0x80, 0x80, 0x80, 0x80, 0x80, 0x80, 0x80, 0x80,
  0x80, 0x80, 0x80, 0x80, 0x80, 0x80, 0x80, 0x80, 0x80, 0x80, 0x80, 0x80,
  0x80, 0x80, 0x80, 0x80, 0x80, 0x80, 0x80, 0x80, 0x80, 0x80, 0x80, 0x80,
  0x80, 0x80, 0x80, 0x80, 0x80, 0x80, 0x80, 0x80, 0x80, 0x80, 0x80, 0x80,
  0x80, 0x80, 0x80, 0x80, 0x80, 0x80, 0x80, 0x80, 0x80, 0x80, 0x80, 0x80,
  0x80, 0x80, 0x80, 0x80, 0x80, 0x80, 0x80, 0x80, 0x80, 0x80, 0x80, 0x80,
  0x80, 0x80, 0x80, 0x80, 0x80, 0x80, 0x80, 0x80, 0x80, 0x80, 0x80, 0x80,
  0x80, 0x80, 0x80, 0x80, 0x80, 0x80, 0x80, 0x80, 0x80, 0x80, 0x80, 0x80,
  0x80, 0x80, 0x80, 0x80, 0x80, 0x80, 0x80, 0x80, 0x80, 0x80, 0x80, 0x80,
  0x80, 0x80, 0x80, 0x80, 0x80, 0x80, 0x80, 0x80, 0x80, 0x80, 0x80, 0x80,
  0x80, 0x80, 0x80, 0x80, 0x80, 0x80, 0x80, 0x80, 0x80, 0x80, 0x80, 0x80,
  0x80, 0x80, 0x80, 0x80, 0x80, 0x80, 0x80, 0x80, 0x80, 0x80, 0x80, 0x80,
  0x80, 0x80, 0x80, 0x80, 0x80, 0x80, 0x80, 0x80, 0x80, 0x80, 0x80, 0x80,
  0x80, 0x80, 0x80, 0x80, 0x80, 0x80, 0x80, 0x80, 0x80, 0x80, 0x80, 0x80,
  0x80, 0x80, 0x80, 0x80, 0x80, 0x80, 0x80, 0x80, 0x80, 0x80, 0x80, 0x80,
  0x80, 0x80, 0x80, 0x80, 0x80, 0x80, 0x80, 0x80, 0x80, 0x80, 0x80, 0x80,
  0x80, 0x80, 0x80, 0x80, 0x80, 0x80, 0x80, 0x80, 0x80, 0x80, 0x80, 0x80,
  0x80, 0x80, 0x80, 0x80, 0x80, 0x80, 0x80, 0x80, 0x80, 0x80, 0x80, 0x80,
  0x80, 0x80, 0x80, 0x80, 0x80, 0x80, 0x80, 0x80, 0x80, 0x80, 0x80, 0x80,
  0x80, 0x80, 0x80, 0x80, 0x80, 0x80, 0x80, 0x80, 0x80, 0x80, 0x80, 0x80,
  0x80, 0x80, 0x80, 0x80, 0x80, 0x80, 0x80, 0x80, 0x80, 0x80, 0x80, 0x80,
  0x80, 0x80, 0x80, 0x80, 0x80, 0x80, 0x80, 0x80, 0x80, 0x80, 0x80, 0x80,
  0x80, 0x80, 0x80, 0x80, 0x80, 0x80, 0x80, 0x80, 0x80, 0x80, 0x80, 0x80,
  0x80, 0x80, 0x80, 0x80, 0x80, 0x80, 0x80, 0x80, 0x80, 0x80, 0x80, 0x80,
  0x80, 0x80, 0x80, 0x80, 0x80, 0x80, 0x80, 0x80, 0x80, 0x80, 0x80, 0x80,
  0x80, 0x80, 0x80, 0x80, 0x80, 0x80, 0x80, 0x80, 0x80, 0x80, 0x80, 0x80,
  0x80, 0x80, 0x80, 0x80, 0x80, 0x80, 0x80, 0x80, 0x80, 0x80, 0x80, 0x80,
  0x80, 0x80, 0x80, 0x80, 0x80, 0x80, 0x80, 0x80, 0x80, 0x80, 0x80, 0x80,
  0x80, 0x80, 0x80, 0x80, 0x80, 0x80, 0x80, 0x80, 0x80, 0x80, 0x80, 0x80,
  0x80, 0x80, 0x80, 0x80, 0x80, 0x80, 0x80, 0x80, 0x80, 0x80, 0x80, 0x80,
  0x80, 0x80, 0x80, 0x80, 0x80, 0x80, 0x80, 0x80, 0x80, 0x80, 0x80, 0x80,
  0x80, 0x80, 0x80, 0x80, 0x80, 0x80, 0x80, 0x80, 0x80, 0x80, 0x80, 0x80,
  0x80, 0x80, 0x80, 0x80, 0x80, 0x80, 0x80, 0x80, 0x80, 0x80, 0x80, 0x80,
  0x80, 0x80, 0x80, 0x80, 0x80, 0x80, 0x80, 0x80, 0x80, 0x80, 0x80, 0x80,
  0x80, 0x80, 0x80, 0x80, 0x80, 0x80, 0x80, 0x80, 0x80, 0x80, 0x80, 0x80,
  0x80, 0x80, 0x80, 0x80, 0x80, 0x80, 0x80, 0x80, 0x80, 0x80, 0x80, 0x80,
  0x80, 0x80, 0x80, 0x80, 0x80, 0x80, 0x80, 0x80, 0x80, 0x80, 0x80, 0x80,
  0x80, 0x80, 0x80, 0x80, 0x80, 0x80, 0x80, 0x80, 0x80, 0x80, 0x80, 0x80,
  0x80, 0x80, 0x80, 0x80, 0x80, 0x80, 0x80, 0x80, 0x80, 0x80, 0x80, 0x80,
  0x80, 0x80, 0x80, 0x80, 0x80, 0x80, 0x80, 0x80, 0x80, 0x80, 0x80, 0x80,
  0x80, 0x80, 0x80, 0x80, 0x80, 0x80, 0x80, 0x80, 0x80, 0x80, 0x80, 0x80,
  0x80, 0x80, 0x80, 0x80, 0x80, 0x80, 0x80, 0x80, 0x80, 0x80, 0x80, 0x80,
  0x80, 0x80, 0x80, 0x80, 0x80, 0x80, 0x80, 0x80, 0x80, 0x80, 0x80, 0x80,
  0x80, 0x80, 0x80, 0x80, 0x80, 0x80, 0x80, 0x80, 0x80, 0x80, 0x80, 0x80,
  0x80, 0x80, 0x80, 0x80, 0x80, 0x80, 0x80, 0x80, 0x80, 0x80, 0x80, 0x80,
  0x80, 0x80, 0x80, 0x80, 0x80, 0x80, 0x80, 0x80, 0x80, 0x80, 0x80, 0x80,
  0x80, 0x80, 0x80, 0x80, 0x80, 0x80, 0x80, 0x80, 0x80, 0x80, 0x80, 0x80,
  0x80, 0x80, 0x80, 0x80, 0x80, 0x80, 0x80, 0x80, 0x80, 0x80, 0x80, 0x80,
  0x80, 0x80, 0x80, 0x80, 0x80, 0x80, 0x80, 0x80, 0x80, 0x80, 0x80, 0x80,
  0x80, 0x80, 0x80, 0x80, 0x80, 0x80, 0x80, 0x80, 0x80, 0x80, 0x80, 0x80,
  0x80, 0x80, 0x80, 0x80, 0x80, 0x80, 0x80, 0x80, 0x80, 0x80, 0x80, 0x80,
  0x80, 0x80, 0x80, 0x80, 0x80, 0x80, 0x80, 0x80, 0x80, 0x80, 0x80, 0x80,
  0x80, 0x80, 0x80, 0x80, 0x80, 0x80, 0x80, 0x80, 0x80, 0x80, 0x80, 0x80,
  0x80, 0x80, 0x80, 0x80, 0x80, 0x80, 0x80, 0x80, 0x80, 0x80, 0x80, 0x80,
  0x80, 0x80, 0x80, 0x80, 0x80, 0x80, 0x80, 0x80, 0x80, 0x80, 0x80, 0x80,
  0x80, 0x80, 0x80, 0x80, 0x80, 0x80, 0x80, 0x80, 0x80, 0x80, 0x80, 0x80,
  0x80, 0x80, 0x80, 0x80, 0x80, 0x80, 0x80, 0x80, 0x80, 0x80, 0x80, 0x80,
  0x80, 0x80, 0x80, 0x80, 0x80, 0x80, 0x80, 0x80, 0x80, 0x80, 0x80, 0x80,
  0x80, 0x80, 0x80, 0x80, 0x80, 0x80, 0x80, 0x80, 0x80, 0x80, 0x80, 0x80,
  0x80, 0x80, 0x80, 0x80, 0x80, 0x80, 0x80, 0x80, 0x80, 0x80, 0x80, 0x80,
  0x80, 0x80, 0x80, 0x80, 0x80, 0x80, 0x80, 0x80, 0x80, 0x80, 0x80, 0x80,
  0x80, 0x80, 0x80, 0x80, 0x80, 0x80, 0x80, 0x80, 0x80, 0x80, 0x80, 0x80,
  0x80, 0x80, 0x80, 0x80, 0x80, 0x80, 0x80, 0x80, 0x80, 0x80, 0x80, 0x80,
  0x80, 0x80, 0x80, 0x80, 0x80, 0x80, 0x80, 0x80, 0x80, 0x80, 0x80, 0x80,
  0x80, 0x80, 0x80, 0x80, 0x80, 0x80, 0x80, 0x80, 0x80, 0x80, 0x80, 0x80,
  0x80, 0x80, 0x80, 0x80, 0x80, 0x80, 0x80, 0x80, 0x80, 0x80, 0x80, 0x80,
  0x80, 0x80, 0x80, 0x80, 0x80, 0x80, 0x80, 0x80, 0x80, 0x80, 0x80, 0x80,
  0x80, 0x80, 0x80, 0x80, 0x80, 0x80, 0x80, 0x80, 0x80, 0x80, 0x80, 0x80,
  0x80, 0x80, 0x80, 0x80, 0x80, 0x80, 0x80, 0x80, 0x80, 0x80, 0x80, 0x80,
  0x80, 0x80, 0x80, 0x80, 0x80, 0x80, 0x80, 0x80, 0x80, 0x80, 0x80, 0x80,
  0x80, 0x80, 0x80, 0x80, 0x80, 0x80, 0x80, 0x80, 0x80, 0x80, 0x80, 0x80,
  0x80, 0x80, 0x80, 0x80, 0x80, 0x80, 0x80, 0x80, 0x80, 0x80, 0x80, 0x80,
  0x80, 0x80, 0x80, 0x80, 0x80, 0x80, 0x80, 0x80, 0x80, 0x80, 0x80, 0x80,
  0x80, 0x80, 0x80, 0x80, 0x80, 0x80, 0x80, 0x80, 0x80, 0x80, 0x80, 0x80,
  0x80, 0x80, 0x80, 0x80, 0x80, 0x80, 0x80, 0x80, 0x80, 0x80, 0x80, 0x80,
  0x80, 0x80, 0x80, 0x80, 0x80, 0x80, 0x80, 0x80, 0x80, 0x80, 0x80, 0x80,
  0x80, 0x80, 0x80, 0x80, 0x80, 0x80, 0x80, 0x80, 0x80, 0x80, 0x80, 0x80,
  0x80, 0x80, 0x80, 0x80, 0x80, 0x80, 0x80, 0x80, 0x80, 0x80, 0x80, 0x80,
  0x80, 0x80, 0x80, 0x80, 0x80, 0x80, 0x80, 0x80, 0x80, 0x80, 0x80, 0x80,
  0x80, 0x80, 0x80, 0x80, 0x80, 0x80, 0x80, 0x80, 0x80, 0x80, 0x80, 0x80,
  0x80, 0x80, 0x80, 0x80, 0x80, 0x80, 0x80, 0x80, 0x80, 0x80, 0x80, 0x80,
  0x80, 0x80, 0x80, 0x80, 0x80, 0x80, 0x80, 0x80, 0x80, 0x80, 0x80, 0x80,
  0x80, 0x80, 0x80, 0x80, 0x80, 0x80, 0x80, 0x80, 0x80, 0x80, 0x80, 0x80,
  0x80, 0x80, 0x80, 0x80, 0x80, 0x80, 0x80, 0x80, 0x80, 0x80, 0x80, 0x80,
  0x80, 0x80, 0x80, 0x80, 0x80, 0x80, 0x80, 0x80, 0x80, 0x80, 0x80, 0x80,
  0x80, 0x80, 0x80, 0x80, 0x80, 0x80, 0x80, 0x80, 0x80, 0x80, 0x80, 0x80,
  0x80, 0x80, 0x80, 0x80, 0x80, 0x80, 0x80, 0x80, 0x80, 0x80, 0x80, 0x80,
  0x80, 0x80, 0x80, 0x80, 0x80, 0x80, 0x80, 0x80, 0x80, 0x80, 0x80, 0x80,
  0x80, 0x80, 0x80, 0x80, 0x80, 0x80, 0x80, 0x80, 0x80, 0x80, 0x80, 0x80,
  0x80, 0x80, 0x80, 0x80, 0x80, 0x80, 0x80, 0x80, 0x80, 0x80, 0x80, 0x80,
  0x80, 0x80, 0x80, 0x80, 0x80, 0x80, 0x80, 0x80, 0x80, 0x80, 0x80, 0x80,
  0x80, 0x80, 0x80, 0x80, 0x80, 0x80, 0x80, 0x80, 0x80, 0x80, 0x80, 0x80,
  0x80, 0x80, 0x80, 0x80, 0x80, 0x80, 0x80, 0x80, 0x80, 0x80, 0x80, 0x80,
  0x80, 0x80, 0x80, 0x80, 0x80, 0x80, 0x80, 0x80, 0x80, 0x80, 0x80, 0x80,
  0x80, 0x80, 0x80, 0x80, 0x80, 0x80, 0x80, 0x80, 0x80, 0x80, 0x80, 0x80,
  0x80, 0x80, 0x80, 0x80, 0x80, 0x80, 0x80, 0x80, 0x80, 0x80, 0x80, 0x80,
  0x80, 0x80, 0x80, 0x80, 0x80, 0x80, 0x80, 0x80, 0x80, 0x80, 0x80, 0x80,
  0x80, 0x80, 0x80, 0x80, 0x80, 0x80, 0x80, 0x80, 0x80, 0x80, 0x80, 0x80,
  0x80, 0x80, 0x80, 0x80, 0x80, 0x80, 0x80, 0x80, 0x80, 0x80, 0x80, 0x80,
  0x80, 0x80, 0x80, 0x80, 0x80, 0x80, 0x80, 0x80, 0x80, 0x80, 0x80, 0x80,
  0x80, 0x80, 0x80, 0x80, 0x80, 0x80, 0x80, 0x80, 0x80, 0x80, 0x80, 0x80,
  0x80, 0x80, 0x80, 0x80, 0x80, 0x80, 0x80, 0x80, 0x80, 0x80, 0x80, 0x80,
  0x80, 0x80, 0x80, 0x80, 0x80, 0x80, 0x80, 0x80, 0x80, 0x80, 0x80, 0x80,
  0x80, 0x80, 0x80, 0x80, 0x80, 0x80, 0x80, 0x80, 0x80, 0x80, 0x80, 0x80,
  0x80, 0x80, 0x80, 0x80, 0x80, 0x80, 0x80, 0x80, 0x80, 0x80, 0x80, 0x80,
  0x80, 0x80, 0x80, 0x80, 0x80, 0x80, 0x80, 0x80, 0x80, 0x80, 0x80, 0x80,
  0x80, 0x80, 0x80, 0x80, 0x80, 0x80, 0x80, 0x80, 0x80, 0x80, 0x80, 0x80,
  0x80, 0x80, 0x80, 0x80, 0x80, 0x80, 0x80, 0x80, 0x80, 0x80, 0x80, 0x80,
  0x80, 0x80, 0x80, 0x80, 0x80, 0x80, 0x80, 0x80, 0x80, 0x80, 0x80, 0x80,
  0x80, 0x80, 0x80, 0x80, 0x80, 0x80, 0x80, 0x80, 0x80, 0x80, 0x80, 0x80,
  0x80, 0x80, 0x80, 0x80, 0x80, 0x80, 0x80, 0x80, 0x80, 0x80, 0x80, 0x80,
  0x80, 0x80, 0x80, 0x80, 0x80, 0x80, 0x80, 0x80, 0x80, 0x80, 0x80, 0x80,
  0x80, 0x80, 0x80, 0x80, 0x80, 0x80, 0x80, 0x80, 0x80, 0x80, 0x80, 0x80,
  0x80, 0x80, 0x80, 0x80, 0x80, 0x80, 0x80, 0x80, 0x80, 0x80, 0x80, 0x81,
  0x81, 0x81, 0x81, 0x81, 0x81, 0x81, 0x81, 0x81, 0x81, 0x81, 0x81, 0x81,
  0x81, 0x80, 0x80, 0x80, 0x80, 0x80, 0x80, 0x80, 0x80, 0x80, 0x80, 0x7f,
  0x7f, 0x7f, 0x7f, 0x7f, 0x7f, 0x80, 0x80, 0x81, 0x81, 0x81, 0x81, 0x80,
  0x80, 0x80, 0x81, 0x82, 0x82, 0x82, 0x81, 0x80, 0x80, 0x80, 0x81, 0x81,
  0x80, 0x7f, 0x7e, 0x7d, 0x7d, 0x7d, 0x7d, 0x7e, 0x7e, 0x7d, 0x7d, 0x7c,
  0x7c, 0x7c, 0x7d, 0x7e, 0x7f, 0x7f, 0x7e, 0x7e, 0x7e, 0x7e, 0x7f, 0x7f,
  0x7e, 0x7f, 0x7e, 0x7e, 0x7f, 0x7f, 0x7f, 0x81, 0x81, 0x80, 0x7f, 0x7e,
  0x7e, 0x7d, 0x7c, 0x7b, 0x7a, 0x7b, 0x7c, 0x7d, 0x7c, 0x79, 0x77, 0x76,
  0x76, 0x76, 0x76, 0x77, 0x7a, 0x7c, 0x7c, 0x7c, 0x7b, 0x79, 0x7c, 0x7f,
  0x81, 0x82, 0x7d, 0x79, 0x7b, 0x7d, 0x82, 0x86, 0x84, 0x80, 0x7c, 0x77,
  0x76, 0x76, 0x74, 0x73, 0x73, 0x72, 0x71, 0x76, 0x82, 0x90, 0xa0, 0xa9,
  0xaa, 0xab, 0xa4, 0xa1, 0xa7, 0xad, 0xb6, 0xbd, 0xbf, 0xbe, 0xbb, 0xb3,
  0xa9, 0xa2, 0x98, 0x8d, 0x85, 0x7f, 0x7e, 0x7f, 0x81, 0x83, 0x82, 0x7b,
  0x72, 0x6a, 0x67, 0x67, 0x6a, 0x71, 0x7a, 0x81, 0x89, 0x8e, 0x90, 0x91,
  0x8f, 0x8e, 0x8f, 0x8f, 0x91, 0x95, 0x98, 0x9a, 0x9c, 0x9c, 0x98, 0x90,
  0x85, 0x7b, 0x77, 0x76, 0x74, 0x71, 0x6f, 0x6f, 0x71, 0x70, 0x6b, 0x64,
  0x5f, 0x5e, 0x61, 0x62, 0x61, 0x62, 0x66, 0x6c, 0x70, 0x71, 0x70, 0x6e,
  0x6d, 0x6e, 0x70, 0x73, 0x76, 0x78, 0x7a, 0x7b, 0x7b, 0x7a, 0x79, 0x77,
  0x75, 0x73, 0x72, 0x71, 0x71, 0x71, 0x70, 0x70, 0x70, 0x70, 0x70, 0x6e,
  0x6b, 0x6b, 0x6b, 0x6d, 0x70, 0x71, 0x73, 0x75, 0x73, 0x75, 0x77, 0x78,
  0x79, 0x78, 0x78, 0x7a, 0x7b, 0x7b, 0x7c, 0x7b, 0x7a, 0x79, 0x78, 0x78,
  0x77, 0x75, 0x72, 0x6e, 0x6b, 0x69, 0x6f, 0x7f, 0x93, 0xa3, 0xaa, 0xa9,
  0xa4, 0xa3, 0xa6, 0xad, 0xb5, 0xbb, 0xbf, 0xc4, 0xc6, 0xc5, 0xbf, 0xb8,
  0xb0, 0xa8, 0x9c, 0x90, 0x86, 0x83, 0x86, 0x8d, 0x90, 0x8c, 0x83, 0x77,
  0x6f, 0x6c, 0x6b, 0x6e, 0x75, 0x7c, 0x84, 0x8a, 0x8d, 0x90, 0x91, 0x92,
  0x93, 0x92, 0x91, 0x91, 0x93, 0x96, 0x9a, 0x9c, 0x9c, 0x9b, 0x93, 0x89,
  0x80, 0x79, 0x76, 0x75, 0x74, 0x72, 0x71, 0x70, 0x6e, 0x6c, 0x67, 0x63,
  0x63, 0x60, 0x60, 0x5f, 0x5f, 0x63, 0x67, 0x6a, 0x6c, 0x6b, 0x6b, 0x6a,
  0x6b, 0x6c, 0x6d, 0x6e, 0x70, 0x73, 0x76, 0x77, 0x77, 0x76, 0x73, 0x72,
  0x72, 0x70, 0x6f, 0x6f, 0x6e, 0x70, 0x70, 0x6e, 0x6d, 0x6c, 0x6c, 0x6d,
  0x6c, 0x6b, 0x6a, 0x6b, 0x6e, 0x70, 0x72, 0x72, 0x72, 0x73, 0x74, 0x75,
  0x75, 0x75, 0x75, 0x77, 0x78, 0x78, 0x78, 0x77, 0x76, 0x75, 0x73, 0x74,
  0x72, 0x6d, 0x69, 0x65, 0x6a, 0x79, 0x89, 0x9a, 0xa5, 0xa8, 0xaa, 0xa9,
  0xa9, 0xad, 0xb1, 0xb9, 0xc5, 0xcc, 0xcf, 0xcc, 0xc5, 0xc0, 0xbc, 0xb4,
  0xa9, 0x9c, 0x91, 0x8b, 0x8b, 0x8e, 0x91, 0x8f, 0x89, 0x80, 0x78, 0x72,
  0x70, 0x71, 0x76, 0x7c, 0x82, 0x87, 0x8a, 0x8e, 0x92, 0x95, 0x96, 0x95,
  0x93, 0x91, 0x90, 0x92, 0x95, 0x9a, 0x9b, 0x99, 0x93, 0x8d, 0x87, 0x80,
  0x7b, 0x78, 0x75, 0x74, 0x72, 0x71, 0x70, 0x6e, 0x6d, 0x6b, 0x67, 0x64,
  0x60, 0x5e, 0x5e, 0x62, 0x64, 0x64, 0x67, 0x67, 0x68, 0x69, 0x67, 0x67,
  0x67, 0x6a, 0x6e, 0x6e, 0x6f, 0x70, 0x72, 0x75, 0x76, 0x74, 0x71, 0x70,
  0x71, 0x70, 0x6f, 0x6e, 0x6f, 0x70, 0x70, 0x6f, 0x6e, 0x6d, 0x6d, 0x6e,
  0x6d, 0x6d, 0x6e, 0x6f, 0x72, 0x73, 0x73, 0x74, 0x75, 0x76, 0x77, 0x77,
  0x76, 0x76, 0x77, 0x78, 0x79, 0x78, 0x75, 0x75, 0x74, 0x74, 0x74, 0x71,
  0x6e, 0x6b, 0x67, 0x67, 0x70, 0x7e, 0x91, 0xa4, 0xae, 0xb2, 0xb1, 0xad,
  0xae, 0xb2, 0xb9, 0xc2, 0xca, 0xce, 0xce, 0xca, 0xc4, 0xbe, 0xb6, 0xaa,
  0x9d, 0x90, 0x86, 0x81, 0x80, 0x82, 0x85, 0x84, 0x80, 0x7a, 0x73, 0x6e,
  0x6d, 0x70, 0x76, 0x7d, 0x83, 0x88, 0x8f, 0x95, 0x9a, 0x9b, 0x9a, 0x99,
  0x97, 0x94, 0x91, 0x91, 0x94, 0x97, 0x9a, 0x97, 0x91, 0x89, 0x81, 0x7c,
  0x77, 0x72, 0x6f, 0x6c, 0x6c, 0x6e, 0x6e, 0x6c, 0x6b, 0x69, 0x67, 0x65,
  0x61, 0x5f, 0x5f, 0x60, 0x65, 0x68, 0x6a, 0x6b, 0x6c, 0x6c, 0x6c, 0x6b,
  0x6b, 0x6e, 0x6f, 0x70, 0x72, 0x73, 0x76, 0x79, 0x78, 0x77, 0x74, 0x72,
  0x73, 0x72, 0x71, 0x70, 0x6f, 0x70, 0x71, 0x71, 0x71, 0x6f, 0x6e, 0x6f,
  0x6f, 0x70, 0x70, 0x70, 0x73, 0x75, 0x77, 0x78, 0x78, 0x79, 0x7a, 0x79,
  0x7a, 0x7a, 0x79, 0x7a, 0x7a, 0x79, 0x7a, 0x78, 0x75, 0x75, 0x74, 0x72,
  0x71, 0x6d, 0x6b, 0x68, 0x65, 0x6e, 0x7f, 0x94, 0xa9, 0xb2, 0xb4, 0xb6,
  0xb5, 0xb4, 0xb3, 0xb7, 0xc2, 0xca, 0xce, 0xcd, 0xc8, 0xc1, 0xb9, 0xaf,
  0xa2, 0x95, 0x87, 0x7c, 0x76, 0x74, 0x76, 0x79, 0x7a, 0x7a, 0x75, 0x70,
  0x6c, 0x6c, 0x6e, 0x72, 0x78, 0x81, 0x8a, 0x92, 0x98, 0x9c, 0x9f, 0xa0,
  0xa0, 0x9c, 0x97, 0x94, 0x93, 0x94, 0x98, 0x99, 0x97, 0x92, 0x8a, 0x84,
  0x7d, 0x75, 0x6d, 0x69, 0x69, 0x6b, 0x6b, 0x6a, 0x69, 0x69, 0x69, 0x67,
  0x64, 0x60, 0x60, 0x60, 0x62, 0x66, 0x69, 0x6c, 0x6f, 0x71, 0x73, 0x72,
  0x71, 0x72, 0x73, 0x75, 0x76, 0x76, 0x78, 0x7a, 0x7d, 0x7c, 0x79, 0x77,
  0x75, 0x74, 0x73, 0x70, 0x6e, 0x6e, 0x6e, 0x6e, 0x6e, 0x6e, 0x6d, 0x6c,
  0x6b, 0x6c, 0x6d, 0x6f, 0x71, 0x71, 0x73, 0x76, 0x78, 0x7b, 0x7b, 0x7a,
  0x7a, 0x7b, 0x7d, 0x7e, 0x7b, 0x7a, 0x7a, 0x7a, 0x7b, 0x78, 0x75, 0x73,
  0x71, 0x70, 0x6f, 0x6b, 0x68, 0x64, 0x64, 0x6f, 0x81, 0x94, 0xa4, 0xab,
  0xae, 0xae, 0xac, 0xac, 0xad, 0xb3, 0xbc, 0xc5, 0xcc, 0xcd, 0xc7, 0xbf,
  0xb5, 0xab, 0xa1, 0x97, 0x8e, 0x89, 0x85, 0x83, 0x81, 0x7e, 0x7d, 0x7b,
  0x78, 0x74, 0x71, 0x72, 0x74, 0x76, 0x79, 0x7e, 0x85, 0x8b, 0x90, 0x94,
  0x96, 0x99, 0x99, 0x97, 0x96, 0x96, 0x98, 0x9a, 0x9c, 0x9d, 0x9b, 0x98,
  0x92, 0x8b, 0x86, 0x80, 0x7c, 0x78, 0x75, 0x75, 0x74, 0x71, 0x6e, 0x6a,
  0x66, 0x63, 0x61, 0x61, 0x60, 0x60, 0x61, 0x62, 0x65, 0x67, 0x69, 0x69,
  0x6b, 0x6d, 0x6e, 0x70, 0x71, 0x72, 0x73, 0x74, 0x77, 0x77, 0x76, 0x75,
  0x74, 0x73, 0x73, 0x72, 0x70, 0x6e, 0x6e, 0x6e, 0x6d, 0x6c, 0x6c, 0x6b,
  0x6b, 0x6c, 0x6d, 0x6c, 0x6d, 0x6e, 0x6f, 0x71, 0x71, 0x71, 0x73, 0x74,
  0x75, 0x74, 0x74, 0x75, 0x75, 0x75, 0x75, 0x74, 0x73, 0x73, 0x72, 0x71,
  0x70, 0x70, 0x6f, 0x6e, 0x6c, 0x6a, 0x68, 0x67, 0x68, 0x6f, 0x7a, 0x87,
  0x90, 0x93, 0x93, 0x92, 0x94, 0x98, 0x9c, 0xa3, 0xab, 0xb3, 0xba, 0xba,
  0xb5, 0xb1, 0xad, 0xac, 0xac, 0xab, 0xaa, 0xa8, 0xa6, 0xa3, 0x9f, 0x9b,
  0x9a, 0x9a, 0x9a, 0x99, 0x96, 0x94, 0x92, 0x91, 0x90, 0x90, 0x91, 0x93,
  0x93, 0x92, 0x90, 0x8e, 0x8c, 0x8d, 0x8e, 0x8f, 0x90, 0x90, 0x8f, 0x8d,
  0x8a, 0x88, 0x85, 0x86, 0x87, 0x86, 0x86, 0x84, 0x84, 0x82, 0x7e, 0x7c,
  0x78, 0x78, 0x79, 0x77, 0x77, 0x75, 0x72, 0x71, 0x6f, 0x6f, 0x6e, 0x6d,
  0x6e, 0x6e, 0x6e, 0x6d, 0x6c, 0x6b, 0x6b, 0x6c, 0x6d, 0x6d, 0x6d, 0x6d,
  0x6d, 0x6c, 0x6c, 0x6c, 0x6c, 0x6c, 0x6d, 0x6c, 0x6d, 0x6d, 0x6c, 0x6c,
  0x6c, 0x6c, 0x6d, 0x6d, 0x6e, 0x6f, 0x6f, 0x70, 0x6f, 0x6f, 0x70, 0x70,
  0x71, 0x72, 0x71, 0x72, 0x72, 0x73, 0x74, 0x73, 0x72, 0x73, 0x73, 0x74,
  0x74, 0x73, 0x74, 0x74, 0x75, 0x74, 0x72, 0x72, 0x71, 0x71, 0x73, 0x73,
  0x76, 0x79, 0x7b, 0x7e, 0x7d, 0x7e, 0x7f, 0x7f, 0x82, 0x83, 0x87, 0x8b,
  0x8d, 0x90, 0x90, 0x90, 0x90, 0x90, 0x92, 0x94, 0x95, 0x96, 0x96, 0x96,
  0x96, 0x96, 0x95, 0x96, 0x97, 0x97, 0x97, 0x96, 0x94, 0x93, 0x93, 0x94,
  0x94, 0x94, 0x94, 0x93, 0x92, 0x90, 0x8f, 0x8e, 0x8f, 0x8f, 0x90, 0x8f,
  0x8e, 0x8c, 0x8a, 0x89, 0x88, 0x88, 0x89, 0x89, 0x89, 0x88, 0x86, 0x84,
  0x83, 0x82, 0x82, 0x82, 0x82, 0x82, 0x81, 0x80, 0x7e, 0x7d, 0x7b, 0x7b,
  0x7b, 0x7b, 0x7c, 0x7b, 0x7b, 0x7a, 0x79, 0x78, 0x77, 0x77, 0x77, 0x77,
  0x77, 0x77, 0x77, 0x77, 0x76, 0x76, 0x76, 0x76, 0x76, 0x76, 0x76, 0x76,
  0x76, 0x76, 0x76, 0x76, 0x76, 0x76, 0x76, 0x76, 0x77, 0x77, 0x77, 0x77,
  0x77, 0x78, 0x78, 0x78, 0x78, 0x78, 0x79, 0x79, 0x79, 0x79, 0x79, 0x7a,
  0x7a, 0x7a, 0x7a, 0x7a, 0x7a, 0x7b, 0x7b, 0x7b, 0x7b, 0x7b, 0x7b, 0x7b,
  0x7b, 0x7b, 0x7b, 0x7b, 0x7b, 0x7b, 0x7b, 0x7c, 0x7d, 0x7d, 0x7e, 0x7e,
  0x7e, 0x7e, 0x7e, 0x7f, 0x80, 0x80, 0x82, 0x82, 0x83, 0x84, 0x84, 0x84,
  0x84, 0x84, 0x85, 0x85, 0x86, 0x87, 0x87, 0x87, 0x87, 0x87, 0x87, 0x87,
  0x88, 0x88, 0x89, 0x89, 0x89, 0x88, 0x88, 0x88, 0x88, 0x88, 0x88, 0x89,
  0x89, 0x88, 0x88, 0x88, 0x87, 0x87, 0x87, 0x87, 0x87, 0x87, 0x87, 0x87,
  0x86, 0x86, 0x86, 0x85, 0x85, 0x85, 0x85, 0x84, 0x84, 0x84, 0x83, 0x83,
  0x83, 0x82, 0x82, 0x81, 0x81, 0x81, 0x80, 0x80, 0x80, 0x80, 0x7f, 0x7f,
  0x7f, 0x7e, 0x7e, 0x7e, 0x7e, 0x7e, 0x7e, 0x7d, 0x7d, 0x7d, 0x7d, 0x7c,
  0x7c, 0x7c, 0x7c, 0x7c, 0x7c, 0x7c, 0x7c, 0x7c, 0x7c, 0x7c, 0x7c, 0x7c,
  0x7c, 0x7c, 0x7c, 0x7c, 0x7c, 0x7c, 0x7c, 0x7c, 0x7c, 0x7c, 0x7c, 0x7c,
  0x7c, 0x7c, 0x7c, 0x7c, 0x7c, 0x7c, 0x7c, 0x7d, 0x7d, 0x7d, 0x7d, 0x7d,
  0x7d, 0x7d, 0x7d, 0x7d, 0x7d, 0x7d, 0x7d, 0x7e, 0x7e, 0x7e, 0x7e, 0x7e,
  0x7e, 0x7e, 0x7e, 0x7e, 0x7e, 0x7e, 0x7f, 0x7f, 0x7f, 0x7f, 0x7f, 0x7f,
  0x7f, 0x7f, 0x80, 0x80, 0x80, 0x80, 0x80, 0x81, 0x81, 0x81, 0x81, 0x81,
  0x82, 0x82, 0x82, 0x82, 0x82, 0x82, 0x82, 0x82, 0x83, 0x83, 0x83, 0x83,
  0x83, 0x83, 0x83, 0x83, 0x83, 0x83, 0x83, 0x83, 0x83, 0x83, 0x84, 0x84,
  0x84, 0x84, 0x84, 0x83, 0x83, 0x83, 0x83, 0x83, 0x83, 0x83, 0x83, 0x83,
  0x83, 0x83, 0x83, 0x82, 0x82, 0x82, 0x82, 0x82, 0x82, 0x82, 0x81, 0x81,
  0x81, 0x81, 0x81, 0x81, 0x81, 0x80, 0x80, 0x80, 0x80, 0x80, 0x80, 0x80,
  0x80, 0x7f, 0x7f, 0x7f, 0x7f, 0x7f, 0x7f, 0x7f, 0x7f, 0x7f, 0x7f, 0x7f,
  0x7f, 0x7e, 0x7e, 0x7e, 0x7e, 0x7e, 0x7e, 0x7e, 0x7e, 0x7e, 0x7e, 0x7e,
  0x7e, 0x7e, 0x7e, 0x7e, 0x7e, 0x7e, 0x7e, 0x7e, 0x7e, 0x7e, 0x7e, 0x7e,
  0x7e, 0x7e, 0x7e, 0x7e, 0x7e, 0x7e, 0x7e, 0x7e, 0x7f, 0x7f, 0x7f, 0x7f,
  0x7f, 0x7f, 0x7f, 0x7f, 0x7f, 0x7f, 0x7f, 0x7f, 0x7f, 0x7f, 0x7f, 0x7f,
  0x7f, 0x7f, 0x7f, 0x7f, 0x7f, 0x7f, 0x7f, 0x7f, 0x7f, 0x7f, 0x7f, 0x7f,
  0x7f, 0x7f, 0x7f, 0x80, 0x80, 0x80, 0x80, 0x80, 0x80, 0x80, 0x80, 0x80,
  0x80, 0x80, 0x81, 0x81, 0x81, 0x81, 0x81, 0x81, 0x81, 0x81, 0x81, 0x82,
  0x82, 0x82, 0x82, 0x82, 0x82, 0x82, 0x82, 0x82, 0x82, 0x82, 0x82, 0x82,
  0x82, 0x82, 0x82, 0x82, 0x82, 0x82, 0x82, 0x82, 0x82, 0x82, 0x82, 0x82,
  0x82, 0x82, 0x82, 0x82, 0x81, 0x81, 0x81, 0x81, 0x81, 0x81, 0x81, 0x81,
  0x81, 0x81, 0x81, 0x81, 0x81, 0x81, 0x80, 0x80, 0x80, 0x80, 0x80, 0x80,
  0x80, 0x80, 0x80, 0x80, 0x80, 0x80, 0x80, 0x7f, 0x7f, 0x7f, 0x7f, 0x7f,
  0x7f, 0x7f, 0x7f, 0x7f, 0x7f, 0x7f, 0x7f, 0x7f, 0x7f, 0x7f, 0x7f, 0x7f,
  0x7f, 0x7f, 0x7f, 0x7f, 0x7f, 0x7f, 0x7f, 0x7f, 0x7f, 0x7f, 0x7f, 0x7f,
  0x7f, 0x7f, 0x7f, 0x7f, 0x7f, 0x7f, 0x7f, 0x7f, 0x7f, 0x7f, 0x7f, 0x7f,
  0x7f, 0x7f, 0x7f, 0x7f, 0x7f, 0x7f, 0x7f, 0x7f, 0x7f, 0x7f, 0x7f, 0x7f,
  0x7f, 0x7f, 0x7f, 0x7f, 0x7f, 0x7f, 0x7f, 0x7f, 0x7f, 0x7f, 0x7f, 0x7f,
  0x7f, 0x7f, 0x7f, 0x80, 0x80, 0x80, 0x80, 0x80, 0x80, 0x80, 0x80, 0x80,
  0x80, 0x81, 0x81, 0x81, 0x81, 0x81, 0x81, 0x81, 0x81, 0x81, 0x81, 0x81,
  0x81, 0x82, 0x83, 0x84, 0x85, 0x86, 0x86, 0x85, 0x84, 0x82, 0x80, 0x80,
  0x80, 0x80, 0x82, 0x84, 0x85, 0x86, 0x87, 0x85, 0x85, 0x83, 0x80, 0x7f,
  0x7f, 0x7e, 0x7f, 0x80, 0x80, 0x83, 0x84, 0x83, 0x84, 0x83, 0x81, 0x81,
  0x81, 0x7f, 0x81, 0x82, 0x81, 0x83, 0x83, 0x82, 0x82, 0x81, 0x7f, 0x80,
  0x7f, 0x7e, 0x7f, 0x80, 0x81, 0x82, 0x82, 0x81, 0x82, 0x81, 0x80, 0x80,
  0x7f, 0x7e, 0x7e, 0x7c, 0x7c, 0x7d, 0x7c, 0x7c, 0x7e, 0x80, 0x7f, 0x80,
  0x81, 0x7d, 0x7e, 0x7e, 0x7c, 0x7e, 0x80, 0x80, 0x83, 0x84, 0x82, 0x80,
  0x7e, 0x7a, 0x77, 0x77, 0x77, 0x7a, 0x7d, 0x81, 0x86, 0x88, 0x88, 0x87,
  0x84, 0x81, 0x7c, 0x77, 0x79, 0x79, 0x7b, 0x82, 0x84, 0x86, 0x8a, 0x86,
  0x83, 0x82, 0x7d, 0x7d, 0x7d, 0x7b, 0x80, 0x81, 0x80, 0x84, 0x86, 0x83,
  0x84, 0x85, 0x80, 0x84, 0x84, 0x7d, 0x80, 0x81, 0x7a, 0x7d, 0x81, 0x7b,
  0x80, 0x84, 0x7d, 0x82, 0x84, 0x7b, 0x7e, 0x80, 0x7c, 0x7e, 0x83, 0x80,
  0x83, 0x88, 0x7d, 0x7e, 0x80, 0x76, 0x77, 0x79, 0x7b, 0x7a, 0x7a, 0x84,
  0x84, 0x81, 0x81, 0x81, 0x7f, 0x76, 0x80, 0x7b, 0x72, 0x85, 0x81, 0x76,
  0x80, 0x8b, 0x89, 0x81, 0x8c, 0x88, 0x83, 0x8e, 0x84, 0x85, 0x8a, 0x81,
  0x82, 0x82, 0x82, 0x83, 0x7f, 0x7b, 0x81, 0x88, 0x7c, 0x7b, 0x82, 0x81,
  0x81, 0x78, 0x7d, 0x82, 0x7c, 0x7c, 0x7d, 0x83, 0x7d, 0x81, 0x87, 0x78,
  0x7d, 0x83, 0x7a, 0x7a, 0x7c, 0x7f, 0x7b, 0x7e, 0x7e, 0x82, 0x8b, 0x7d,
  0x7f, 0x84, 0x7e, 0x85, 0x79, 0x79, 0x83, 0x83, 0x7f, 0x7b, 0x90, 0x84,
  0x77, 0x87, 0x7d, 0x83, 0x80, 0x74, 0x82, 0x85, 0x85, 0x7a, 0x80, 0x8e,
  0x7c, 0x7f, 0x7a, 0x7b, 0x8e, 0x76, 0x7d, 0x84, 0x77, 0x93, 0x7f, 0x74,
  0x8b, 0x7e, 0x82, 0x73, 0x7d, 0x95, 0x6e, 0x7f, 0x8a, 0x7d, 0x87, 0x71,
  0x87, 0x83, 0x6d, 0x8d, 0x81, 0x7a, 0x81, 0x85, 0x87, 0x75, 0x88, 0x7e,
  0x77, 0x89, 0x7a, 0x80, 0x7d, 0x84, 0x8b, 0x72, 0x84, 0x88, 0x7a, 0x7c,
  0x81, 0x85, 0x76, 0x80, 0x85, 0x7d, 0x89, 0x78, 0x7d, 0x8d, 0x7e, 0x79,
  0x7d, 0x85, 0x78, 0x7f, 0x8c, 0x70, 0x81, 0x8e, 0x7c, 0x84, 0x7f, 0x7c,
  0x81, 0x7e, 0x80, 0x7a, 0x82, 0x84, 0x79, 0x84, 0x8a, 0x7d, 0x7e, 0x86,
  0x7c, 0x7a, 0x86, 0x7c, 0x7b, 0x89, 0x7d, 0x7e, 0x8d, 0x79, 0x7a, 0x8e,
  0x79, 0x74, 0x8b, 0x80, 0x7a, 0x84, 0x7f, 0x84, 0x7e, 0x77, 0x8b, 0x84,
  0x70, 0x7f, 0x8d, 0x7e, 0x78, 0x8b, 0x7c, 0x79, 0x88, 0x79, 0x88, 0x7a,
  0x73, 0x96, 0x7a, 0x78, 0x86, 0x82, 0x82, 0x71, 0x92, 0x7b, 0x6d, 0x9c,
  0x6e, 0x7e, 0x93, 0x73, 0x86, 0x76, 0x8a, 0x86, 0x6b, 0x8e, 0x7b, 0x82,
  0x82, 0x75, 0x94, 0x72, 0x7f, 0x8c, 0x72, 0x8d, 0x76, 0x7e, 0x8b, 0x76,
  0x86, 0x74, 0x8c, 0x87, 0x63, 0x96, 0x84, 0x73, 0x84, 0x7b, 0x8d, 0x75,
  0x7e, 0x8e, 0x6f, 0x88, 0x86, 0x76, 0x7f, 0x86, 0x86, 0x6d, 0x86, 0x92,
  0x70, 0x7b, 0x8c, 0x82, 0x75, 0x82, 0x87, 0x75, 0x80, 0x89, 0x79, 0x7c,
  0x8e, 0x74, 0x7c, 0x94, 0x6f, 0x80, 0x84, 0x7f, 0x89, 0x66, 0x93, 0x89,
  0x69, 0x95, 0x73, 0x86, 0x87, 0x6b, 0x95, 0x75, 0x7e, 0x89, 0x74, 0x8d,
  0x76, 0x83, 0x85, 0x75, 0x8a, 0x7b, 0x83, 0x7a, 0x7f, 0x8e, 0x6c, 0x89,
  0x87, 0x75, 0x87, 0x7b, 0x87, 0x7a, 0x7b, 0x8b, 0x74, 0x85, 0x81, 0x81,
  0x82, 0x78, 0x8c, 0x76, 0x85, 0x84, 0x6e, 0x93, 0x77, 0x7d, 0x88, 0x74,
  0x8d, 0x76, 0x89, 0x82, 0x6a, 0xa1, 0x73, 0x69, 0x97, 0x83, 0x77, 0x71,
  0x97, 0x84, 0x64, 0x96, 0x85, 0x73, 0x7f, 0x85, 0x85, 0x6e, 0x8b, 0x8a,
  0x6d, 0x87, 0x89, 0x79, 0x7d, 0x8a, 0x79, 0x7c, 0x8f, 0x6e, 0x84, 0x8e,
  0x70, 0x88, 0x80, 0x7d, 0x86, 0x79, 0x88, 0x7f, 0x7d, 0x80, 0x82, 0x88,
  0x70, 0x86, 0x8c, 0x6e, 0x82, 0x8d, 0x79, 0x75, 0x91, 0x7c, 0x70, 0x96,
  0x75, 0x75, 0x92, 0x79, 0x78, 0x85, 0x88, 0x78, 0x7e, 0x84, 0x7d, 0x8a,
  0x73, 0x80, 0x8c, 0x75, 0x85, 0x7c, 0x80, 0x80, 0x80, 0x86, 0x73, 0x8d,
  0x7d, 0x78, 0x91, 0x71, 0x83, 0x85, 0x75, 0x85, 0x83, 0x82, 0x71, 0x8c,
  0x8e, 0x64, 0x93, 0x83, 0x69, 0x9c, 0x72, 0x74, 0x9a, 0x6d, 0x80, 0x8d,
  0x75, 0x82, 0x81, 0x84, 0x77, 0x87, 0x85, 0x68, 0x9a, 0x7b, 0x6a, 0x9c,
  0x74, 0x7e, 0x84, 0x79, 0x91, 0x73, 0x79, 0x8c, 0x80, 0x7c, 0x7c, 0x8a,
  0x7c, 0x7d, 0x86, 0x7a, 0x86, 0x7e, 0x79, 0x89, 0x7e, 0x7c, 0x82, 0x7f,
  0x85, 0x7b, 0x7e, 0x8a, 0x79, 0x83, 0x80, 0x77, 0x8b, 0x78, 0x81, 0x89,
  0x73, 0x88, 0x81, 0x7f, 0x7c, 0x7f, 0x90, 0x6b, 0x89, 0x8b, 0x67, 0x9a,
  0x78, 0x6f, 0x9c, 0x74, 0x75, 0x88, 0x89, 0x75, 0x77, 0x97, 0x6e, 0x7f,
  0x92, 0x6b, 0x89, 0x87, 0x72, 0x82, 0x85, 0x7d, 0x7e, 0x87, 0x74, 0x85,
  0x8d, 0x6e, 0x89, 0x83, 0x76, 0x88, 0x7f, 0x7d, 0x7d, 0x88, 0x7a, 0x79,
  0x97, 0x72, 0x73, 0x98, 0x79, 0x72, 0x8c, 0x83, 0x74, 0x82, 0x8a, 0x7d,
  0x79, 0x81, 0x88, 0x7f, 0x78, 0x84, 0x84, 0x76, 0x81, 0x8a, 0x74, 0x80,
  0x8a, 0x77, 0x85, 0x82, 0x7a, 0x86, 0x7c, 0x7e, 0x85, 0x7c, 0x7e, 0x87,
  0x7d, 0x7b, 0x8e, 0x79, 0x76, 0x8f, 0x7a, 0x79, 0x8a, 0x7e, 0x7a, 0x85,
  0x85, 0x79, 0x81, 0x85, 0x78, 0x84, 0x88, 0x70, 0x81, 0x94, 0x6f, 0x7a,
  0x95, 0x73, 0x7a, 0x8d, 0x7b, 0x7b, 0x85, 0x81, 0x78, 0x87, 0x82, 0x74,
  0x89, 0x7c, 0x7a, 0x8f, 0x77, 0x79, 0x8c, 0x80, 0x7b, 0x7d, 0x88, 0x80,
  0x76, 0x87, 0x83, 0x7a, 0x80, 0x7d, 0x85, 0x80, 0x7a, 0x83, 0x7c, 0x86,
  0x81, 0x77, 0x87, 0x7e, 0x82, 0x7f, 0x7b, 0x8c, 0x79, 0x7d, 0x87, 0x7f,
  0x7f, 0x78, 0x8b, 0x7c, 0x7a, 0x8b, 0x77, 0x83, 0x7d, 0x85, 0x7f, 0x75,
  0x93, 0x71, 0x83, 0x88, 0x70, 0x93, 0x71, 0x82, 0x8e, 0x6f, 0x87, 0x7f,
  0x87, 0x7a, 0x7c, 0x8d, 0x71, 0x8b, 0x7d, 0x78, 0x8c, 0x79, 0x81, 0x7f,
  0x84, 0x7b, 0x82, 0x85, 0x72, 0x8f, 0x78, 0x7d, 0x87, 0x76, 0x93, 0x6a,
  0x86, 0x92, 0x65, 0x91, 0x7b, 0x7f, 0x84, 0x75, 0x90, 0x71, 0x8c, 0x7b,
  0x74, 0x9e, 0x64, 0x86, 0x8d, 0x6e, 0x8d, 0x7a, 0x81, 0x7b, 0x89, 0x80,
  0x6c, 0xa3, 0x6d, 0x73, 0x9c, 0x6f, 0x86, 0x7a, 0x84, 0x85, 0x72, 0x94,
  0x6e, 0x86, 0x8b, 0x69, 0x98, 0x71, 0x7c, 0x96, 0x69, 0x89, 0x85, 0x78,
  0x81, 0x81, 0x85, 0x74, 0x8e, 0x7c, 0x6e, 0x9d, 0x70, 0x77, 0x96, 0x70,
  0x87, 0x81, 0x77, 0x8d, 0x76, 0x81, 0x85, 0x7c, 0x81, 0x7b, 0x89, 0x78,
  0x7e, 0x8c, 0x70, 0x89, 0x81, 0x74, 0x8f, 0x77, 0x7e, 0x89, 0x79, 0x85,
  0x81, 0x7b, 0x83, 0x82, 0x7a, 0x7f, 0x87, 0x7c, 0x7a, 0x86, 0x86, 0x77,
  0x81, 0x85, 0x7b, 0x8b, 0x73, 0x7f, 0x93, 0x67, 0x8a, 0x8a, 0x70, 0x8f,
  0x77, 0x81, 0x8a, 0x77, 0x80, 0x7c, 0x8a, 0x79, 0x79, 0x8f, 0x73, 0x83,
  0x84, 0x79, 0x88, 0x78, 0x84, 0x82, 0x77, 0x89, 0x81, 0x7b, 0x7e, 0x89,
  0x80, 0x72, 0x8b, 0x83, 0x76, 0x83, 0x83, 0x83, 0x77, 0x7f, 0x8b, 0x7a,
  0x80, 0x7e, 0x83, 0x87, 0x70, 0x8b, 0x84, 0x74, 0x8d, 0x76, 0x81, 0x8b,
  0x74, 0x82, 0x80, 0x82, 0x7e, 0x7a, 0x8b, 0x7c, 0x7f, 0x7f, 0x7f, 0x89,
  0x79, 0x81, 0x7e, 0x80, 0x87, 0x78, 0x83, 0x82, 0x80, 0x7e, 0x7f, 0x8c,
  0x75, 0x80, 0x85, 0x78, 0x8a, 0x79, 0x7b, 0x88, 0x7b, 0x7f, 0x83, 0x84,
  0x76, 0x81, 0x8c, 0x75, 0x82, 0x83, 0x7f, 0x81, 0x79, 0x8b, 0x7e, 0x76,
  0x8a, 0x7e, 0x7f, 0x80, 0x7a, 0x88, 0x80, 0x79, 0x83, 0x80, 0x84, 0x80,
  0x7b, 0x86, 0x7f, 0x7c, 0x82, 0x81, 0x7f, 0x78, 0x87, 0x82, 0x79, 0x8b,
  0x7b, 0x79, 0x87, 0x84, 0x7e, 0x76, 0x89, 0x82, 0x79, 0x86, 0x79, 0x89,
  0x84, 0x6f, 0x8c, 0x83, 0x7a, 0x82, 0x7a, 0x86, 0x84, 0x79, 0x7f, 0x87,
  0x83, 0x75, 0x83, 0x88, 0x79, 0x7e, 0x83, 0x80, 0x7d, 0x81, 0x80, 0x80,
  0x82, 0x77, 0x87, 0x85, 0x73, 0x87, 0x82, 0x7f, 0x81, 0x7f, 0x89, 0x73,
  0x83, 0x88, 0x74, 0x8c, 0x78, 0x7b, 0x89, 0x7b, 0x88, 0x78, 0x7e, 0x87,
  0x7a, 0x81, 0x7a, 0x89, 0x7c, 0x77, 0x8c, 0x78, 0x89, 0x7b, 0x76, 0x93,
  0x76, 0x80, 0x81, 0x7c, 0x89, 0x72, 0x8b, 0x82, 0x76, 0x8c, 0x78, 0x85,
  0x7d, 0x7a, 0x8e, 0x74, 0x80, 0x86, 0x7b, 0x84, 0x7e, 0x82, 0x7f, 0x84,
  0x82, 0x78, 0x8a, 0x7d, 0x7b, 0x86, 0x7b, 0x86, 0x80, 0x7a, 0x81, 0x82,
  0x84, 0x78, 0x82, 0x84, 0x76, 0x85, 0x80, 0x7f, 0x82, 0x7b, 0x84, 0x7f,
  0x7f, 0x86, 0x7b, 0x79, 0x84, 0x86, 0x79, 0x7e, 0x88, 0x77, 0x7e, 0x88,
  0x7f, 0x7e, 0x80, 0x7f, 0x7e, 0x83, 0x80, 0x7e, 0x85, 0x7b, 0x81, 0x8b,
  0x7a, 0x7f, 0x84, 0x7d, 0x82, 0x82, 0x7e, 0x7b, 0x83, 0x83, 0x7b, 0x86,
  0x7f, 0x7b, 0x87, 0x7f, 0x80, 0x81, 0x7e, 0x83, 0x7d, 0x80, 0x83, 0x7e,
  0x80, 0x80, 0x82, 0x7f, 0x7d, 0x83, 0x7d, 0x7f, 0x82, 0x7e, 0x82, 0x7d,
  0x7e, 0x85, 0x7e, 0x7e, 0x81, 0x81, 0x7f, 0x7f, 0x82, 0x7c, 0x80, 0x86,
  0x7e, 0x81, 0x83, 0x7c, 0x81, 0x83, 0x80, 0x7d, 0x80, 0x85, 0x7e, 0x80,
  0x84, 0x81, 0x80, 0x80, 0x83, 0x81, 0x7d, 0x80, 0x81, 0x80, 0x7e, 0x80,
  0x83, 0x7f, 0x7f, 0x81, 0x7f, 0x82, 0x7f, 0x7d, 0x7f, 0x80, 0x80, 0x7c,
  0x81, 0x82, 0x7c, 0x81, 0x80, 0x7e, 0x80, 0x7e, 0x80, 0x81, 0x81, 0x80,
  0x7e, 0x81, 0x80, 0x81, 0x81, 0x7f, 0x80, 0x80, 0x80, 0x81, 0x80, 0x80,
  0x7f, 0x80, 0x80, 0x80, 0x80, 0x7f, 0x7f, 0x7f, 0x80, 0x80, 0x7e, 0x80,
  0x81, 0x7f, 0x7f, 0x80, 0x80, 0x7e, 0x80, 0x80, 0x7f, 0x7f, 0x80, 0x80,
  0x7f, 0x80, 0x81, 0x80, 0x80, 0x80, 0x80, 0x80, 0x80, 0x80, 0x80, 0x80,
  0x80, 0x80, 0x81, 0x80, 0x80, 0x80, 0x80, 0x80, 0x80, 0x80, 0x80, 0x80,
  0x81, 0x80, 0x80, 0x81, 0x80, 0x80, 0x81, 0x80, 0x80, 0x80, 0x80, 0x80,
  0x80, 0x80, 0x80, 0x80, 0x80, 0x80, 0x80, 0x80, 0x7f, 0x80, 0x80, 0x80,
  0x80, 0x80, 0x80, 0x80, 0x80, 0x80, 0x80, 0x80, 0x80, 0x80, 0x80, 0x80,
  0x80, 0x80, 0x80, 0x80, 0x80, 0x80, 0x80, 0x80, 0x80, 0x80, 0x80, 0x80,
  0x80, 0x80, 0x80, 0x81, 0x80, 0x80, 0x81, 0x80, 0x80, 0x80, 0x80, 0x80,
  0x80, 0x80, 0x80, 0x80, 0x80, 0x80, 0x80, 0x80, 0x80, 0x80, 0x80, 0x80,
  0x80, 0x80, 0x80, 0x80, 0x80, 0x80, 0x80, 0x80, 0x80, 0x80, 0x80, 0x80,
  0x80, 0x80, 0x80, 0x80, 0x80, 0x80, 0x80, 0x80, 0x80, 0x80, 0x80, 0x80,
  0x80, 0x80, 0x80, 0x80, 0x80, 0x80, 0x80, 0x80, 0x80, 0x80, 0x80, 0x80,
  0x80, 0x80, 0x80, 0x80, 0x80, 0x80, 0x80, 0x80, 0x80, 0x80, 0x80, 0x80,
  0x80, 0x80, 0x80, 0x80, 0x80, 0x80, 0x80, 0x80, 0x80, 0x80, 0x80, 0x80,
  0x80, 0x80, 0x80, 0x80, 0x80, 0x80, 0x80, 0x80, 0x80, 0x80, 0x80, 0x80,
  0x80, 0x80, 0x80, 0x80, 0x80, 0x80, 0x80, 0x80, 0x80, 0x80, 0x80, 0x80,
  0x80, 0x80, 0x80, 0x80, 0x80, 0x80, 0x80, 0x80, 0x80, 0x80, 0x80, 0x80,
  0x80, 0x80, 0x80, 0x80, 0x80, 0x80, 0x80, 0x80, 0x80, 0x80, 0x80, 0x80,
  0x80, 0x80, 0x80, 0x80, 0x80, 0x80, 0x80, 0x80, 0x80, 0x80, 0x80, 0x80,
  0x80, 0x80, 0x80, 0x80, 0x80, 0x80, 0x80, 0x80, 0x80, 0x80, 0x80, 0x80,
  0x80, 0x80, 0x80, 0x80, 0x80, 0x80, 0x80, 0x80, 0x80, 0x80, 0x80, 0x80,
  0x80, 0x80, 0x80, 0x80, 0x80, 0x80, 0x80, 0x80, 0x80, 0x80, 0x80, 0x80,
  0x80, 0x80, 0x80, 0x80, 0x80, 0x80, 0x80, 0x80, 0x80, 0x80, 0x80, 0x80,
  0x80, 0x80, 0x80, 0x80, 0x80, 0x80, 0x80, 0x80, 0x80, 0x80, 0x80, 0x80,
  0x80, 0x80, 0x80, 0x80, 0x80, 0x80, 0x80, 0x80, 0x80, 0x80, 0x80, 0x80,
  0x80, 0x80, 0x80, 0x80, 0x80, 0x80, 0x80, 0x80, 0x80, 0x80, 0x80, 0x80,
  0x80, 0x80, 0x80, 0x80, 0x80, 0x80, 0x80, 0x80, 0x80, 0x80, 0x80, 0x80,
  0x80, 0x80, 0x80, 0x80, 0x80, 0x80, 0x80, 0x80, 0x80, 0x80, 0x80, 0x80,
  0x80, 0x80, 0x80, 0x80, 0x80, 0x80, 0x80, 0x80, 0x80, 0x80, 0x80, 0x80,
  0x80, 0x80, 0x80, 0x80, 0x80, 0x80, 0x80, 0x80, 0x80, 0x80, 0x80, 0x80,
  0x80, 0x80, 0x80, 0x80, 0x80, 0x80, 0x80, 0x80, 0x80, 0x80, 0x80, 0x80,
  0x80, 0x80, 0x80, 0x80, 0x80, 0x80, 0x80, 0x80, 0x80, 0x80, 0x80, 0x80,
  0x80, 0x80, 0x80, 0x80, 0x80, 0x80, 0x80, 0x80, 0x80, 0x80, 0x80, 0x80,
  0x80, 0x80, 0x80, 0x80, 0x80, 0x80, 0x80, 0x80, 0x80, 0x80, 0x80, 0x80,
  0x80, 0x80, 0x80, 0x80, 0x80, 0x80, 0x80, 0x80, 0x80, 0x80, 0x80, 0x80,
  0x80, 0x80, 0x80, 0x80, 0x80, 0x80, 0x80, 0x80, 0x80, 0x80, 0x80, 0x80,
  0x80, 0x80, 0x80, 0x80, 0x80, 0x80, 0x80, 0x80, 0x80, 0x80, 0x80, 0x80,
  0x80, 0x80, 0x80, 0x80, 0x80, 0x80, 0x80, 0x80, 0x80, 0x80, 0x80, 0x80,
  0x80, 0x80, 0x80, 0x80, 0x80, 0x80, 0x80, 0x80, 0x80, 0x80, 0x80, 0x80,
  0x80, 0x80, 0x80, 0x80, 0x80, 0x80, 0x80, 0x80, 0x80, 0x80, 0x80, 0x80,
  0x80, 0x80, 0x80, 0x80, 0x80, 0x80, 0x80, 0x80, 0x80, 0x80, 0x80, 0x80,
  0x80, 0x80, 0x80, 0x80, 0x80, 0x80, 0x80, 0x80, 0x80, 0x80, 0x80, 0x80,
  0x80, 0x80, 0x80, 0x80, 0x80, 0x80, 0x80, 0x80, 0x80, 0x80, 0x80, 0x80,
  0x80, 0x80, 0x80, 0x80, 0x80, 0x80, 0x80, 0x80, 0x80, 0x80, 0x80, 0x80,
  0x80, 0x80, 0x80, 0x80, 0x80, 0x80, 0x80, 0x80, 0x80, 0x80, 0x80, 0x80,
  0x80, 0x80, 0x80, 0x80, 0x80, 0x80, 0x80, 0x80, 0x80, 0x80, 0x80, 0x80,
  0x80, 0x80, 0x80, 0x80, 0x80, 0x80, 0x80, 0x80, 0x80, 0x80, 0x80, 0x80,
  0x80, 0x80, 0x80, 0x80, 0x80, 0x80, 0x80, 0x80, 0x80, 0x80, 0x80, 0x80,
  0x80, 0x80, 0x80, 0x80, 0x80, 0x80, 0x80, 0x80, 0x80, 0x80, 0x80, 0x80,
  0x80, 0x80, 0x80, 0x80, 0x80, 0x80, 0x80, 0x80, 0x80, 0x80, 0x80, 0x80,
  0x80, 0x80, 0x80, 0x80, 0x80, 0x80, 0x80, 0x80, 0x80, 0x80, 0x80, 0x80,
  0x80, 0x80, 0x80, 0x80, 0x80, 0x80, 0x80, 0x80, 0x80, 0x80, 0x80, 0x80,
  0x80, 0x80, 0x80, 0x80, 0x80, 0x80, 0x80, 0x80, 0x80, 0x80, 0x80, 0x80,
  0x80, 0x80, 0x80, 0x80, 0x80, 0x80, 0x80, 0x80, 0x80, 0x80, 0x80, 0x80,
  0x80, 0x80, 0x80, 0x80, 0x80, 0x80, 0x80, 0x80, 0x80, 0x80, 0x80, 0x80,
  0x80, 0x80, 0x80, 0x80, 0x80, 0x80, 0x80, 0x80, 0x80, 0x80, 0x80, 0x80,
  0x80, 0x80, 0x80, 0x80, 0x80, 0x80, 0x80, 0x80, 0x80, 0x80, 0x80, 0x80,
  0x80, 0x80, 0x80, 0x80, 0x80, 0x80, 0x80, 0x80, 0x80, 0x80, 0x80, 0x80,
  0x80, 0x80, 0x80, 0x80, 0x80, 0x80, 0x80, 0x80, 0x80, 0x80, 0x80, 0x80,
  0x80, 0x80, 0x80, 0x80, 0x80, 0x80, 0x80, 0x80, 0x80, 0x80, 0x80, 0x80,
  0x80, 0x80, 0x80, 0x80, 0x80, 0x80, 0x80, 0x80, 0x80, 0x80, 0x80, 0x80,
  0x80, 0x80, 0x80, 0x80, 0x80, 0x80, 0x80, 0x80, 0x80, 0x80, 0x80, 0x80,
  0x80, 0x80, 0x80, 0x80, 0x80, 0x80, 0x80, 0x80, 0x80, 0x80, 0x80, 0x80,
  0x7f, 0x7f, 0x80, 0x80, 0x80, 0x80, 0x80, 0x80, 0x80, 0x80, 0x80, 0x80,
  0x80, 0x80, 0x80, 0x80, 0x80, 0x80, 0x80, 0x80, 0x80, 0x80, 0x80, 0x80,
  0x80, 0x80, 0x80, 0x80, 0x80, 0x80, 0x81, 0x81, 0x81, 0x80, 0x81, 0x81,
  0x80, 0x81, 0x81, 0x80, 0x7f, 0x7f, 0x7f, 0x80, 0x80, 0x80, 0x80, 0x80,
  0x80, 0x80, 0x80, 0x80, 0x80, 0x80, 0x80, 0x80, 0x80, 0x80, 0x80, 0x80,
  0x80, 0x7f, 0x7f, 0x80, 0x80, 0x80, 0x80, 0x7f, 0x80, 0x80, 0x80, 0x81,
  0x81, 0x80, 0x81, 0x82, 0x81, 0x80, 0x81, 0x81, 0x81, 0x81, 0x80, 0x7f,
  0x7f, 0x80, 0x80, 0x80, 0x80, 0x80, 0x7f, 0x80, 0x80, 0x81, 0x81, 0x81,
  0x80, 0x7f, 0x81, 0x80, 0x80, 0x80, 0x80, 0x80, 0x80, 0x81, 0x80, 0x7f,
  0x80, 0x7f, 0x80, 0x81, 0x80, 0x7f, 0x7f, 0x7f, 0x7f, 0x80, 0x80, 0x80,
  0x80, 0x80, 0x80, 0x80, 0x80, 0x7f, 0x7f, 0x7e, 0x7f, 0x80, 0x7f, 0x7f,
  0x80, 0x80, 0x80, 0x80, 0x7f, 0x80, 0x81, 0x80, 0x7f, 0x7f, 0x7e, 0x7e,
  0x7e, 0x7f, 0x7f, 0x7e, 0x7f, 0x80, 0x7f, 0x80, 0x81, 0x81, 0x81, 0x81,
  0x81, 0x81, 0x81, 0x80, 0x81, 0x80, 0x7e, 0x80, 0x7e, 0x7d, 0x7f, 0x7f,
  0x81, 0x82, 0x82, 0x82, 0x82, 0x82, 0x82, 0x82, 0x81, 0x80, 0x80, 0x7f,
  0x7f, 0x7f, 0x7e, 0x7e, 0x7e, 0x7e, 0x7d, 0x7d, 0x7d, 0x7c, 0x7b, 0x7c,
  0x7b, 0x7c, 0x7c, 0x7b, 0x7a, 0x79, 0x79, 0x79, 0x79, 0x79, 0x79, 0x79,
  0x7a, 0x7a, 0x7b, 0x7a, 0x79, 0x79, 0x79, 0x79, 0x79, 0x79, 0x79, 0x79,
  0x79, 0x7a, 0x7a, 0x7b, 0x7b, 0x7b, 0x7a, 0x7a, 0x7c, 0x7c, 0x7d, 0x80,
  0x81, 0x82, 0x84, 0x85, 0x86, 0x86, 0x88, 0x8a, 0x8a, 0x8b, 0x8b, 0x8b,
  0x8c, 0x8c, 0x8e, 0x8e, 0x8e, 0x90, 0x91, 0x92, 0x92, 0x94, 0x95, 0x95,
  0x96, 0x96, 0x95, 0x94, 0x93, 0x93, 0x92, 0x91, 0x91, 0x91, 0x90, 0x90,
  0x90, 0x8f, 0x8e, 0x8d, 0x8d, 0x8c, 0x8b, 0x8a, 0x88, 0x87, 0x85, 0x83,
  0x83, 0x81, 0x80, 0x80, 0x7e, 0x7d, 0x7c, 0x7b, 0x7b, 0x79, 0x79, 0x78,
  0x76, 0x76, 0x74, 0x74, 0x74, 0x72, 0x72, 0x71, 0x6f, 0x70, 0x6e, 0x6e,
  0x6d, 0x6d, 0x6d, 0x6c, 0x6b, 0x6c, 0x6b, 0x6b, 0x6b, 0x6a, 0x6a, 0x6a,
  0x6a, 0x6a, 0x69, 0x6a, 0x6a, 0x69, 0x6a, 0x6a, 0x6a, 0x6a, 0x6a, 0x6a,
  0x6a, 0x6b, 0x6c, 0x6b, 0x6c, 0x6c, 0x6d, 0x6e, 0x6e, 0x6e, 0x6e, 0x6e,
  0x6f, 0x6f, 0x70, 0x70, 0x70, 0x70, 0x6f, 0x6f, 0x6f, 0x6f, 0x72, 0x74,
  0x77, 0x7b, 0x7e, 0x84, 0x89, 0x8f, 0x94, 0x99, 0x9d, 0xa1, 0xa4, 0xa7,
  0xa8, 0xaa, 0xab, 0xab, 0xac, 0xab, 0xab, 0xaa, 0xaa, 0xab, 0xab, 0xab,
  0xab, 0xaa, 0xaa, 0xa9, 0xa9, 0xa7, 0xa5, 0xa3, 0xa0, 0x9e, 0x9b, 0x97,
  0x94, 0x91, 0x8e, 0x8c, 0x8b, 0x89, 0x86, 0x85, 0x85, 0x85, 0x85, 0x84,
  0x83, 0x83, 0x83, 0x83, 0x81, 0x80, 0x7e, 0x7d, 0x7d, 0x7b, 0x79, 0x77,
  0x76, 0x76, 0x77, 0x77, 0x76, 0x74, 0x74, 0x74, 0x74, 0x73, 0x71, 0x6f,
  0x6d, 0x6b, 0x6a, 0x68, 0x66, 0x64, 0x63, 0x62, 0x62, 0x63, 0x62, 0x62,
  0x62, 0x63, 0x64, 0x65, 0x65, 0x64, 0x64, 0x64, 0x65, 0x65, 0x64, 0x64,
  0x64, 0x65, 0x66, 0x67, 0x68, 0x69, 0x6a, 0x6c, 0x6d, 0x6f, 0x71, 0x72,
  0x73, 0x73, 0x74, 0x74, 0x75, 0x75, 0x74, 0x75, 0x74, 0x73, 0x72, 0x6f,
  0x6e, 0x6d, 0x6e, 0x72, 0x77, 0x7e, 0x84, 0x8b, 0x94, 0x9d, 0xa7, 0xb2,
  0xba, 0xc0, 0xc2, 0xc2, 0xc3, 0xc2, 0xbf, 0xbc, 0xb7, 0xb2, 0xad, 0xa8,
  0xa4, 0xa2, 0xa1, 0xa2, 0xa2, 0xa0, 0x9d, 0x9a, 0x98, 0x98, 0x97, 0x94,
  0x90, 0x8a, 0x86, 0x83, 0x82, 0x82, 0x82, 0x82, 0x82, 0x81, 0x81, 0x81,
  0x83, 0x85, 0x86, 0x85, 0x83, 0x81, 0x7f, 0x7f, 0x7f, 0x7e, 0x7d, 0x7b,
  0x7a, 0x79, 0x77, 0x77, 0x76, 0x76, 0x77, 0x76, 0x74, 0x70, 0x6f, 0x6e,
  0x6f, 0x6f, 0x6b, 0x67, 0x64, 0x63, 0x65, 0x64, 0x63, 0x61, 0x60, 0x62,
  0x64, 0x65, 0x65, 0x64, 0x65, 0x67, 0x69, 0x68, 0x66, 0x65, 0x66, 0x68,
  0x69, 0x68, 0x67, 0x67, 0x68, 0x6b, 0x6c, 0x6e, 0x6e, 0x6f, 0x70, 0x71,
  0x73, 0x74, 0x74, 0x75, 0x76, 0x76, 0x77, 0x76, 0x76, 0x77, 0x76, 0x76,
  0x75, 0x72, 0x6f, 0x6c, 0x6b, 0x6f, 0x76, 0x7f, 0x88, 0x91, 0x9a, 0xa6,
  0xb2, 0xbd, 0xc5, 0xca, 0xcc, 0xca, 0xc5, 0xbe, 0xb9, 0xb4, 0xb1, 0xac,
  0xa6, 0x9f, 0x9a, 0x99, 0x9a, 0x99, 0x97, 0x92, 0x8d, 0x88, 0x84, 0x81,
  0x7f, 0x7f, 0x81, 0x81, 0x81, 0x82, 0x84, 0x8b, 0x91, 0x96, 0x98, 0x96,
  0x92, 0x90, 0x8e, 0x8e, 0x8e, 0x8c, 0x87, 0x83, 0x80, 0x80, 0x81, 0x81,
  0x7e, 0x7a, 0x77, 0x75, 0x74, 0x72, 0x70, 0x70, 0x70, 0x71, 0x71, 0x70,
  0x6f, 0x70, 0x71, 0x72, 0x71, 0x6e, 0x6a, 0x68, 0x68, 0x69, 0x69, 0x68,
  0x68, 0x68, 0x68, 0x6a, 0x6b, 0x6b, 0x6a, 0x6a, 0x6a, 0x6a, 0x68, 0x66,
  0x67, 0x68, 0x69, 0x69, 0x67, 0x68, 0x6b, 0x6c, 0x6c, 0x6c, 0x6e, 0x70,
  0x70, 0x6f, 0x6f, 0x70, 0x72, 0x74, 0x74, 0x74, 0x74, 0x75, 0x76, 0x76,
  0x75, 0x74, 0x73, 0x72, 0x71, 0x6d, 0x69, 0x66, 0x65, 0x6d, 0x77, 0x86,
  0x93, 0x9c, 0xa5, 0xae, 0xb8, 0xc3, 0xca, 0xca, 0xc6, 0xbf, 0xb8, 0xb4,
  0xb2, 0xaf, 0xad, 0xaa, 0xa5, 0xa1, 0x9a, 0x96, 0x92, 0x8e, 0x89, 0x82,
  0x7a, 0x74, 0x71, 0x73, 0x79, 0x81, 0x87, 0x89, 0x8b, 0x8c, 0x90, 0x96,
  0x99, 0x9c, 0x9b, 0x98, 0x95, 0x94, 0x95, 0x97, 0x98, 0x95, 0x91, 0x8d,
  0x88, 0x83, 0x7e, 0x79, 0x76, 0x73, 0x6f, 0x6a, 0x67, 0x68, 0x6b, 0x6f,
  0x6f, 0x6c, 0x6a, 0x6a, 0x6d, 0x6e, 0x6e, 0x6d, 0x6d, 0x71, 0x73, 0x74,
  0x74, 0x73, 0x76, 0x79, 0x7a, 0x77, 0x74, 0x71, 0x71, 0x73, 0x73, 0x71,
  0x6e, 0x6b, 0x6c, 0x6d, 0x6c, 0x6a, 0x69, 0x67, 0x66, 0x66, 0x66, 0x67,
  0x68, 0x68, 0x69, 0x6b, 0x6e, 0x72, 0x71, 0x71, 0x72, 0x75, 0x77, 0x76,
  0x75, 0x74, 0x74, 0x76, 0x76, 0x74, 0x71, 0x70, 0x70, 0x6f, 0x6d, 0x67,
  0x62, 0x5f, 0x62, 0x6f, 0x7f, 0x91, 0x9e, 0xa5, 0xab, 0xb2, 0xb9, 0xc0,
  0xc2, 0xc0, 0xba, 0xb5, 0xb0, 0xaf, 0xb1, 0xb2, 0xb2, 0xae, 0xa8, 0x9f,
  0x93, 0x88, 0x83, 0x7e, 0x7a, 0x75, 0x70, 0x6f, 0x73, 0x7a, 0x84, 0x8b,
  0x8d, 0x8d, 0x8a, 0x87, 0x88, 0x8a, 0x8d, 0x93, 0x98, 0x9b, 0x9d, 0x9f,
  0xa2, 0xa4, 0xa2, 0x9d, 0x95, 0x8c, 0x84, 0x7d, 0x78, 0x73, 0x70, 0x6d,
  0x6b, 0x69, 0x66, 0x63, 0x62, 0x63, 0x63, 0x62, 0x61, 0x61, 0x63, 0x68,
  0x6d, 0x70, 0x72, 0x74, 0x77, 0x7a, 0x7b, 0x7b, 0x7b, 0x7c, 0x7d, 0x7d,
  0x7c, 0x7b, 0x7a, 0x78, 0x77, 0x75, 0x73, 0x70, 0x6d, 0x6a, 0x69, 0x68,
  0x67, 0x66, 0x65, 0x66, 0x67, 0x67, 0x68, 0x6a, 0x6c, 0x6f, 0x70, 0x71,
  0x74, 0x76, 0x78, 0x7a, 0x7a, 0x7c, 0x7c, 0x7d, 0x7d, 0x7c, 0x7c, 0x7b,
  0x7a, 0x78, 0x76, 0x75, 0x74, 0x72, 0x6f, 0x68, 0x63, 0x65, 0x70, 0x81,
  0x92, 0xa0, 0xa6, 0xa9, 0xac, 0xac, 0xaf, 0xb2, 0xb6, 0xba, 0xbb, 0xba,
  0xba, 0xba, 0xba, 0xb8, 0xb1, 0xa6, 0x9b, 0x8f, 0x86, 0x82, 0x81, 0x84,
  0x84, 0x81, 0x7b, 0x75, 0x72, 0x74, 0x78, 0x7a, 0x7c, 0x7d, 0x7f, 0x83,
  0x88, 0x8d, 0x94, 0x9b, 0x9f, 0x9d, 0x9a, 0x99, 0x9a, 0x9b, 0x98, 0x94,
  0x90, 0x8c, 0x88, 0x80, 0x78, 0x73, 0x70, 0x6c, 0x66, 0x60, 0x5c, 0x59,
  0x59, 0x5a, 0x5c, 0x5c, 0x5b, 0x5b, 0x5c, 0x60, 0x64, 0x66, 0x68, 0x6c,
  0x70, 0x72, 0x74, 0x75, 0x78, 0x7a, 0x7b, 0x7d, 0x7d, 0x7c, 0x7b, 0x79,
  0x79, 0x7a, 0x7a, 0x76, 0x72, 0x71, 0x70, 0x70, 0x6e, 0x6b, 0x6a, 0x6a,
  0x6b, 0x6b, 0x6b, 0x6c, 0x6d, 0x6e, 0x70, 0x72, 0x74, 0x75, 0x76, 0x78,
  0x7a, 0x7b, 0x7d, 0x7e, 0x7e, 0x7f, 0x7e, 0x7e, 0x7e, 0x7e, 0x7d, 0x7a,
  0x78, 0x78, 0x76, 0x73, 0x6d, 0x68, 0x69, 0x76, 0x89, 0x9b, 0xa6, 0xa7,
  0xa4, 0xa1, 0xa1, 0xa7, 0xaf, 0xb6, 0xbe, 0xc1, 0xc2, 0xc0, 0xbd, 0xb7,
  0xb0, 0xaa, 0xa3, 0x9c, 0x94, 0x8e, 0x8a, 0x88, 0x88, 0x87, 0x81, 0x7a,
  0x70, 0x6b, 0x6c, 0x73, 0x7b, 0x80, 0x81, 0x80, 0x81, 0x83, 0x88, 0x8f,
  0x93, 0x97, 0x9b, 0x9b, 0x9a, 0x99, 0x98, 0x99, 0x99, 0x96, 0x92, 0x8a,
  0x82, 0x7e, 0x7b, 0x77, 0x72, 0x6c, 0x66, 0x63, 0x60, 0x5e, 0x5c, 0x5b,
  0x5b, 0x5a, 0x5a, 0x5a, 0x5c, 0x5e, 0x61, 0x64, 0x67, 0x6a, 0x6d, 0x6f,
  0x70, 0x72, 0x75, 0x78, 0x7b, 0x7d, 0x7c, 0x7b, 0x7b, 0x7b, 0x7b, 0x7c,
  0x7a, 0x76, 0x74, 0x72, 0x72, 0x73, 0x71, 0x6e, 0x6b, 0x6b, 0x6c, 0x6e,
  0x6d, 0x6b, 0x6c, 0x6e, 0x71, 0x73, 0x73, 0x74, 0x75, 0x77, 0x7a, 0x7b,
  0x7d, 0x7d, 0x7d, 0x7d, 0x7e, 0x81, 0x80, 0x7e, 0x7c, 0x7a, 0x7a, 0x7a,
  0x78, 0x75, 0x70, 0x6b, 0x69, 0x6f, 0x7f, 0x91, 0xa1, 0xa6, 0xa2, 0x9d,
  0x99, 0x9b, 0xa5, 0xb1, 0xbd, 0xc5, 0xc6, 0xc2, 0xbd, 0xb4, 0xad, 0xa9,
  0xa7, 0xa5, 0xa2, 0x9b, 0x94, 0x90, 0x8b, 0x88, 0x84, 0x7e, 0x75, 0x6e,
  0x6c, 0x72, 0x7c, 0x82, 0x82, 0x7f, 0x7b, 0x7c, 0x81, 0x85, 0x8c, 0x93,
  0x97, 0x9a, 0x9b, 0x99, 0x98, 0x96, 0x95, 0x97, 0x97, 0x93, 0x8d, 0x86,
  0x7f, 0x7d, 0x7a, 0x76, 0x71, 0x6b, 0x66, 0x63, 0x62, 0x60, 0x5e, 0x5c,
  0x5a, 0x59, 0x5b, 0x5c, 0x5d, 0x5f, 0x62, 0x64, 0x67, 0x68, 0x6a, 0x6c,
  0x6f, 0x73, 0x75, 0x77, 0x78, 0x7a, 0x7a, 0x7a, 0x7a, 0x79, 0x7a, 0x7b,
  0x7a, 0x78, 0x74, 0x72, 0x72, 0x73, 0x72, 0x70, 0x6d, 0x6b, 0x6d, 0x6f,
  0x71, 0x70, 0x6d, 0x6c, 0x70, 0x75, 0x77, 0x75, 0x74, 0x74, 0x79, 0x7c,
  0x7c, 0x7d, 0x7a, 0x7a, 0x7c, 0x7e, 0x80, 0x7d, 0x7a, 0x78, 0x77, 0x79,
  0x79, 0x77, 0x71, 0x6c, 0x69, 0x6a, 0x77, 0x86, 0x96, 0xa1, 0xa1, 0x9c,
  0x95, 0x93, 0x98, 0xa6, 0xb9, 0xc7, 0xcd, 0xc8, 0xbc, 0xb1, 0xa9, 0xa7,
  0xaa, 0xae, 0xb0, 0xad, 0xa6, 0x9b, 0x90, 0x88, 0x82, 0x7f, 0x7e, 0x7d,
  0x7c, 0x7b, 0x7b, 0x7d, 0x80, 0x7e, 0x7a, 0x77, 0x75, 0x7c, 0x88, 0x91,
  0x97, 0x98, 0x93, 0x90, 0x8f, 0x8f, 0x93, 0x96, 0x98, 0x99, 0x96, 0x91,
  0x89, 0x81, 0x7c, 0x7b, 0x7c, 0x7c, 0x77, 0x70, 0x6a, 0x67, 0x66, 0x65,
  0x63, 0x5f, 0x5e, 0x5f, 0x61, 0x61, 0x61, 0x60, 0x60, 0x63, 0x65, 0x67,
  0x69, 0x6a, 0x6e, 0x70, 0x71, 0x71, 0x70, 0x72, 0x74, 0x77, 0x78, 0x77,
  0x77, 0x76, 0x76, 0x76, 0x72, 0x72, 0x73, 0x73, 0x74, 0x72, 0x6f, 0x6f,
  0x70, 0x6f, 0x70, 0x71, 0x70, 0x73, 0x72, 0x72, 0x74, 0x74, 0x75, 0x76,
  0x75, 0x76, 0x78, 0x79, 0x79, 0x7a, 0x78, 0x78, 0x78, 0x78, 0x79, 0x78,
  0x76, 0x76, 0x74, 0x74, 0x74, 0x73, 0x71, 0x6e, 0x6a, 0x68, 0x6f, 0x7e,
  0x8e, 0x9c, 0x9f, 0x97, 0x8f, 0x8c, 0x92, 0xa3, 0xb7, 0xc7, 0xcc, 0xc7,
  0xbb, 0xaf, 0xa7, 0xa8, 0xae, 0xb6, 0xbc, 0xbb, 0xb1, 0xa4, 0x95, 0x8a,
  0x88, 0x8b, 0x90, 0x91, 0x8c, 0x86, 0x82, 0x83, 0x85, 0x83, 0x7c, 0x79,
  0x7a, 0x81, 0x8b, 0x8f, 0x90, 0x8f, 0x8b, 0x8a, 0x88, 0x89, 0x8e, 0x93,
  0x98, 0x99, 0x96, 0x8e, 0x87, 0x83, 0x81, 0x84, 0x86, 0x84, 0x80, 0x7a,
  0x74, 0x71, 0x6e, 0x6c, 0x6b, 0x6a, 0x69, 0x67, 0x66, 0x64, 0x62, 0x62,
  0x61, 0x62, 0x64, 0x65, 0x66, 0x68, 0x69, 0x6b, 0x6c, 0x6c, 0x6c, 0x6d,
  0x70, 0x73, 0x74, 0x75, 0x74, 0x72, 0x72, 0x72, 0x73, 0x74, 0x74, 0x73,
  0x73, 0x73, 0x72, 0x72, 0x72, 0x70, 0x71, 0x72, 0x73, 0x75, 0x74, 0x72,
  0x73, 0x74, 0x75, 0x77, 0x75, 0x75, 0x77, 0x77, 0x78, 0x78, 0x77, 0x76,
  0x76, 0x76, 0x77, 0x78, 0x76, 0x74, 0x74, 0x74, 0x75, 0x74, 0x72, 0x71,
  0x70, 0x71, 0x72, 0x6f, 0x6c, 0x6b, 0x67, 0x6b, 0x79, 0x88, 0x97, 0x9e,
  0x96, 0x8d, 0x8a, 0x90, 0xa2, 0xb5, 0xc4, 0xc9, 0xc6, 0xbc, 0xb0, 0xaa,
  0xa9, 0xaf, 0xb8, 0xbe, 0xbe, 0xb6, 0xa7, 0x98, 0x8e, 0x8d, 0x91, 0x97,
  0x98, 0x91, 0x8c, 0x89, 0x88, 0x88, 0x85, 0x82, 0x7f, 0x80, 0x85, 0x8a,
  0x8e, 0x90, 0x8c, 0x89, 0x86, 0x86, 0x89, 0x8d, 0x92, 0x96, 0x95, 0x92,
  0x8c, 0x86, 0x82, 0x83, 0x85, 0x88, 0x89, 0x84, 0x7e, 0x77, 0x73, 0x72,
  0x71, 0x70, 0x6f, 0x6d, 0x6c, 0x6b, 0x68, 0x64, 0x63, 0x62, 0x64, 0x65,
  0x65, 0x65, 0x67, 0x68, 0x69, 0x69, 0x68, 0x69, 0x6a, 0x6c, 0x70, 0x71,
  0x72, 0x73, 0x71, 0x71, 0x6f, 0x70, 0x73, 0x73, 0x73, 0x73, 0x71, 0x71,
  0x72, 0x71, 0x71, 0x72, 0x72, 0x73, 0x74, 0x74, 0x75, 0x73, 0x74, 0x75,
  0x75, 0x77, 0x76, 0x75, 0x76, 0x76, 0x77, 0x77, 0x76, 0x75, 0x76, 0x76,
  0x76, 0x75, 0x74, 0x74, 0x75, 0x74, 0x73, 0x72, 0x71, 0x72, 0x72, 0x72,
  0x71, 0x6f, 0x6f, 0x6f, 0x6f, 0x70, 0x6f, 0x6c, 0x6a, 0x68, 0x6a, 0x78,
  0x86, 0x94, 0x9c, 0x97, 0x8e, 0x8a, 0x8f, 0x9f, 0xb4, 0xc3, 0xc8, 0xc3,
  0xb8, 0xaf, 0xac, 0xac, 0xb1, 0xb9, 0xbe, 0xbf, 0xb7, 0xa9, 0x9a, 0x92,
  0x93, 0x98, 0x9e, 0x9c, 0x97, 0x91, 0x8d, 0x8d, 0x8c, 0x8b, 0x88, 0x85,
  0x86, 0x8b, 0x8f, 0x91, 0x8f, 0x8b, 0x87, 0x87, 0x89, 0x8b, 0x8f, 0x92,
  0x94, 0x93, 0x8e, 0x89, 0x84, 0x82, 0x85, 0x88, 0x8a, 0x88, 0x82, 0x7b,
  0x76, 0x74, 0x73, 0x73, 0x71, 0x6f, 0x6f, 0x6d, 0x69, 0x66, 0x63, 0x63,
  0x64, 0x64, 0x64, 0x64, 0x65, 0x65, 0x66, 0x65, 0x65, 0x65, 0x66, 0x69,
  0x6b, 0x6d, 0x6d, 0x6d, 0x6e, 0x6d, 0x6e, 0x6f, 0x6e, 0x6f, 0x71, 0x71,
  0x71, 0x70, 0x6f, 0x70, 0x71, 0x73, 0x73, 0x73, 0x73, 0x73, 0x75, 0x76,
  0x76, 0x75, 0x75, 0x76, 0x78, 0x78, 0x78, 0x77, 0x76, 0x77, 0x78, 0x78,
  0x78, 0x77, 0x75, 0x76, 0x77, 0x77, 0x76, 0x74, 0x73, 0x74, 0x75, 0x75,
  0x74, 0x73, 0x73, 0x73, 0x73, 0x73, 0x73, 0x73, 0x72, 0x73, 0x73, 0x72,
  0x73, 0x73, 0x72, 0x72, 0x70, 0x6f, 0x6d, 0x71, 0x7d, 0x8a, 0x98, 0x9c,
  0x96, 0x8f, 0x8d, 0x95, 0xa5, 0xb7, 0xc0, 0xc1, 0xbc, 0xb2, 0xad, 0xab,
  0xae, 0xb4, 0xba, 0xbe, 0xbb, 0xb2, 0xa7, 0x9c, 0x98, 0x9a, 0x9f, 0xa3,
  0xa1, 0x9d, 0x96, 0x92, 0x90, 0x8f, 0x8f, 0x8d, 0x8c, 0x8d, 0x8f, 0x91,
  0x91, 0x8d, 0x89, 0x85, 0x85, 0x88, 0x8c, 0x8f, 0x90, 0x90, 0x8d, 0x89,
  0x85, 0x82, 0x82, 0x83, 0x85, 0x88, 0x85, 0x80, 0x7b, 0x75, 0x73, 0x73,
  0x73, 0x73, 0x72, 0x6e, 0x6b, 0x68, 0x65, 0x65, 0x63, 0x62, 0x63, 0x62,
  0x63, 0x63, 0x62, 0x62, 0x62, 0x63, 0x64, 0x66, 0x67, 0x67, 0x68, 0x68,
  0x69, 0x6a, 0x6a, 0x6b, 0x6c, 0x6d, 0x6f, 0x6f, 0x6f, 0x6e, 0x6e, 0x70,
  0x72, 0x73, 0x75, 0x74, 0x75, 0x76, 0x77, 0x78, 0x78, 0x79, 0x7a, 0x7c,
  0x7d, 0x7d, 0x7d, 0x7c, 0x7c, 0x7c, 0x7d, 0x7e, 0x7c, 0x7c, 0x7c, 0x7b,
  0x7c, 0x7b, 0x7a, 0x79, 0x78, 0x78, 0x79, 0x79, 0x78, 0x77, 0x76, 0x76,
  0x78, 0x77, 0x77, 0x76, 0x75, 0x76, 0x77, 0x77, 0x78, 0x77, 0x77, 0x77,
  0x77, 0x79, 0x78, 0x78, 0x77, 0x77, 0x77, 0x79, 0x78, 0x76, 0x73, 0x72,
  0x76, 0x81, 0x8c, 0x94, 0x95, 0x8f, 0x8c, 0x8f, 0x99, 0xa7, 0xb2, 0xb6,
  0xb6, 0xb2, 0xae, 0xac, 0xad, 0xaf, 0xb4, 0xba, 0xbb, 0xba, 0xb3, 0xa8,
  0xa1, 0x9f, 0xa2, 0xa7, 0xaa, 0xa6, 0xa0, 0x9a, 0x97, 0x95, 0x95, 0x94,
  0x92, 0x92, 0x93, 0x94, 0x92, 0x8e, 0x88, 0x85, 0x84, 0x85, 0x88, 0x89,
  0x89, 0x87, 0x84, 0x81, 0x7f, 0x7e, 0x7e, 0x7f, 0x80, 0x80, 0x7f, 0x7c,
  0x78, 0x76, 0x74, 0x75, 0x76, 0x77, 0x76, 0x72, 0x6e, 0x6a, 0x68, 0x69,
  0x68, 0x67, 0x65, 0x64, 0x64, 0x64, 0x63, 0x60, 0x5f, 0x60, 0x63, 0x65,
  0x66, 0x64, 0x63, 0x64, 0x65, 0x66, 0x66, 0x66, 0x67, 0x69, 0x6b, 0x6c,
  0x6b, 0x6a, 0x6a, 0x6d, 0x6f, 0x71, 0x72, 0x72, 0x74, 0x76, 0x77, 0x78,
  0x79, 0x7a, 0x7c, 0x7e, 0x7f, 0x7f, 0x7f, 0x7f, 0x80, 0x80, 0x81, 0x80,
  0x80, 0x80, 0x80, 0x7f, 0x7e, 0x7d, 0x7d, 0x7d, 0x7d, 0x7c, 0x7b, 0x79,
  0x79, 0x7a, 0x79, 0x78, 0x77, 0x77, 0x78, 0x78, 0x77, 0x76, 0x76, 0x76,
  0x77, 0x78, 0x77, 0x76, 0x76, 0x77, 0x78, 0x78, 0x78, 0x78, 0x78, 0x7a,
  0x7a, 0x7a, 0x7a, 0x7a, 0x7b, 0x7c, 0x7c, 0x7b, 0x7b, 0x7b, 0x7c, 0x7b,
  0x79, 0x77, 0x77, 0x7e, 0x86, 0x8d, 0x91, 0x8e, 0x8d, 0x8e, 0x94, 0x9f,
  0xa7, 0xad, 0xae, 0xad, 0xac, 0xab, 0xac, 0xae, 0xb1, 0xb6, 0xb9, 0xb9,
  0xb4, 0xad, 0xa7, 0xa6, 0xa9, 0xab, 0xac, 0xaa, 0xa5, 0xa1, 0x9d, 0x9c,
  0x9b, 0x99, 0x99, 0x97, 0x97, 0x97, 0x94, 0x90, 0x8b, 0x87, 0x86, 0x85,
  0x86, 0x86, 0x84, 0x82, 0x80, 0x7d, 0x7a, 0x79, 0x78, 0x78, 0x7a, 0x7a,
  0x79, 0x77, 0x73, 0x71, 0x70, 0x71, 0x73, 0x73, 0x72, 0x71, 0x6e, 0x6c,
  0x6a, 0x69, 0x67, 0x67, 0x67, 0x67, 0x66, 0x64, 0x62, 0x62, 0x61, 0x62,
  0x63, 0x63, 0x63, 0x64, 0x64, 0x64, 0x64, 0x63, 0x64, 0x66, 0x67, 0x68,
  0x69, 0x68, 0x69, 0x6a, 0x6b, 0x6c, 0x6d, 0x6e, 0x70, 0x73, 0x74, 0x75,
  0x75, 0x76, 0x79, 0x7c, 0x7d, 0x7f, 0x7f, 0x81, 0x82, 0x83, 0x83, 0x83,
  0x83, 0x84, 0x85, 0x85, 0x85, 0x83, 0x82, 0x83, 0x82, 0x82, 0x81, 0x7f,
  0x7f, 0x7f, 0x7e, 0x7e, 0x7c, 0x7b, 0x7b, 0x7b, 0x7b, 0x7a, 0x79, 0x78,
  0x78, 0x79, 0x78, 0x78, 0x78, 0x77, 0x78, 0x78, 0x78, 0x78, 0x78, 0x78,
  0x78, 0x79, 0x79, 0x7a, 0x7a, 0x7a, 0x7b, 0x7b, 0x7b, 0x7c, 0x7b, 0x7c,
  0x7c, 0x7c, 0x7d, 0x7c, 0x7c, 0x7b, 0x7b, 0x7b, 0x7c, 0x7b, 0x79, 0x77,
  0x77, 0x7a, 0x81, 0x87, 0x8c, 0x8c, 0x8b, 0x8c, 0x90, 0x98, 0xa1, 0xa8,
  0xab, 0xab, 0xab, 0xaa, 0xab, 0xad, 0xb0, 0xb4, 0xb7, 0xb7, 0xb5, 0xaf,
  0xaa, 0xa8, 0xa9, 0xab, 0xac, 0xaa, 0xa6, 0xa2, 0x9f, 0x9e, 0x9d, 0x9b,
  0x9a, 0x98, 0x98, 0x97, 0x95, 0x91, 0x8c, 0x88, 0x87, 0x86, 0x86, 0x84,
  0x82, 0x80, 0x7e, 0x7c, 0x79, 0x77, 0x76, 0x76, 0x78, 0x78, 0x77, 0x74,
  0x72, 0x70, 0x70, 0x71, 0x72, 0x73, 0x72, 0x72, 0x6f, 0x6d, 0x6b, 0x6a,
  0x6a, 0x6a, 0x69, 0x68, 0x66, 0x65, 0x64, 0x63, 0x63, 0x63, 0x63, 0x64,
  0x65, 0x65, 0x64, 0x64, 0x64, 0x64, 0x65, 0x66, 0x66, 0x68, 0x68, 0x69,
  0x69, 0x69, 0x6a, 0x6b, 0x6c, 0x6d, 0x6f, 0x70, 0x71, 0x72, 0x74, 0x75,
  0x77, 0x79, 0x7b, 0x7c, 0x7e, 0x7f, 0x80, 0x81, 0x82, 0x82, 0x84, 0x84,
  0x85, 0x85, 0x85, 0x85, 0x85, 0x84, 0x84, 0x83, 0x83, 0x82, 0x82, 0x81,
  0x80, 0x7f, 0x7e, 0x7e, 0x7d, 0x7c, 0x7c, 0x7b, 0x7b, 0x7a, 0x7a, 0x79,
  0x79, 0x78, 0x79, 0x78, 0x78, 0x78, 0x77, 0x78, 0x78, 0x79, 0x79, 0x79,
  0x79, 0x7a, 0x7b, 0x7b, 0x7b, 0x7c, 0x7c, 0x7d, 0x7e, 0x7e, 0x7e, 0x7d,
  0x7e, 0x7e, 0x7f, 0x7f, 0x7e, 0x7e, 0x7e, 0x7e, 0x7f, 0x7e, 0x7d, 0x7d,
  0x7c, 0x7d, 0x7d, 0x7b, 0x79, 0x78, 0x79, 0x7d, 0x82, 0x87, 0x89, 0x89,
  0x88, 0x8a, 0x90, 0x98, 0x9f, 0xa5, 0xa7, 0xa7, 0xa8, 0xa8, 0xaa, 0xae,
  0xb1, 0xb5, 0xb7, 0xb6, 0xb3, 0xaf, 0xab, 0xaa, 0xac, 0xae, 0xae, 0xab,
  0xa6, 0xa2, 0xa0, 0x9f, 0x9e, 0x9d, 0x9b, 0x99, 0x98, 0x96, 0x94, 0x90,
  0x8b, 0x89, 0x87, 0x86, 0x85, 0x83, 0x80, 0x7e, 0x7c, 0x7a, 0x78, 0x76,
  0x75, 0x76, 0x76, 0x76, 0x75, 0x72, 0x70, 0x70, 0x71, 0x73, 0x73, 0x73,
  0x73, 0x71, 0x71, 0x6f, 0x6e, 0x6e, 0x6d, 0x6d, 0x6d, 0x6c, 0x6b, 0x69,
  0x68, 0x67, 0x67, 0x68, 0x68, 0x68, 0x67, 0x67, 0x68, 0x67, 0x68, 0x67,
  0x67, 0x68, 0x69, 0x6a, 0x6a, 0x69, 0x69, 0x6a, 0x6b, 0x6c, 0x6d, 0x6d,
  0x6e, 0x70, 0x71, 0x72, 0x73, 0x75, 0x77, 0x79, 0x7a, 0x7c, 0x7d, 0x7e,
  0x80, 0x81, 0x82, 0x83, 0x83, 0x84, 0x84, 0x84, 0x84, 0x84, 0x84, 0x83,
  0x82, 0x82, 0x82, 0x81, 0x81, 0x7f, 0x7f, 0x7e, 0x7e, 0x7d, 0x7c, 0x7c,
  0x7a, 0x7a, 0x7a, 0x79, 0x79, 0x78, 0x77, 0x77, 0x76, 0x77, 0x76, 0x75,
  0x75, 0x75, 0x76, 0x76, 0x76, 0x76, 0x76, 0x77, 0x78, 0x79, 0x79, 0x79,
  0x7a, 0x7b, 0x7c, 0x7c, 0x7c, 0x7c, 0x7d, 0x7e, 0x7e, 0x7e, 0x7e, 0x7e,
  0x7e, 0x7f, 0x7f, 0x7f, 0x7e, 0x7e, 0x7f, 0x7f, 0x7f, 0x7e, 0x7e, 0x7e,
  0x7e, 0x7e, 0x7d, 0x7d, 0x7c, 0x7d, 0x7c, 0x7a, 0x79, 0x78, 0x79, 0x7d,
  0x80, 0x84, 0x85, 0x85, 0x86, 0x88, 0x8e, 0x95, 0x9b, 0xa1, 0xa2, 0xa3,
  0xa4, 0xa5, 0xa9, 0xac, 0xb1, 0xb4, 0xb5, 0xb4, 0xb1, 0xae, 0xad, 0xad,
  0xaf, 0xb0, 0xaf, 0xac, 0xa8, 0xa5, 0xa4, 0xa3, 0xa3, 0xa2, 0xa0, 0x9f,
  0x9d, 0x9b, 0x98, 0x95, 0x92, 0x90, 0x8e, 0x8c, 0x8a, 0x88, 0x86, 0x84,
  0x81, 0x7e, 0x7c, 0x7a, 0x7a, 0x79, 0x78, 0x78, 0x77, 0x75, 0x74, 0x73,
  0x74, 0x74, 0x75, 0x76, 0x75, 0x73, 0x73, 0x72, 0x71, 0x71, 0x70, 0x6f,
  0x6f, 0x6e, 0x6d, 0x6b, 0x6b, 0x6a, 0x69, 0x69, 0x69, 0x69, 0x68, 0x68,
  0x68, 0x67, 0x68, 0x68, 0x67, 0x68, 0x68, 0x68, 0x69, 0x69, 0x69, 0x69,
  0x69, 0x6a, 0x6b, 0x6b, 0x6c, 0x6d, 0x6e, 0x6f, 0x70, 0x71, 0x73, 0x74,
  0x76, 0x77, 0x79, 0x7a, 0x7b, 0x7d, 0x7d, 0x7f, 0x80, 0x80, 0x81, 0x81,
  0x82, 0x83, 0x83, 0x83, 0x82, 0x82, 0x82, 0x82, 0x82, 0x82, 0x81, 0x81,
  0x80, 0x81, 0x80, 0x80, 0x7f, 0x7e, 0x7e, 0x7e, 0x7d, 0x7d, 0x7c, 0x7b,
  0x7b, 0x7b, 0x7b, 0x7a, 0x79, 0x79, 0x79, 0x79, 0x79, 0x79, 0x79, 0x79,
  0x79, 0x79, 0x79, 0x79, 0x7a, 0x7a, 0x7a, 0x7a, 0x7a, 0x7b, 0x7b, 0x7b,
  0x7b, 0x7b, 0x7b, 0x7b, 0x7b, 0x7b, 0x7b, 0x7b, 0x7b, 0x7b, 0x7b, 0x7b,
  0x7a, 0x7a, 0x7a, 0x7a, 0x7a, 0x7a, 0x7a, 0x79, 0x79, 0x79, 0x79, 0x79,
  0x79, 0x79, 0x79, 0x78, 0x78, 0x78, 0x78, 0x78, 0x77, 0x77, 0x76, 0x75,
  0x74, 0x75, 0x78, 0x7b, 0x7e, 0x80, 0x81, 0x83, 0x85, 0x89, 0x8d, 0x91,
  0x95, 0x98, 0x9b, 0x9d, 0x9e, 0x9f, 0xa2, 0xa4, 0xa7, 0xa8, 0xa8, 0xa8,
  0xa8, 0xa7, 0xa7, 0xa7, 0xa7, 0xa7, 0xa6, 0xa6, 0xa5, 0xa5, 0xa4, 0xa3,
  0xa3, 0xa2, 0xa1, 0xa1, 0x9f, 0x9e, 0x9d, 0x9c, 0x9a, 0x99, 0x97, 0x95,
  0x94, 0x93, 0x91, 0x90, 0x8e, 0x8c, 0x8a, 0x89, 0x88, 0x87, 0x85, 0x84,
  0x83, 0x82, 0x81, 0x7f, 0x7e, 0x7d, 0x7b, 0x7a, 0x79, 0x78, 0x76, 0x75,
  0x73, 0x72, 0x71, 0x6f, 0x6e, 0x6d, 0x6b, 0x6a, 0x69, 0x68, 0x67, 0x67,
  0x66, 0x65, 0x65, 0x64, 0x64, 0x64, 0x64, 0x64, 0x64, 0x64, 0x64, 0x64,
  0x65, 0x65, 0x66, 0x66, 0x67, 0x68, 0x69, 0x6a, 0x6b, 0x6b, 0x6c, 0x6d,
  0x6f, 0x70, 0x71, 0x72, 0x73, 0x74, 0x75, 0x76, 0x77, 0x78, 0x79, 0x7a,
  0x7b, 0x7c, 0x7d, 0x7e, 0x7f, 0x7f, 0x80, 0x81, 0x81, 0x82, 0x82, 0x83,
  0x83, 0x83, 0x84, 0x84, 0x84, 0x84, 0x84, 0x84, 0x84, 0x84, 0x84, 0x84,
  0x84, 0x84, 0x84, 0x84, 0x83, 0x83, 0x83, 0x83, 0x82, 0x82, 0x82, 0x81,
  0x81, 0x81, 0x81, 0x80, 0x80, 0x7f, 0x7f, 0x7f, 0x7f, 0x7e, 0x7e, 0x7d,
  0x7d, 0x7d, 0x7c, 0x7c, 0x7c, 0x7b, 0x7b, 0x7b, 0x7b, 0x7a, 0x7a, 0x7a,
  0x7a, 0x7a, 0x79, 0x79, 0x79, 0x79, 0x79, 0x79, 0x79, 0x79, 0x79, 0x79,
  0x78, 0x78, 0x78, 0x78, 0x78, 0x78, 0x78, 0x78, 0x78, 0x78, 0x78, 0x78,
  0x78, 0x78, 0x77, 0x77, 0x77, 0x77, 0x77, 0x78, 0x7a, 0x7b, 0x7d, 0x7e,
  0x7f, 0x81, 0x82, 0x84, 0x86, 0x88, 0x8a, 0x8c, 0x8e, 0x90, 0x92, 0x93,
  0x95, 0x97, 0x98, 0x99, 0x9a, 0x9b, 0x9c, 0x9d, 0x9e, 0x9f, 0xa0, 0xa1,
  0xa2, 0xa2, 0xa3, 0xa4, 0xa5, 0xa5, 0xa5, 0xa6, 0xa6, 0xa5, 0xa5, 0xa5,
  0xa4, 0xa3, 0xa2, 0xa1, 0xa0, 0x9f, 0x9e, 0x9c, 0x9a, 0x99, 0x97, 0x96,
  0x94, 0x93, 0x91, 0x8f, 0x8e, 0x8c, 0x8b, 0x89, 0x88, 0x86, 0x85, 0x83,
  0x82, 0x80, 0x7f, 0x7d, 0x7c, 0x7a, 0x79, 0x78, 0x76, 0x75, 0x74, 0x72,
  0x71, 0x70, 0x6f, 0x6e, 0x6d, 0x6c, 0x6b, 0x6a, 0x69, 0x69, 0x68, 0x67,
  0x67, 0x66, 0x66, 0x66, 0x66, 0x66, 0x66, 0x66, 0x66, 0x66, 0x66, 0x67,
  0x67, 0x67, 0x68, 0x68, 0x69, 0x6a, 0x6b, 0x6b, 0x6c, 0x6d, 0x6e, 0x6f,
  0x70, 0x71, 0x72, 0x73, 0x74, 0x75, 0x76, 0x77, 0x78, 0x79, 0x7a, 0x7a,
  0x7b, 0x7c, 0x7d, 0x7e, 0x7f, 0x7f, 0x80, 0x81, 0x82, 0x82, 0x83, 0x83,
  0x83, 0x84, 0x84, 0x85, 0x85, 0x85, 0x85, 0x86, 0x86, 0x86, 0x86, 0x86,
  0x86, 0x86, 0x86, 0x86, 0x86, 0x85, 0x85, 0x85, 0x85, 0x84, 0x84, 0x84,
  0x83, 0x83, 0x83, 0x82, 0x82, 0x82, 0x81, 0x81, 0x80, 0x80, 0x7f, 0x7f,
  0x7e, 0x7e, 0x7d, 0x7d, 0x7d, 0x7c, 0x7c, 0x7b, 0x7b, 0x7b, 0x7a, 0x7a,
  0x79, 0x79, 0x78, 0x78, 0x78, 0x78, 0x77, 0x77, 0x77, 0x77, 0x76, 0x76,
  0x76, 0x76, 0x76, 0x76, 0x75, 0x75, 0x75, 0x75, 0x75, 0x75, 0x75, 0x75,
  0x75, 0x75, 0x75, 0x75, 0x75, 0x75, 0x74, 0x74, 0x74, 0x74, 0x74, 0x75,
  0x75, 0x76, 0x77, 0x78, 0x79, 0x7b, 0x7c, 0x7d, 0x7e, 0x80, 0x82, 0x83,
  0x85, 0x87, 0x89, 0x8a, 0x8c, 0x8d, 0x8f, 0x90, 0x91, 0x92, 0x93, 0x94,
  0x95, 0x96, 0x98, 0x99, 0x9a, 0x9b, 0x9c, 0x9c, 0x9d, 0x9e, 0x9f, 0x9f,
  0xa0, 0xa0, 0xa0, 0xa0, 0xa0, 0xa0, 0xa0, 0x9f, 0x9f, 0x9e, 0x9e, 0x9d,
  0x9c, 0x9b, 0x9a, 0x99, 0x98, 0x97, 0x95, 0x94, 0x93, 0x92, 0x91, 0x8f,
  0x8e, 0x8d, 0x8c, 0x8b, 0x8a, 0x88, 0x87, 0x86, 0x85, 0x83, 0x82, 0x81,
  0x7f, 0x7e, 0x7d, 0x7c, 0x7b, 0x79, 0x78, 0x77, 0x75, 0x74, 0x73, 0x72,
  0x71, 0x70, 0x6f, 0x6e, 0x6d, 0x6d, 0x6c, 0x6b, 0x6b, 0x6a, 0x6a, 0x69,
  0x69, 0x69, 0x69, 0x69, 0x69, 0x69, 0x69, 0x69, 0x6a, 0x6a, 0x6b, 0x6b,
  0x6c, 0x6c, 0x6d, 0x6d, 0x6e, 0x6f, 0x70, 0x70, 0x71, 0x72, 0x73, 0x74,
  0x75, 0x75, 0x76, 0x77, 0x78, 0x79, 0x7a, 0x7a, 0x7b, 0x7c, 0x7d, 0x7e,
  0x7e, 0x7f, 0x80, 0x80, 0x81, 0x81, 0x82, 0x82, 0x83, 0x83, 0x84, 0x84,
  0x84, 0x85, 0x85, 0x85, 0x85, 0x85, 0x86, 0x86, 0x86, 0x86, 0x86, 0x86,
  0x86, 0x85, 0x85, 0x85, 0x85, 0x85, 0x84, 0x84, 0x84, 0x83, 0x83, 0x83,
  0x82, 0x82, 0x82, 0x81, 0x81, 0x80, 0x80, 0x7f, 0x7f, 0x7e, 0x7e, 0x7e,
  0x7d, 0x7d, 0x7d, 0x7c, 0x7c, 0x7b, 0x7b, 0x7b, 0x7a, 0x7a, 0x7a, 0x79,
  0x79, 0x79, 0x79, 0x78, 0x78, 0x78, 0x78, 0x78, 0x77, 0x77, 0x77, 0x77,
  0x77, 0x77, 0x77, 0x77, 0x77, 0x77, 0x76, 0x76, 0x76, 0x76, 0x76, 0x76,
  0x76, 0x76, 0x76, 0x76, 0x76, 0x76, 0x76, 0x76, 0x76, 0x76, 0x77, 0x77,
  0x78, 0x79, 0x7a, 0x7b, 0x7c, 0x7d, 0x7e, 0x7f, 0x81, 0x82, 0x84, 0x85,
  0x86, 0x88, 0x89, 0x8b, 0x8c, 0x8d, 0x8e, 0x8f, 0x90, 0x90, 0x91, 0x92,
  0x93, 0x94, 0x95, 0x96, 0x96, 0x97, 0x98, 0x99, 0x99, 0x9a, 0x9b, 0x9b,
  0x9b, 0x9c, 0x9c, 0x9c, 0x9c, 0x9c, 0x9c, 0x9c, 0x9b, 0x9b, 0x9a, 0x9a,
  0x99, 0x98, 0x97, 0x96, 0x95, 0x94, 0x93, 0x92, 0x91, 0x90, 0x8f, 0x8e,
  0x8d, 0x8c, 0x8b, 0x8a, 0x89, 0x88, 0x87, 0x86, 0x85, 0x83, 0x82, 0x81,
  0x80, 0x7f, 0x7e, 0x7d, 0x7c, 0x7b, 0x7a, 0x79, 0x78, 0x77, 0x76, 0x75,
  0x75, 0x74, 0x73, 0x73, 0x72, 0x72, 0x71, 0x71, 0x71, 0x70, 0x70, 0x70,
  0x6f, 0x6f, 0x6f, 0x6f, 0x6f, 0x6f, 0x6f, 0x6f, 0x6f, 0x6f, 0x6f, 0x70,
  0x70, 0x70, 0x71, 0x71, 0x71, 0x72, 0x72, 0x73, 0x73, 0x74, 0x75, 0x75,
  0x76, 0x77, 0x77, 0x78, 0x78, 0x79, 0x79, 0x7a, 0x7a, 0x7b, 0x7b, 0x7c,
  0x7c, 0x7c, 0x7d, 0x7d, 0x7d, 0x7e, 0x7e, 0x7e, 0x7f, 0x7f, 0x7f, 0x7f,
  0x7f, 0x80, 0x80, 0x80, 0x80, 0x80, 0x80, 0x80, 0x80, 0x80, 0x80, 0x80,
  0x80, 0x80, 0x80, 0x80, 0x80, 0x7f, 0x7f, 0x7f, 0x7f, 0x7f, 0x7f, 0x7f,
  0x7f, 0x7f, 0x7e, 0x7e, 0x7e, 0x7e, 0x7e, 0x7d, 0x7d, 0x7d, 0x7d, 0x7d,
  0x7d, 0x7d, 0x7d, 0x7d, 0x7d, 0x7d, 0x7c, 0x7c, 0x7c, 0x7c, 0x7c, 0x7c,
  0x7c, 0x7c, 0x7c, 0x7c, 0x7c, 0x7b, 0x7b, 0x7b, 0x7b, 0x7b, 0x7b, 0x7b,
  0x7b, 0x7b, 0x7b, 0x7b, 0x7b, 0x7b, 0x7b, 0x7b, 0x7a, 0x7a, 0x7a, 0x7a,
  0x7a, 0x7a, 0x7a, 0x7a, 0x7a, 0x7a, 0x79, 0x79, 0x7a, 0x7a, 0x7b, 0x7b,
  0x7b, 0x7c, 0x7c, 0x7d, 0x7d, 0x7e, 0x7f, 0x80, 0x81, 0x82, 0x83, 0x84,
  0x85, 0x85, 0x86, 0x87, 0x88, 0x88, 0x89, 0x8a, 0x8b, 0x8c, 0x8d, 0x8e,
  0x8e, 0x8f, 0x90, 0x91, 0x91, 0x92, 0x93, 0x93, 0x94, 0x94, 0x95, 0x95,
  0x96, 0x96, 0x96, 0x96, 0x95, 0x95, 0x95, 0x95, 0x94, 0x94, 0x94, 0x93,
  0x92, 0x92, 0x91, 0x91, 0x90, 0x90, 0x8f, 0x8e, 0x8e, 0x8d, 0x8c, 0x8c,
  0x8b, 0x8b, 0x8a, 0x89, 0x88, 0x87, 0x87, 0x86, 0x85, 0x84, 0x83, 0x83,
  0x82, 0x81, 0x81, 0x80, 0x7f, 0x7e, 0x7d, 0x7d, 0x7c, 0x7b, 0x7b, 0x7a,
  0x7a, 0x79, 0x79, 0x78, 0x77, 0x77, 0x76, 0x76, 0x76, 0x75, 0x75, 0x74,
  0x74, 0x74, 0x74, 0x74, 0x74, 0x73, 0x73, 0x73, 0x73, 0x74, 0x74, 0x74,
  0x74, 0x74, 0x75, 0x75, 0x75, 0x75, 0x76, 0x76, 0x77, 0x77, 0x77, 0x78,
  0x78, 0x78, 0x79, 0x79, 0x7a, 0x7a, 0x7a, 0x7b, 0x7b, 0x7c, 0x7c, 0x7c,
  0x7d, 0x7d, 0x7d, 0x7e, 0x7e, 0x7e, 0x7e, 0x7f, 0x7f, 0x7f, 0x7f, 0x7f,
  0x80, 0x80, 0x80, 0x80, 0x80, 0x80, 0x80, 0x80, 0x81, 0x81, 0x81, 0x81,
  0x81, 0x81, 0x81, 0x81, 0x81, 0x81, 0x81, 0x81, 0x80, 0x80, 0x80, 0x80,
  0x80, 0x80, 0x80, 0x80, 0x7f, 0x7f, 0x7f, 0x7f, 0x7f, 0x7f, 0x7e, 0x7e,
  0x7e, 0x7e, 0x7e, 0x7e, 0x7e, 0x7d, 0x7d, 0x7d, 0x7d, 0x7d, 0x7d, 0x7d,
  0x7c, 0x7c, 0x7c, 0x7c, 0x7c, 0x7c, 0x7b, 0x7b, 0x7b, 0x7b, 0x7b, 0x7b,
  0x7b, 0x7b, 0x7a, 0x7a, 0x7a, 0x7a, 0x7a, 0x7b, 0x7b, 0x7b, 0x7b, 0x7b,
  0x7c, 0x7c, 0x7c, 0x7d, 0x7d, 0x7e, 0x7e, 0x7f, 0x7f, 0x80, 0x80, 0x81,
  0x81, 0x82, 0x82, 0x83, 0x83, 0x84, 0x84, 0x85, 0x85, 0x86, 0x86, 0x87,
  0x87, 0x87, 0x88, 0x88, 0x89, 0x89, 0x89, 0x89, 0x8a, 0x8a, 0x8a, 0x8a,
  0x8a, 0x8a, 0x8a, 0x8a, 0x8a, 0x8a, 0x8a, 0x8a, 0x8a, 0x8a, 0x8a, 0x8a,
  0x89, 0x89, 0x89, 0x89, 0x88, 0x88, 0x88, 0x88, 0x87, 0x87, 0x87, 0x86,
  0x86, 0x86, 0x85, 0x85, 0x84, 0x84, 0x84, 0x83, 0x83, 0x82, 0x82, 0x81,
  0x81, 0x81, 0x80, 0x80, 0x7f, 0x7f, 0x7f, 0x7e, 0x7e, 0x7d, 0x7d, 0x7d,
  0x7c, 0x7c, 0x7c, 0x7c, 0x7b, 0x7b, 0x7b, 0x7b, 0x7b, 0x7a, 0x7a, 0x7a,
  0x7a, 0x7a, 0x7a, 0x7a, 0x7a, 0x7a, 0x7a, 0x7a, 0x7a, 0x7a, 0x7a, 0x7a,
  0x7a, 0x7a, 0x7b, 0x7b, 0x7b, 0x7b, 0x7b, 0x7b, 0x7b, 0x7c, 0x7c, 0x7c,
  0x7c, 0x7c, 0x7d, 0x7d, 0x7d, 0x7d, 0x7d, 0x7e, 0x7e, 0x7e, 0x7e, 0x7e,
  0x7f, 0x7f, 0x7f, 0x7f, 0x7f, 0x80, 0x80, 0x80, 0x80, 0x80, 0x80, 0x80,
  0x80, 0x80, 0x81, 0x81, 0x81, 0x81, 0x81, 0x81, 0x81, 0x81, 0x81, 0x81,
  0x81, 0x81, 0x81, 0x81, 0x81, 0x81, 0x81, 0x81, 0x81, 0x81, 0x80, 0x80,
  0x80, 0x80, 0x80, 0x80, 0x80, 0x80, 0x80, 0x80, 0x80, 0x80, 0x7f, 0x7f,
  0x7f, 0x7f, 0x7f, 0x7f, 0x7f, 0x7f, 0x7f, 0x7f, 0x7f, 0x7e, 0x7e, 0x7e,
  0x7e, 0x7e, 0x7e, 0x7e, 0x7e, 0x7e, 0x7e, 0x7e, 0x7d, 0x7d, 0x7d, 0x7d,
  0x7d, 0x7e, 0x7e, 0x7e, 0x7e, 0x7e, 0x7e, 0x7e, 0x7f, 0x7f, 0x7f, 0x7f,
  0x80, 0x80, 0x80, 0x80, 0x80, 0x80, 0x81, 0x81, 0x81, 0x81, 0x81, 0x82,
  0x82, 0x82, 0x82, 0x83, 0x83, 0x83, 0x83, 0x83, 0x83, 0x84, 0x84, 0x84,
  0x84, 0x84, 0x84, 0x84, 0x84, 0x84, 0x84, 0x84, 0x84, 0x84, 0x84, 0x84,
  0x84, 0x84, 0x84, 0x84, 0x84, 0x84, 0x84, 0x84, 0x84, 0x83, 0x83, 0x83,
  0x83, 0x83, 0x83, 0x83, 0x83, 0x82, 0x82, 0x82, 0x82, 0x82, 0x81, 0x81,
  0x81, 0x81, 0x81, 0x81, 0x80, 0x80, 0x80, 0x80, 0x80, 0x7f, 0x7f, 0x7f,
  0x7f, 0x7f, 0x7f, 0x7e, 0x7e, 0x7e, 0x7e, 0x7e, 0x7e, 0x7e, 0x7e, 0x7e,
  0x7e, 0x7d, 0x7d, 0x7d, 0x7d, 0x7d, 0x7d, 0x7d, 0x7d, 0x7d, 0x7d, 0x7d,
  0x7d, 0x7d, 0x7e, 0x7e, 0x7e, 0x7e, 0x7e, 0x7e, 0x7e, 0x7e, 0x7e, 0x7e,
  0x7e, 0x7e, 0x7e, 0x7e, 0x7e, 0x7e, 0x7f, 0x7f, 0x7f, 0x7f, 0x7f, 0x7f,
  0x7f, 0x7f, 0x7f, 0x7f, 0x7f, 0x7f, 0x80, 0x80, 0x80, 0x80, 0x80, 0x80,
  0x80, 0x80, 0x80, 0x80, 0x80, 0x80, 0x80, 0x80, 0x80, 0x80, 0x80, 0x80,
  0x80, 0x80, 0x80, 0x80, 0x80, 0x80, 0x80, 0x80, 0x80, 0x80, 0x80, 0x80,
  0x80, 0x80, 0x80, 0x80, 0x80, 0x80, 0x80, 0x80, 0x80, 0x80, 0x80, 0x80,
  0x80, 0x80, 0x80, 0x80, 0x80, 0x80, 0x80, 0x80, 0x80, 0x80, 0x80, 0x80,
  0x80, 0x80, 0x80, 0x80, 0x80, 0x80, 0x80, 0x80, 0x80, 0x80, 0x80, 0x80,
  0x80, 0x80, 0x80, 0x80, 0x80, 0x80, 0x80, 0x80, 0x80, 0x80, 0x80, 0x80,
  0x80, 0x80, 0x80, 0x80, 0x80, 0x80, 0x80, 0x80, 0x80, 0x80, 0x81, 0x81,
  0x81, 0x81, 0x81, 0x81, 0x81, 0x81, 0x81, 0x81, 0x81, 0x81, 0x81, 0x81,
  0x81, 0x81, 0x81, 0x81, 0x81, 0x81, 0x81, 0x81, 0x81, 0x81, 0x81, 0x81,
  0x81, 0x81, 0x81, 0x81, 0x81, 0x81, 0x81, 0x81, 0x81, 0x81, 0x81, 0x81,
  0x81, 0x81, 0x81, 0x81, 0x80, 0x80, 0x80, 0x80, 0x80, 0x80, 0x80, 0x80,
  0x80, 0x80, 0x80, 0x80, 0x80, 0x80, 0x80, 0x80, 0x80, 0x80, 0x80, 0x80,
  0x80, 0x80, 0x80, 0x80, 0x80, 0x80, 0x80, 0x80, 0x80, 0x80, 0x80, 0x80,
  0x80, 0x80, 0x80, 0x80, 0x80, 0x80, 0x80, 0x80, 0x80, 0x80, 0x80, 0x80,
  0x80, 0x80, 0x80, 0x80, 0x80, 0x80, 0x80, 0x80, 0x80, 0x80, 0x80, 0x80,
  0x80, 0x80, 0x80, 0x80, 0x80, 0x80, 0x80, 0x80, 0x80, 0x80, 0x80, 0x80,
  0x80, 0x80, 0x80, 0x80, 0x80, 0x80, 0x80, 0x80, 0x80, 0x80, 0x80, 0x80,
  0x80, 0x80, 0x80, 0x80, 0x80, 0x80, 0x80, 0x80, 0x80, 0x80, 0x80, 0x80,
  0x80, 0x80, 0x80, 0x80, 0x80, 0x80, 0x80, 0x80, 0x80, 0x80, 0x80, 0x80,
  0x80, 0x80, 0x80, 0x80, 0x80, 0x80, 0x80, 0x80, 0x80, 0x80, 0x80, 0x80,
  0x80, 0x80, 0x80, 0x80, 0x80, 0x80, 0x80, 0x80, 0x80, 0x80, 0x80, 0x80,
  0x80, 0x80, 0x80, 0x80, 0x80, 0x80, 0x80, 0x80, 0x80, 0x80, 0x80, 0x80,
  0x80, 0x80, 0x80, 0x80, 0x80, 0x80, 0x80, 0x80, 0x80, 0x80, 0x80, 0x80,
  0x80, 0x80, 0x80, 0x80, 0x80, 0x80, 0x80, 0x80, 0x80, 0x80, 0x80, 0x80,
  0x80, 0x80, 0x80, 0x80, 0x80, 0x80, 0x80, 0x80, 0x80, 0x80, 0x80, 0x80,
  0x80, 0x80, 0x80, 0x80, 0x80, 0x80, 0x80, 0x80, 0x80, 0x80, 0x80, 0x80,
  0x80, 0x80, 0x80, 0x80, 0x80, 0x80, 0x80, 0x80, 0x80, 0x80, 0x80, 0x80,
  0x80, 0x80, 0x80, 0x80, 0x80, 0x80, 0x80, 0x80, 0x80, 0x80, 0x80, 0x80,
  0x80, 0x80, 0x80, 0x80, 0x80, 0x80, 0x80, 0x80, 0x80, 0x80, 0x80, 0x80,
  0x80, 0x80, 0x80, 0x80, 0x80, 0x80, 0x80, 0x80, 0x80, 0x80, 0x80, 0x80,
  0x80, 0x80, 0x80, 0x80, 0x80, 0x80, 0x80, 0x80, 0x80, 0x80, 0x80, 0x80,
  0x80, 0x80, 0x80, 0x80, 0x80, 0x80, 0x80, 0x80, 0x80, 0x80, 0x80, 0x80,
  0x80, 0x80, 0x80, 0x80, 0x80, 0x80, 0x80, 0x80, 0x80, 0x80, 0x80, 0x80,
  0x80, 0x80, 0x80, 0x80, 0x80, 0x80, 0x80, 0x80, 0x80, 0x80, 0x80, 0x80,
  0x80, 0x80, 0x80, 0x80, 0x80, 0x80, 0x80, 0x80, 0x80, 0x80, 0x80, 0x80,
  0x80, 0x80, 0x80, 0x80, 0x80, 0x80, 0x80, 0x80, 0x80, 0x80, 0x80, 0x80,
  0x80, 0x80, 0x80, 0x80, 0x80, 0x80, 0x80, 0x80, 0x80, 0x80, 0x80, 0x80,
  0x80, 0x80, 0x80, 0x80, 0x80, 0x80, 0x80, 0x80, 0x80, 0x80, 0x80, 0x80,
  0x80, 0x80, 0x80, 0x80, 0x80, 0x80, 0x80, 0x80, 0x80, 0x80, 0x80, 0x80,
  0x80, 0x80, 0x80, 0x80, 0x80, 0x80, 0x80, 0x80, 0x80, 0x80, 0x80, 0x80,
  0x80, 0x80, 0x80, 0x80, 0x80, 0x80, 0x80, 0x80, 0x80, 0x80, 0x80, 0x80,
  0x80, 0x80, 0x80, 0x80, 0x80, 0x80, 0x80, 0x80, 0x80, 0x80, 0x80, 0x80,
  0x80, 0x80, 0x80, 0x80, 0x80, 0x80, 0x80, 0x80, 0x80, 0x80, 0x80, 0x80,
  0x80, 0x80, 0x80, 0x80, 0x80, 0x80, 0x80, 0x80, 0x80, 0x80, 0x80, 0x80,
  0x80, 0x80, 0x80, 0x80, 0x80, 0x80, 0x80, 0x80, 0x80, 0x80, 0x80, 0x80,
  0x80, 0x80, 0x80, 0x80, 0x80, 0x80, 0x80, 0x80, 0x80, 0x80, 0x80, 0x80,
  0x80, 0x80, 0x80, 0x80, 0x80, 0x80, 0x80, 0x80, 0x80, 0x80, 0x80, 0x80,
  0x80, 0x80, 0x80, 0x80, 0x80, 0x80, 0x80, 0x80, 0x80, 0x80, 0x80, 0x80,
  0x80, 0x80, 0x80, 0x80, 0x80, 0x80, 0x80, 0x80, 0x80, 0x80, 0x80, 0x80,
  0x80, 0x80, 0x80, 0x80, 0x80, 0x80, 0x80, 0x80, 0x80, 0x80, 0x80, 0x80,
  0x80, 0x80, 0x80, 0x80, 0x80, 0x80, 0x80, 0x80, 0x80, 0x80, 0x80, 0x80,
  0x80, 0x80, 0x80, 0x80, 0x80, 0x80, 0x80, 0x80, 0x80, 0x80, 0x80, 0x80,
  0x80, 0x80, 0x80, 0x80, 0x80, 0x80, 0x80, 0x80, 0x80, 0x80, 0x80, 0x80,
  0x80, 0x80, 0x80, 0x80, 0x80, 0x80, 0x80, 0x80, 0x80, 0x80, 0x80, 0x80,
  0x80, 0x80, 0x80, 0x80, 0x80, 0x80, 0x80, 0x80, 0x80, 0x80, 0x80, 0x80,
  0x80, 0x80, 0x80, 0x80, 0x80, 0x80, 0x80, 0x80, 0x80, 0x80, 0x80, 0x80,
  0x80, 0x80, 0x80, 0x80, 0x80, 0x80, 0x80, 0x80, 0x80, 0x80, 0x80, 0x80,
  0x80, 0x80, 0x80, 0x80, 0x80, 0x80, 0x80, 0x80, 0x80, 0x80, 0x80, 0x80,
  0x80, 0x80, 0x80, 0x80, 0x80, 0x80, 0x80, 0x80, 0x80, 0x80, 0x80, 0x80,
  0x80, 0x80, 0x80, 0x80, 0x80, 0x80, 0x80, 0x80, 0x80, 0x80, 0x80, 0x80,
  0x80, 0x80, 0x80, 0x80, 0x80, 0x80, 0x80, 0x80, 0x80, 0x80, 0x80, 0x80,
  0x80, 0x80, 0x80, 0x80, 0x80, 0x80, 0x80, 0x80, 0x80, 0x80, 0x80, 0x80,
  0x80, 0x80, 0x80, 0x80, 0x80, 0x80, 0x80, 0x80, 0x80, 0x80, 0x80, 0x80,
  0x80, 0x80, 0x80, 0x80, 0x80, 0x80, 0x80, 0x80, 0x80, 0x80, 0x80, 0x80,
  0x80, 0x80, 0x80, 0x80, 0x80, 0x80, 0x80, 0x80, 0x80, 0x80, 0x80, 0x80,
  0x80, 0x80, 0x80, 0x80, 0x80, 0x80, 0x80, 0x80, 0x80, 0x80, 0x80, 0x80,
  0x80, 0x80, 0x80, 0x80, 0x80, 0x80, 0x80, 0x80, 0x80, 0x80, 0x80, 0x80,
  0x80, 0x80, 0x80, 0x80, 0x80, 0x80, 0x80, 0x80, 0x80, 0x80, 0x80, 0x80,
  0x80, 0x80, 0x80, 0x80, 0x80, 0x80, 0x80, 0x80, 0x80, 0x80, 0x80, 0x80,
  0x80, 0x80, 0x80, 0x80, 0x80, 0x80, 0x80, 0x80, 0x80, 0x80, 0x80, 0x80,
  0x80, 0x80, 0x80, 0x80, 0x80, 0x80, 0x80, 0x80, 0x80, 0x80, 0x80, 0x80,
  0x80, 0x80, 0x80, 0x80, 0x80, 0x80, 0x80, 0x80, 0x80, 0x80, 0x80, 0x80,
  0x80, 0x80, 0x80, 0x80, 0x80, 0x80, 0x80, 0x80, 0x80, 0x80, 0x80, 0x80,
  0x80, 0x80, 0x80, 0x80, 0x80, 0x80, 0x80, 0x80, 0x80, 0x80, 0x80, 0x80,
  0x80, 0x80, 0x80, 0x80, 0x80, 0x80, 0x80, 0x80, 0x80, 0x80, 0x80, 0x80,
  0x80, 0x80, 0x80, 0x80, 0x80, 0x80, 0x80, 0x80, 0x80, 0x80, 0x80, 0x80,
  0x80, 0x80, 0x80, 0x80, 0x80, 0x80, 0x80, 0x80, 0x80, 0x80, 0x80, 0x80,
  0x80, 0x80, 0x80, 0x80, 0x80, 0x80, 0x80, 0x80, 0x80, 0x80, 0x80, 0x80,
  0x80, 0x80, 0x80, 0x80, 0x80, 0x80, 0x80, 0x80, 0x80, 0x80, 0x80, 0x80,
  0x80, 0x80, 0x80, 0x80, 0x80, 0x80, 0x80, 0x80, 0x80, 0x80, 0x80, 0x80,
  0x80, 0x80, 0x80, 0x80, 0x80, 0x80, 0x80, 0x80, 0x80, 0x80, 0x80, 0x80,
  0x80, 0x80, 0x80, 0x80, 0x80, 0x80, 0x80, 0x80, 0x80, 0x80, 0x80, 0x80,
  0x80, 0x80, 0x80, 0x80, 0x80, 0x80, 0x80, 0x80, 0x80, 0x80, 0x80, 0x80,
  0x80, 0x80, 0x80, 0x80, 0x80, 0x80, 0x80, 0x80, 0x80, 0x80, 0x80, 0x80,
  0x80, 0x80, 0x80, 0x80, 0x80, 0x80, 0x80, 0x80, 0x80, 0x80, 0x80, 0x80,
  0x80, 0x80, 0x80, 0x80, 0x80, 0x80, 0x80, 0x80, 0x80, 0x80, 0x80, 0x80,
  0x80, 0x80, 0x80, 0x80, 0x80, 0x80, 0x80, 0x80, 0x80, 0x80, 0x80, 0x80,
  0x80, 0x80, 0x80, 0x80, 0x80, 0x80, 0x80, 0x80, 0x80, 0x80, 0x80, 0x80,
  0x80, 0x80, 0x80, 0x80, 0x80, 0x80, 0x80, 0x80, 0x80, 0x80, 0x80, 0x80,
  0x80, 0x80, 0x80, 0x80, 0x80, 0x80, 0x80, 0x80, 0x80, 0x80, 0x80, 0x80,
  0x80, 0x80, 0x80, 0x80, 0x80, 0x80, 0x80, 0x80, 0x80, 0x80, 0x80, 0x80,
  0x80, 0x80, 0x80, 0x80, 0x80, 0x80, 0x80, 0x80, 0x80, 0x80, 0x80, 0x80,
  0x80, 0x80, 0x80, 0x80, 0x80, 0x80, 0x80, 0x80, 0x80, 0x80, 0x80, 0x80,
  0x80, 0x80, 0x80, 0x80, 0x80, 0x80, 0x80, 0x80, 0x80, 0x80, 0x80, 0x80,
  0x80, 0x80, 0x80, 0x80, 0x80, 0x80, 0x80, 0x80, 0x80, 0x80, 0x80, 0x80,
  0x80, 0x80, 0x80, 0x80, 0x80, 0x80, 0x80, 0x80, 0x80, 0x80, 0x80, 0x80,
  0x80, 0x80, 0x80, 0x80, 0x80, 0x80, 0x80, 0x80, 0x80, 0x80, 0x80, 0x80,
  0x80, 0x80, 0x80, 0x80, 0x80, 0x80, 0x80, 0x80, 0x80, 0x80, 0x80, 0x80,
  0x80, 0x80, 0x80, 0x80, 0x80, 0x80, 0x80, 0x80, 0x80, 0x80, 0x80, 0x80,
  0x80, 0x80, 0x80, 0x80, 0x80, 0x80, 0x80, 0x80, 0x80, 0x80, 0x80, 0x80,
  0x80, 0x80, 0x80, 0x80, 0x80, 0x80, 0x80, 0x80, 0x80, 0x80, 0x80, 0x80,
  0x80, 0x80, 0x80, 0x80, 0x80, 0x80, 0x80, 0x80, 0x80, 0x80, 0x80, 0x80,
  0x80, 0x80, 0x80, 0x80, 0x80, 0x80, 0x80, 0x80, 0x80, 0x80, 0x80, 0x80,
  0x80, 0x80, 0x80, 0x80, 0x80, 0x80, 0x80, 0x80, 0x80, 0x80, 0x80, 0x80,
  0x80, 0x80, 0x80, 0x80, 0x80, 0x80, 0x80, 0x80, 0x80, 0x80, 0x80, 0x80,
  0x80, 0x80, 0x80, 0x80, 0x80, 0x80, 0x80, 0x80, 0x80, 0x80, 0x80, 0x80,
  0x80, 0x80, 0x80, 0x80, 0x80, 0x80, 0x80, 0x80, 0x80, 0x80, 0x80, 0x80,
  0x80, 0x80, 0x80, 0x80, 0x80, 0x80, 0x80, 0x80, 0x80, 0x80, 0x80, 0x80,
  0x80, 0x80, 0x80, 0x80, 0x80, 0x80, 0x80, 0x80, 0x80, 0x80, 0x80, 0x80,
  0x80, 0x80, 0x80, 0x80, 0x80, 0x80, 0x80, 0x80, 0x80, 0x80, 0x80, 0x80,
  0x80, 0x80, 0x80, 0x80, 0x80, 0x80, 0x80, 0x80, 0x80, 0x80, 0x80, 0x80,
  0x80, 0x80, 0x80, 0x80, 0x80, 0x80, 0x80, 0x80, 0x80, 0x80, 0x80, 0x80,
  0x80, 0x80, 0x80, 0x80, 0x80, 0x80, 0x80, 0x80, 0x80, 0x80, 0x80, 0x80,
  0x80, 0x80, 0x80, 0x80, 0x80, 0x80, 0x80, 0x80, 0x80, 0x80, 0x80, 0x80,
  0x80, 0x80, 0x80, 0x80, 0x80, 0x80, 0x80, 0x80, 0x80, 0x80, 0x80, 0x80,
  0x80, 0x80, 0x80, 0x80, 0x80, 0x80, 0x80, 0x80, 0x80, 0x80, 0x80, 0x80,
  0x80, 0x80, 0x80, 0x80, 0x80, 0x80, 0x80, 0x80, 0x80, 0x80, 0x80, 0x80,
  0x80, 0x80, 0x80, 0x80, 0x80, 0x80, 0x80, 0x80, 0x80, 0x80, 0x80, 0x80,
  0x80, 0x80, 0x80, 0x80, 0x80, 0x80, 0x80, 0x80, 0x80, 0x80, 0x80, 0x80,
  0x80, 0x80, 0x80, 0x80, 0x80, 0x80, 0x80, 0x80, 0x80, 0x80, 0x80, 0x80,
  0x80, 0x80, 0x80, 0x80, 0x80, 0x80, 0x80, 0x80, 0x80, 0x80, 0x80, 0x80,
  0x80, 0x80, 0x80, 0x80, 0x80, 0x80, 0x80, 0x80, 0x80, 0x80, 0x80, 0x80,
  0x80, 0x80, 0x80, 0x80, 0x80, 0x80, 0x80, 0x80, 0x80, 0x80, 0x80, 0x80,
  0x80, 0x80, 0x80, 0x80, 0x80, 0x80, 0x80, 0x80, 0x80, 0x80, 0x80, 0x80,
  0x80, 0x80, 0x80, 0x80, 0x80, 0x80, 0x80, 0x80, 0x80, 0x80, 0x80, 0x80,
  0x80, 0x80, 0x80, 0x80, 0x80, 0x80, 0x80, 0x80, 0x80, 0x80, 0x80, 0x80,
  0x80, 0x80, 0x80, 0x80, 0x80, 0x80, 0x80, 0x80, 0x80, 0x80, 0x80, 0x80,
  0x80, 0x80, 0x80, 0x80, 0x80, 0x80, 0x80, 0x80, 0x80, 0x80, 0x80, 0x80,
  0x80, 0x80, 0x80, 0x80, 0x80, 0x80, 0x80, 0x80, 0x80, 0x80, 0x80, 0x80,
  0x80, 0x80, 0x80, 0x80, 0x80, 0x80, 0x80, 0x80, 0x80, 0x80, 0x80, 0x80,
  0x80, 0x80, 0x80, 0x80, 0x80, 0x80, 0x80, 0x80, 0x80, 0x80, 0x80, 0x80,
  0x80, 0x80, 0x80, 0x80, 0x80, 0x80, 0x80, 0x80, 0x80, 0x80, 0x80, 0x80,
  0x80, 0x80, 0x80, 0x80, 0x80, 0x80, 0x80, 0x80, 0x80, 0x80, 0x80, 0x80,
  0x80, 0x80, 0x80, 0x80, 0x80, 0x80, 0x80, 0x80, 0x80, 0x80, 0x80, 0x80,
  0x80, 0x80, 0x80, 0x80, 0x80, 0x80, 0x80, 0x80, 0x80, 0x80, 0x80, 0x80,
  0x80, 0x80, 0x80, 0x80, 0x80, 0x80, 0x80, 0x80, 0x80, 0x80, 0x80, 0x80,
  0x80, 0x80, 0x80, 0x80, 0x80, 0x80, 0x80, 0x80, 0x80, 0x80, 0x80, 0x80,
  0x80, 0x80, 0x80, 0x80, 0x80, 0x80, 0x80, 0x80, 0x80, 0x80, 0x80, 0x80,
  0x80, 0x80, 0x80, 0x80, 0x80, 0x80, 0x80, 0x80, 0x80, 0x80, 0x80, 0x80,
  0x80, 0x80, 0x80, 0x80, 0x80, 0x80, 0x80, 0x80, 0x80, 0x80, 0x80, 0x80,
  0x80, 0x80, 0x80, 0x80, 0x80, 0x80, 0x80, 0x80, 0x80, 0x80, 0x80, 0x80,
  0x80, 0x80, 0x80, 0x80, 0x80, 0x80, 0x80, 0x80, 0x80, 0x80, 0x80, 0x80,
  0x80, 0x80, 0x80, 0x80, 0x80, 0x80, 0x80, 0x80, 0x80, 0x80, 0x80, 0x80,
  0x80, 0x80, 0x80, 0x80, 0x80, 0x80, 0x80, 0x80, 0x80, 0x80, 0x80, 0x80,
  0x80, 0x80, 0x80, 0x80, 0x80, 0x80, 0x80, 0x80, 0x80, 0x80, 0x80, 0x80,
  0x80, 0x80, 0x80, 0x80, 0x80, 0x80, 0x80, 0x80, 0x80, 0x80, 0x80, 0x80,
  0x80, 0x80, 0x80, 0x80, 0x80, 0x80, 0x80, 0x80, 0x80, 0x80, 0x80, 0x80,
  0x80, 0x80, 0x80, 0x80, 0x80, 0x80, 0x80, 0x80, 0x80, 0x80, 0x80, 0x80,
  0x80, 0x80, 0x80, 0x80, 0x80, 0x80, 0x80, 0x80, 0x80, 0x80, 0x80, 0x80,
  0x80, 0x80, 0x80, 0x80, 0x80, 0x80, 0x80, 0x80, 0x80, 0x80, 0x80, 0x80,
  0x80, 0x80, 0x80, 0x80, 0x80, 0x80, 0x80, 0x80, 0x80, 0x80, 0x80, 0x80,
  0x80, 0x80, 0x80, 0x80, 0x80, 0x80, 0x80, 0x80, 0x80, 0x80, 0x80, 0x80,
  0x80, 0x80, 0x80, 0x80, 0x80, 0x80, 0x80, 0x80, 0x80, 0x80, 0x80, 0x80,
  0x80, 0x80, 0x80, 0x80, 0x80, 0x80, 0x80, 0x80, 0x80, 0x80, 0x80, 0x80,
  0x80, 0x80, 0x80, 0x80, 0x80, 0x80, 0x80, 0x80, 0x80, 0x80, 0x80, 0x80,
  0x80, 0x80, 0x80, 0x80, 0x80, 0x80, 0x80, 0x80, 0x80, 0x80, 0x80, 0x80,
  0x80, 0x80, 0x80, 0x80, 0x80, 0x80, 0x80, 0x80, 0x80, 0x80, 0x80, 0x80,
  0x80, 0x80, 0x80, 0x80, 0x80, 0x80, 0x80, 0x80, 0x80, 0x80, 0x80, 0x80,
  0x80, 0x80, 0x80, 0x80, 0x80, 0x80, 0x80, 0x80, 0x80, 0x80, 0x80, 0x80,
  0x80, 0x80, 0x80, 0x80, 0x80, 0x80, 0x80, 0x80, 0x80, 0x80, 0x80, 0x80,
  0x80, 0x80, 0x80, 0x80, 0x80, 0x80, 0x80, 0x80, 0x80, 0x80, 0x80, 0x80,
  0x80, 0x80, 0x80, 0x80, 0x80, 0x80, 0x80, 0x80, 0x80, 0x80, 0x80, 0x80,
  0x80, 0x80, 0x80, 0x80, 0x80, 0x80, 0x80, 0x80, 0x80, 0x80, 0x80, 0x80,
  0x80, 0x80, 0x80, 0x80, 0x80, 0x80, 0x80, 0x80, 0x80, 0x80, 0x80, 0x80,
  0x80, 0x80, 0x80, 0x80, 0x80, 0x80, 0x80, 0x80, 0x80, 0x80, 0x80, 0x80,
  0x80, 0x80, 0x80, 0x80, 0x80, 0x80, 0x80, 0x80, 0x80, 0x80, 0x80, 0x80,
  0x80, 0x80, 0x80, 0x80, 0x80, 0x80, 0x80, 0x80, 0x80, 0x80, 0x80, 0x80,
  0x80, 0x80, 0x80, 0x80, 0x80, 0x80, 0x80, 0x80, 0x80, 0x80, 0x80, 0x80,
  0x80, 0x80, 0x80, 0x80, 0x80, 0x80, 0x80, 0x80, 0x80, 0x80, 0x80, 0x80,
  0x80, 0x80, 0x80, 0x80, 0x80, 0x80, 0x80, 0x80, 0x80, 0x80, 0x80, 0x80,
  0x80, 0x80, 0x80, 0x80, 0x80, 0x80, 0x80, 0x80, 0x80, 0x80, 0x80, 0x80,
  0x80, 0x80, 0x80, 0x80, 0x80, 0x80, 0x80, 0x80, 0x80, 0x80, 0x80, 0x80,
  0x80, 0x80, 0x80, 0x80, 0x80, 0x80, 0x80, 0x80, 0x80, 0x80, 0x80, 0x80,
  0x80, 0x80, 0x80, 0x80, 0x80, 0x80, 0x80, 0x80, 0x80, 0x80, 0x80, 0x80,
  0x80, 0x80, 0x80, 0x80, 0x80, 0x80, 0x80, 0x80, 0x80, 0x80, 0x80, 0x80,
  0x80, 0x80, 0x80, 0x80, 0x80, 0x80, 0x80, 0x80, 0x80, 0x80, 0x80, 0x80,
  0x80, 0x80, 0x80, 0x80, 0x80, 0x80, 0x80, 0x80, 0x80, 0x80, 0x80, 0x80,
  0x80, 0x80, 0x80, 0x80, 0x80, 0x80, 0x80, 0x80, 0x80, 0x80, 0x80, 0x80,
  0x80, 0x80, 0x80, 0x80, 0x80, 0x80, 0x80, 0x80, 0x80, 0x80, 0x80, 0x80,
  0x80, 0x80, 0x80, 0x80, 0x80, 0x80, 0x80, 0x80, 0x80, 0x80, 0x80, 0x80,
  0x80, 0x80, 0x80, 0x80, 0x80, 0x80, 0x80, 0x80, 0x80, 0x80, 0x80, 0x80,
  0x80, 0x80, 0x80, 0x80, 0x80, 0x80, 0x80, 0x80, 0x80, 0x80, 0x80, 0x80,
  0x80, 0x80, 0x80, 0x80, 0x80, 0x80, 0x80, 0x80, 0x80, 0x80, 0x80, 0x80,
  0x80, 0x80, 0x80, 0x80, 0x80, 0x80, 0x80, 0x80, 0x80, 0x80, 0x80, 0x80,
  0x80, 0x80, 0x80, 0x80, 0x80, 0x80, 0x80, 0x80, 0x80, 0x80, 0x80, 0x80,
  0x80, 0x80, 0x80, 0x80, 0x80, 0x80, 0x80, 0x80, 0x80, 0x80, 0x80, 0x80,
  0x80, 0x80, 0x80, 0x80, 0x80, 0x80, 0x80, 0x80, 0x80, 0x80, 0x80, 0x80,
  0x80, 0x80, 0x80, 0x80, 0x80, 0x80, 0x80, 0x80, 0x80, 0x80, 0x80, 0x80,
  0x80, 0x80, 0x80, 0x80, 0x80, 0x80, 0x80, 0x80, 0x80, 0x80, 0x80, 0x80,
  0x80, 0x80, 0x80, 0x80, 0x80, 0x80, 0x80, 0x80, 0x80, 0x80, 0x80, 0x80,
  0x80, 0x80, 0x80, 0x80, 0x80, 0x80, 0x80, 0x80, 0x80, 0x80, 0x80, 0x80,
  0x80, 0x80, 0x80, 0x80, 0x80, 0x80, 0x80, 0x80, 0x80, 0x80, 0x80, 0x80,
  0x80, 0x80, 0x80, 0x80, 0x80, 0x80, 0x80, 0x80, 0x80, 0x80, 0x80, 0x80,
  0x80, 0x80, 0x80, 0x80, 0x80, 0x80, 0x80, 0x80, 0x80, 0x80, 0x80, 0x80,
  0x80, 0x80, 0x80, 0x80, 0x80, 0x80, 0x80, 0x80, 0x80, 0x80, 0x80, 0x80,
  0x80, 0x80, 0x80, 0x80, 0x80, 0x80, 0x80, 0x80, 0x80, 0x80, 0x80, 0x80,
  0x80, 0x80, 0x80, 0x80, 0x80, 0x80, 0x80, 0x80, 0x80, 0x80, 0x80, 0x80,
  0x80, 0x80, 0x80, 0x80, 0x80, 0x80, 0x80, 0x80, 0x80, 0x80, 0x80, 0x80,
  0x80, 0x80, 0x80, 0x80, 0x80, 0x80, 0x80, 0x80, 0x80, 0x80, 0x80, 0x80,
  0x80, 0x80, 0x80, 0x80, 0x80, 0x80, 0x80, 0x80, 0x80, 0x80, 0x80, 0x80,
  0x80, 0x80, 0x80, 0x80, 0x80, 0x80, 0x80, 0x80, 0x80, 0x80, 0x80, 0x80,
  0x80, 0x80, 0x80, 0x80, 0x80, 0x80, 0x80, 0x80, 0x80, 0x80, 0x80, 0x80,
  0x80, 0x80, 0x80, 0x80, 0x80, 0x80, 0x80, 0x80, 0x80, 0x80, 0x80, 0x80,
  0x80, 0x80, 0x80, 0x80, 0x80, 0x80, 0x80, 0x80, 0x80, 0x80, 0x80, 0x80,
  0x80, 0x80, 0x80, 0x80, 0x80, 0x80, 0x80, 0x80, 0x80, 0x80, 0x80, 0x80,
  0x80, 0x80, 0x80, 0x80, 0x80, 0x80, 0x80, 0x80, 0x80, 0x80, 0x80, 0x80,
  0x80, 0x80, 0x80, 0x80, 0x80, 0x80, 0x80, 0x80, 0x80, 0x80, 0x80, 0x80,
  0x80, 0x80, 0x80, 0x80, 0x80, 0x80, 0x80, 0x80, 0x80, 0x80, 0x80, 0x80,
  0x80, 0x80, 0x80, 0x80, 0x80, 0x80, 0x80, 0x80, 0x80, 0x80, 0x80, 0x80,
  0x80, 0x80, 0x80, 0x80, 0x80, 0x80, 0x80, 0x80, 0x80, 0x80, 0x80, 0x80,
  0x80, 0x80, 0x80, 0x80, 0x80, 0x80, 0x80, 0x80, 0x80, 0x80, 0x80, 0x80,
  0x80, 0x80, 0x80, 0x80, 0x80, 0x80, 0x80, 0x80, 0x80, 0x80, 0x80, 0x80,
  0x80, 0x80, 0x80, 0x80, 0x80, 0x80, 0x80, 0x80, 0x80, 0x80, 0x80, 0x80,
  0x80, 0x80, 0x80, 0x80, 0x80, 0x80, 0x80, 0x80, 0x80, 0x80, 0x80, 0x80,
  0x80, 0x80, 0x80, 0x80, 0x80, 0x80, 0x80, 0x80, 0x80, 0x80, 0x80, 0x80,
  0x80, 0x80, 0x80, 0x80, 0x80, 0x80, 0x80, 0x80, 0x80, 0x80, 0x80, 0x80,
  0x80, 0x80, 0x80, 0x80, 0x80, 0x80, 0x80, 0x80, 0x80, 0x80, 0x80, 0x80,
  0x80, 0x80, 0x80, 0x80, 0x80, 0x80, 0x80, 0x80, 0x80, 0x80, 0x80, 0x80,
  0x80, 0x80, 0x80, 0x80, 0x80, 0x80, 0x80, 0x80, 0x80, 0x80, 0x80, 0x80,
  0x80, 0x80, 0x80, 0x80, 0x80, 0x80, 0x80, 0x80, 0x80, 0x80, 0x80, 0x80,
  0x80, 0x80, 0x80, 0x80, 0x80, 0x80, 0x80, 0x80, 0x80, 0x80, 0x80, 0x80,
  0x80, 0x80, 0x80, 0x80, 0x80, 0x80, 0x80, 0x80, 0x80, 0x80, 0x80, 0x80,
  0x80, 0x80, 0x80, 0x80, 0x80, 0x80, 0x80, 0x80, 0x80, 0x80, 0x80, 0x80,
  0x80, 0x80, 0x80, 0x80, 0x80, 0x80, 0x80, 0x80, 0x80, 0x80, 0x80, 0x80,
  0x80, 0x80, 0x80, 0x80, 0x80, 0x80, 0x80, 0x80, 0x80, 0x80, 0x80, 0x80,
  0x80, 0x80, 0x80, 0x80, 0x80, 0x80, 0x80, 0x80, 0x80, 0x80, 0x80, 0x80,
  0x80, 0x80, 0x80, 0x80, 0x80, 0x80, 0x80, 0x80, 0x80, 0x80, 0x80, 0x80,
  0x80, 0x80, 0x80, 0x80, 0x80, 0x80, 0x80, 0x80, 0x80, 0x80, 0x80, 0x80,
  0x80, 0x80, 0x80, 0x80, 0x80, 0x80, 0x80, 0x80, 0x80, 0x80, 0x80, 0x80,
  0x80, 0x80, 0x80, 0x80, 0x80, 0x80, 0x80, 0x80, 0x80, 0x80, 0x80, 0x80,
  0x80, 0x80, 0x80, 0x80, 0x80, 0x80, 0x80, 0x80, 0x80, 0x80, 0x80, 0x80,
  0x80, 0x80, 0x80, 0x80, 0x80, 0x80, 0x80, 0x80, 0x80, 0x80, 0x80, 0x80,
  0x80, 0x80, 0x80, 0x80, 0x80, 0x80, 0x80, 0x80, 0x80, 0x80, 0x80, 0x80,
  0x80, 0x80, 0x80, 0x80, 0x80, 0x80, 0x80, 0x80, 0x80, 0x80, 0x80, 0x80,
  0x80, 0x80, 0x80, 0x80, 0x80, 0x80, 0x80, 0x80, 0x80, 0x80, 0x80, 0x80,
  0x80, 0x80, 0x80, 0x80, 0x80, 0x80, 0x80, 0x80, 0x80, 0x80, 0x80, 0x80,
  0x80, 0x80, 0x80, 0x80, 0x80, 0x80, 0x80, 0x80, 0x80, 0x80, 0x80, 0x80,
  0x80, 0x80, 0x80, 0x80, 0x80, 0x80, 0x80, 0x80, 0x80, 0x80, 0x80, 0x80,
  0x80, 0x80, 0x80, 0x80, 0x80, 0x80, 0x80, 0x80, 0x80, 0x80, 0x80, 0x80,
  0x80, 0x80, 0x80, 0x80, 0x80, 0x80, 0x80, 0x80, 0x80, 0x80, 0x80, 0x80,
  0x80, 0x80, 0x80, 0x80, 0x80, 0x80, 0x80, 0x80, 0x80, 0x80, 0x80, 0x80,
  0x80, 0x80, 0x80, 0x80, 0x80, 0x80, 0x80, 0x80, 0x80, 0x80, 0x80, 0x80,
  0x80, 0x80, 0x80, 0x80, 0x80, 0x80, 0x80, 0x80, 0x80, 0x80, 0x80, 0x7f,
  0x80, 0x80, 0x7f, 0x7f, 0x7f, 0x7f, 0x7f, 0x7f, 0x7f, 0x7f, 0x7f, 0x7f,
  0x7f, 0x7f, 0x7f, 0x7f, 0x7f, 0x7f, 0x7f, 0x7f, 0x7f, 0x7f, 0x7f, 0x7f,
  0x7f, 0x7f, 0x7f, 0x7f, 0x7f, 0x7f, 0x7f, 0x7f, 0x7e, 0x7e, 0x7e, 0x7e,
  0x7e, 0x7f, 0x7f, 0x7f, 0x7f, 0x7f, 0x7f, 0x7f, 0x7f, 0x7f, 0x7f, 0x7f,
  0x7f, 0x80, 0x80, 0x80, 0x80, 0x80, 0x80, 0x81, 0x81, 0x81, 0x82, 0x82,
  0x82, 0x82, 0x82, 0x83, 0x83, 0x83, 0x83, 0x83, 0x84, 0x84, 0x84, 0x84,
  0x85, 0x85, 0x85, 0x86, 0x86, 0x86, 0x86, 0x86, 0x87, 0x87, 0x87, 0x87,
  0x87, 0x87, 0x87, 0x88, 0x88, 0x88, 0x88, 0x87, 0x87, 0x87, 0x87, 0x87,
  0x87, 0x87, 0x86, 0x86, 0x86, 0x86, 0x85, 0x85, 0x84, 0x83, 0x83, 0x83,
  0x82, 0x81, 0x81, 0x80, 0x7f, 0x7f, 0x7e, 0x7d, 0x7d, 0x7c, 0x7b, 0x7b,
  0x7a, 0x7a, 0x79, 0x79, 0x78, 0x77, 0x77, 0x77, 0x76, 0x76, 0x76, 0x75,
  0x74, 0x74, 0x74, 0x74, 0x73, 0x73, 0x73, 0x72, 0x72, 0x72, 0x72, 0x72,
  0x71, 0x71, 0x71, 0x71, 0x71, 0x71, 0x70, 0x70, 0x70, 0x70, 0x71, 0x70,
  0x6f, 0x70, 0x70, 0x70, 0x70, 0x70, 0x6f, 0x6f, 0x71, 0x71, 0x71, 0x70,
  0x6f, 0x70, 0x72, 0x74, 0x75, 0x73, 0x74, 0x75, 0x76, 0x77, 0x78, 0x79,
  0x7a, 0x7c, 0x7f, 0x7f, 0x80, 0x82, 0x83, 0x84, 0x86, 0x88, 0x8a, 0x8c,
  0x8e, 0x8f, 0x8f, 0x92, 0x94, 0x95, 0x97, 0x98, 0x99, 0x9b, 0x9d, 0x9e,
  0x9e, 0x9e, 0x9e, 0xa0, 0xa1, 0xa2, 0xa3, 0xa2, 0xa2, 0xa2, 0xa1, 0xa2,
  0xa2, 0xa2, 0xa2, 0xa1, 0x9f, 0x9f, 0x9f, 0x9e, 0x9c, 0x9b, 0x9a, 0x99,
  0x98, 0x98, 0x96, 0x94, 0x92, 0x90, 0x8e, 0x8d, 0x8c, 0x8b, 0x89, 0x87,
  0x84, 0x83, 0x81, 0x81, 0x80, 0x7c, 0x7b, 0x79, 0x78, 0x78, 0x76, 0x74,
  0x72, 0x71, 0x71, 0x71, 0x6f, 0x6e, 0x6d, 0x6b, 0x6b, 0x6b, 0x6a, 0x6a,
  0x69, 0x67, 0x68, 0x68, 0x68, 0x68, 0x66, 0x66, 0x66, 0x66, 0x67, 0x67,
  0x66, 0x67, 0x67, 0x67, 0x67, 0x67, 0x67, 0x68, 0x68, 0x68, 0x68, 0x68,
  0x69, 0x68, 0x69, 0x68, 0x68, 0x69, 0x69, 0x68, 0x68, 0x68, 0x68, 0x6a,
  0x6e, 0x6d, 0x6b, 0x6a, 0x69, 0x6b, 0x70, 0x72, 0x72, 0x71, 0x72, 0x72,
  0x73, 0x77, 0x78, 0x78, 0x79, 0x7d, 0x7f, 0x80, 0x84, 0x84, 0x83, 0x87,
  0x89, 0x8c, 0x8f, 0x91, 0x93, 0x94, 0x96, 0x99, 0x99, 0x9a, 0x9d, 0x9f,
  0xa2, 0xa3, 0xa4, 0xa4, 0xa5, 0xa6, 0xa6, 0xa8, 0xa8, 0xa9, 0xab, 0xaa,
  0xa9, 0xa9, 0xa8, 0xa8, 0xa7, 0xa8, 0xa7, 0xa5, 0xa6, 0xa4, 0xa3, 0xa1,
  0x9f, 0x9d, 0x9c, 0x9c, 0x9b, 0x97, 0x95, 0x94, 0x92, 0x91, 0x8e, 0x8a,
  0x88, 0x88, 0x88, 0x85, 0x81, 0x7e, 0x7c, 0x7b, 0x7c, 0x79, 0x75, 0x73,
  0x72, 0x73, 0x72, 0x6f, 0x6d, 0x6b, 0x6a, 0x6b, 0x6b, 0x68, 0x67, 0x67,
  0x66, 0x67, 0x65, 0x64, 0x65, 0x64, 0x64, 0x64, 0x63, 0x64, 0x64, 0x64,
  0x64, 0x63, 0x64, 0x65, 0x66, 0x65, 0x65, 0x65, 0x64, 0x66, 0x67, 0x67,
  0x66, 0x66, 0x66, 0x65, 0x67, 0x68, 0x66, 0x66, 0x65, 0x64, 0x65, 0x65,
  0x65, 0x66, 0x6a, 0x6c, 0x69, 0x67, 0x65, 0x66, 0x6b, 0x6f, 0x72, 0x70,
  0x6f, 0x70, 0x71, 0x73, 0x78, 0x78, 0x79, 0x7c, 0x80, 0x82, 0x83, 0x84,
  0x85, 0x88, 0x8c, 0x8f, 0x91, 0x94, 0x96, 0x99, 0x9d, 0x9d, 0x9d, 0x9f,
  0xa1, 0xa6, 0xaa, 0xab, 0xab, 0xa9, 0xaa, 0xad, 0xae, 0xb0, 0xb1, 0xb0,
  0xb0, 0xb0, 0xb1, 0xb0, 0xaf, 0xae, 0xad, 0xad, 0xae, 0xad, 0xab, 0xa8,
  0xa6, 0xa4, 0xa3, 0xa1, 0x9f, 0x9d, 0x9b, 0x9a, 0x98, 0x93, 0x90, 0x8d,
  0x8a, 0x8b, 0x8a, 0x86, 0x82, 0x7f, 0x7c, 0x7c, 0x7b, 0x77, 0x73, 0x72,
  0x73, 0x71, 0x6f, 0x6d, 0x69, 0x68, 0x69, 0x68, 0x67, 0x65, 0x65, 0x64,
  0x62, 0x63, 0x63, 0x60, 0x61, 0x63, 0x62, 0x61, 0x61, 0x63, 0x61, 0x61,
  0x64, 0x61, 0x60, 0x64, 0x63, 0x62, 0x63, 0x64, 0x62, 0x63, 0x65, 0x63,
  0x61, 0x62, 0x63, 0x63, 0x62, 0x63, 0x61, 0x5f, 0x5f, 0x5e, 0x5e, 0x5e,
  0x63, 0x68, 0x64, 0x63, 0x5e, 0x58, 0x60, 0x69, 0x6e, 0x6d, 0x68, 0x69,
  0x69, 0x6c, 0x72, 0x72, 0x72, 0x75, 0x7f, 0x82, 0x80, 0x84, 0x80, 0x81,
  0x8b, 0x91, 0x95, 0x97, 0x97, 0x9c, 0xa0, 0xa2, 0xa7, 0xa7, 0xa5, 0xa9,
  0xaf, 0xb2, 0xb6, 0xb7, 0xb6, 0xb5, 0xb5, 0xb6, 0xb7, 0xb8, 0xba, 0xbe,
  0xbe, 0xbb, 0xb7, 0xb5, 0xb3, 0xb4, 0xb5, 0xb3, 0xaf, 0xae, 0xad, 0xaa,
  0xa8, 0xa4, 0x9e, 0x9a, 0x9a, 0x9b, 0x98, 0x93, 0x8f, 0x89, 0x86, 0x86,
  0x83, 0x7d, 0x78, 0x78, 0x77, 0x75, 0x75, 0x6f, 0x68, 0x68, 0x68, 0x66,
  0x66, 0x65, 0x61, 0x60, 0x62, 0x60, 0x5d, 0x5c, 0x5d, 0x5c, 0x5d, 0x5d,
  0x5c, 0x5c, 0x5e, 0x5e, 0x5c, 0x5c, 0x5d, 0x5e, 0x5f, 0x60, 0x60, 0x5f,
  0x61, 0x62, 0x60, 0x62, 0x63, 0x61, 0x63, 0x63, 0x62, 0x63, 0x63, 0x63,
  0x62, 0x62, 0x62, 0x60, 0x60, 0x60, 0x5d, 0x5c, 0x5b, 0x62, 0x6a, 0x69,
  0x68, 0x60, 0x58, 0x5d, 0x67, 0x6f, 0x74, 0x72, 0x72, 0x70, 0x71, 0x74,
  0x76, 0x77, 0x7e, 0x88, 0x8f, 0x91, 0x90, 0x8d, 0x8a, 0x90, 0x9a, 0xa1,
  0xa7, 0xaa, 0xab, 0xae, 0xb1, 0xb2, 0xb2, 0xb1, 0xb3, 0xba, 0xc0, 0xc3,
  0xc3, 0xbf, 0xbe, 0xbd, 0xbd, 0xbd, 0xbb, 0xbd, 0xbe, 0xbf, 0xbf, 0xb9,
  0xb4, 0xb0, 0xaa, 0xa9, 0xa9, 0xa8, 0xa8, 0xa5, 0xa0, 0x9a, 0x95, 0x90,
  0x8d, 0x8a, 0x87, 0x85, 0x84, 0x83, 0x7f, 0x79, 0x71, 0x6c, 0x6b, 0x6c,
  0x6e, 0x6a, 0x65, 0x63, 0x61, 0x62, 0x61, 0x5b, 0x59, 0x58, 0x5a, 0x60,
  0x60, 0x5c, 0x59, 0x56, 0x57, 0x5c, 0x5c, 0x5b, 0x5b, 0x59, 0x5d, 0x60,
  0x5f, 0x60, 0x5d, 0x5a, 0x5f, 0x63, 0x64, 0x65, 0x63, 0x61, 0x62, 0x65,
  0x67, 0x66, 0x62, 0x63, 0x64, 0x66, 0x67, 0x65, 0x63, 0x62, 0x60, 0x60,
  0x5e, 0x5d, 0x65, 0x6c, 0x6f, 0x72, 0x6b, 0x61, 0x61, 0x64, 0x6e, 0x7a,
  0x80, 0x85, 0x83, 0x7f, 0x80, 0x7e, 0x7d, 0x86, 0x90, 0x9b, 0xa8, 0xac,
  0xa6, 0x9d, 0x99, 0x9d, 0xa6, 0xb2, 0xbe, 0xc0, 0xbf, 0xc0, 0xbf, 0xbc,
  0xbb, 0xba, 0xbb, 0xc1, 0xc9, 0xcd, 0xca, 0xc3, 0xbc, 0xb5, 0xb3, 0xb5,
  0xb5, 0xb2, 0xb2, 0xb0, 0xab, 0xa7, 0xa1, 0x98, 0x91, 0x8e, 0x8e, 0x8e,
  0x8c, 0x89, 0x83, 0x7a, 0x77, 0x73, 0x6d, 0x6d, 0x6c, 0x68, 0x67, 0x65,
  0x63, 0x61, 0x5d, 0x5a, 0x57, 0x55, 0x58, 0x5b, 0x5c, 0x59, 0x57, 0x57,
  0x57, 0x5a, 0x5b, 0x5b, 0x5b, 0x5b, 0x5f, 0x63, 0x63, 0x65, 0x63, 0x60,
  0x63, 0x69, 0x6a, 0x6b, 0x6a, 0x68, 0x6a, 0x6e, 0x6f, 0x70, 0x6d, 0x6c,
  0x6f, 0x70, 0x72, 0x72, 0x6e, 0x6d, 0x6e, 0x6e, 0x6e, 0x6c, 0x6b, 0x6a,
  0x69, 0x67, 0x64, 0x62, 0x64, 0x6d, 0x74, 0x78, 0x77, 0x70, 0x6b, 0x6b,
  0x6f, 0x76, 0x7e, 0x86, 0x8e, 0x92, 0x94, 0x92, 0x8d, 0x8a, 0x8f, 0x99,
  0xa7, 0xb4, 0xba, 0xb8, 0xb4, 0xb0, 0xb1, 0xb5, 0xba, 0xbe, 0xc3, 0xc8,
  0xcc, 0xcb, 0xc6, 0xbf, 0xbb, 0xb9, 0xbc, 0xbe, 0xbd, 0xbc, 0xb7, 0xb1,
  0xac, 0xa6, 0xa1, 0x9d, 0x99, 0x96, 0x92, 0x8e, 0x8a, 0x83, 0x7c, 0x76,
  0x71, 0x6f, 0x6d, 0x69, 0x67, 0x64, 0x60, 0x5e, 0x5b, 0x57, 0x55, 0x54,
  0x54, 0x55, 0x55, 0x56, 0x54, 0x54, 0x56, 0x56, 0x57, 0x58, 0x59, 0x5b,
  0x5e, 0x62, 0x64, 0x65, 0x67, 0x69, 0x6c, 0x6e, 0x70, 0x71, 0x71, 0x74,
  0x77, 0x78, 0x79, 0x7a, 0x79, 0x7a, 0x7c, 0x7c, 0x7b, 0x79, 0x79, 0x7a,
  0x79, 0x79, 0x78, 0x75, 0x74, 0x76, 0x74, 0x71, 0x70, 0x6e, 0x6c, 0x6c,
  0x6a, 0x68, 0x67, 0x63, 0x61, 0x5e, 0x5d, 0x66, 0x6d, 0x75, 0x7b, 0x77,
  0x73, 0x72, 0x72, 0x76, 0x7c, 0x86, 0x92, 0x9b, 0xa2, 0xa2, 0x9f, 0x9d,
  0x9e, 0xa3, 0xab, 0xb4, 0xbc, 0xc0, 0xc1, 0xc0, 0xc0, 0xc2, 0xc4, 0xc6,
  0xc5, 0xc3, 0xc2, 0xc1, 0xc0, 0xc0, 0xbd, 0xb9, 0xb7, 0xb4, 0xb1, 0xaa,
  0xa1, 0x99, 0x93, 0x91, 0x90, 0x8d, 0x8a, 0x83, 0x7d, 0x79, 0x74, 0x6d,
  0x66, 0x60, 0x5e, 0x5f, 0x60, 0x5e, 0x5c, 0x5a, 0x59, 0x58, 0x56, 0x55,
  0x54, 0x54, 0x56, 0x58, 0x59, 0x5c, 0x5d, 0x5e, 0x60, 0x62, 0x64, 0x67,
  0x67, 0x69, 0x6b, 0x6e, 0x71, 0x74, 0x76, 0x77, 0x7a, 0x7b, 0x79, 0x7a,
  0x7b, 0x7c, 0x7c, 0x7b, 0x7a, 0x7a, 0x7c, 0x7c, 0x7a, 0x78, 0x75, 0x74,
  0x74, 0x72, 0x72, 0x71, 0x6e, 0x6d, 0x6c, 0x6c, 0x6d, 0x6a, 0x66, 0x63,
  0x62, 0x63, 0x62, 0x5f, 0x5a, 0x58, 0x61, 0x6d, 0x78, 0x7e, 0x7b, 0x76,
  0x76, 0x78, 0x7d, 0x82, 0x88, 0x91, 0x9a, 0xa3, 0xa9, 0xa9, 0xa6, 0xa6,
  0xa9, 0xb0, 0xb7, 0xba, 0xbc, 0xbb, 0xbb, 0xc0, 0xc4, 0xc8, 0xc8, 0xc4,
  0xc1, 0xbd, 0xbc, 0xbb, 0xb8, 0xb5, 0xb2, 0xb1, 0xb0, 0xad, 0xa6, 0x9c,
  0x96, 0x90, 0x8c, 0x89, 0x84, 0x80, 0x7b, 0x77, 0x75, 0x70, 0x6b, 0x65,
  0x5f, 0x5b, 0x58, 0x59, 0x58, 0x58, 0x58, 0x56, 0x56, 0x56, 0x56, 0x56,
  0x54, 0x54, 0x54, 0x57, 0x5b, 0x5d, 0x5e, 0x60, 0x63, 0x66, 0x6a, 0x6b,
  0x6b, 0x6c, 0x6e, 0x72, 0x75, 0x76, 0x78, 0x79, 0x7b, 0x7d, 0x7c, 0x7c,
  0x7c, 0x7b, 0x7c, 0x7b, 0x7a, 0x7a, 0x79, 0x78, 0x77, 0x76, 0x75, 0x74,
  0x71, 0x6f, 0x6e, 0x6d, 0x6d, 0x6b, 0x69, 0x68, 0x68, 0x66, 0x65, 0x63,
  0x60, 0x5e, 0x5b, 0x5a, 0x60, 0x6a, 0x74, 0x7d, 0x7c, 0x7b, 0x7c, 0x7d,
  0x81, 0x84, 0x86, 0x8e, 0x99, 0xa2, 0xa9, 0xaa, 0xaa, 0xad, 0xb1, 0xb7,
  0xba, 0xb9, 0xb9, 0xb9, 0xba, 0xbe, 0xc2, 0xc4, 0xc6, 0xc5, 0xc2, 0xc0,
  0xbc, 0xb6, 0xb3, 0xaf, 0xac, 0xaa, 0xa8, 0xa5, 0xa0, 0x9b, 0x96, 0x91,
  0x8c, 0x87, 0x81, 0x7b, 0x76, 0x72, 0x70, 0x6d, 0x6a, 0x66, 0x61, 0x5e,
  0x5c, 0x59, 0x58, 0x56, 0x54, 0x55, 0x55, 0x57, 0x58, 0x58, 0x58, 0x57,
  0x59, 0x5b, 0x5b, 0x5d, 0x5d, 0x5f, 0x63, 0x67, 0x69, 0x6b, 0x6c, 0x6e,
  0x70, 0x71, 0x73, 0x74, 0x76, 0x78, 0x79, 0x7a, 0x7a, 0x7b, 0x7d, 0x7b,
  0x7b, 0x7a, 0x79, 0x7a, 0x79, 0x77, 0x77, 0x76, 0x75, 0x75, 0x73, 0x72,
  0x71, 0x70, 0x70, 0x6d, 0x6c, 0x6b, 0x6a, 0x6a, 0x68, 0x65, 0x64, 0x61,
  0x60, 0x65, 0x6c, 0x74, 0x7b, 0x7d, 0x7f, 0x81, 0x83, 0x85, 0x86, 0x89,
  0x8f, 0x96, 0x9e, 0xa3, 0xa6, 0xaa, 0xaf, 0xb5, 0xb9, 0xba, 0xba, 0xb9,
  0xb9, 0xb9, 0xbb, 0xbe, 0xc2, 0xc5, 0xc6, 0xc5, 0xc2, 0xbd, 0xb9, 0xb5,
  0xaf, 0xac, 0xa8, 0xa4, 0xa2, 0x9e, 0x9a, 0x96, 0x92, 0x8e, 0x8a, 0x84,
  0x7f, 0x7a, 0x75, 0x71, 0x6e, 0x6b, 0x6a, 0x67, 0x63, 0x61, 0x5e, 0x5d,
  0x5c, 0x5a, 0x5a, 0x58, 0x58, 0x59, 0x59, 0x5b, 0x5b, 0x5a, 0x5c, 0x5d,
  0x5e, 0x60, 0x60, 0x62, 0x63, 0x66, 0x69, 0x6a, 0x6c, 0x6e, 0x6e, 0x70,
  0x72, 0x72, 0x74, 0x75, 0x74, 0x76, 0x77, 0x78, 0x79, 0x77, 0x76, 0x77,
  0x76, 0x76, 0x75, 0x73, 0x73, 0x73, 0x72, 0x71, 0x71, 0x6f, 0x70, 0x6e,
  0x6c, 0x6c, 0x6b, 0x6b, 0x69, 0x66, 0x63, 0x62, 0x65, 0x6a, 0x70, 0x77,
  0x7b, 0x7e, 0x81, 0x81, 0x83, 0x86, 0x89, 0x8d, 0x92, 0x98, 0x9e, 0xa3,
  0xa7, 0xaa, 0xaf, 0xb4, 0xb9, 0xbc, 0xbb, 0xba, 0xb8, 0xb8, 0xbc, 0xbf,
  0xc2, 0xc4, 0xc2, 0xc0, 0xbe, 0xbb, 0xb8, 0xb4, 0xaf, 0xab, 0xa7, 0xa5,
  0xa1, 0x9d, 0x98, 0x93, 0x8f, 0x8c, 0x88, 0x83, 0x7d, 0x77, 0x72, 0x70,
  0x6e, 0x6b, 0x68, 0x64, 0x61, 0x60, 0x5f, 0x5e, 0x5c, 0x5b, 0x5a, 0x5a,
  0x5b, 0x5b, 0x5b, 0x5b, 0x5c, 0x5c, 0x5d, 0x5f, 0x5f, 0x61, 0x62, 0x63,
  0x65, 0x67, 0x69, 0x6c, 0x6c, 0x6c, 0x6d, 0x6e, 0x71, 0x72, 0x72, 0x72,
  0x72, 0x73, 0x75, 0x76, 0x75, 0x73, 0x73, 0x73, 0x74, 0x74, 0x71, 0x70,
  0x6f, 0x6f, 0x71, 0x70, 0x6e, 0x6c, 0x6b, 0x6b, 0x6c, 0x6b, 0x68, 0x65,
  0x64, 0x63, 0x64, 0x6a, 0x70, 0x77, 0x7c, 0x7e, 0x80, 0x82, 0x85, 0x88,
  0x8a, 0x8d, 0x92, 0x98, 0x9e, 0xa2, 0xa5, 0xa8, 0xae, 0xb4, 0xb8, 0xbb,
  0xba, 0xb8, 0xb8, 0xb9, 0xbb, 0xbd, 0xbf, 0xc2, 0xc2, 0xc1, 0xbe, 0xbb,
  0xb7, 0xb4, 0xb0, 0xac, 0xa8, 0xa4, 0xa0, 0x9c, 0x96, 0x92, 0x8f, 0x8b,
  0x88, 0x82, 0x7c, 0x76, 0x73, 0x70, 0x6d, 0x69, 0x66, 0x63, 0x62, 0x60,
  0x5e, 0x5c, 0x5a, 0x5a, 0x5b, 0x5c, 0x5c, 0x5b, 0x5b, 0x5c, 0x5e, 0x60,
  0x60, 0x60, 0x61, 0x62, 0x65, 0x66, 0x68, 0x69, 0x6a, 0x6c, 0x6d, 0x6e,
  0x6f, 0x6f, 0x70, 0x70, 0x71, 0x72, 0x73, 0x72, 0x72, 0x71, 0x72, 0x72,
  0x72, 0x70, 0x6f, 0x6f, 0x6e, 0x6e, 0x6d, 0x6c, 0x6c, 0x6c, 0x6b, 0x6a,
  0x6a, 0x69, 0x69, 0x69, 0x66, 0x65, 0x64, 0x63, 0x67, 0x6b, 0x71, 0x7a,
  0x7e, 0x80, 0x83, 0x83, 0x88, 0x8c, 0x8f, 0x94, 0x97, 0x9c, 0xa1, 0xa5,
  0xaa, 0xae, 0xb3, 0xb7, 0xb9, 0xbb, 0xba, 0xb9, 0xb8, 0xb8, 0xba, 0xbd,
  0xc0, 0xc0, 0xbd, 0xba, 0xb8, 0xb6, 0xb4, 0xb0, 0xac, 0xa8, 0xa5, 0xa2,
  0x9d, 0x9a, 0x97, 0x93, 0x8f, 0x8b, 0x85, 0x82, 0x7d, 0x78, 0x75, 0x72,
  0x70, 0x6f, 0x6a, 0x67, 0x64, 0x61, 0x61, 0x60, 0x5e, 0x5e, 0x5c, 0x5c,
  0x5d, 0x5d, 0x5e, 0x5e, 0x5e, 0x5e, 0x5e, 0x60, 0x61, 0x61, 0x63, 0x62,
  0x65, 0x67, 0x68, 0x6a, 0x6a, 0x6a, 0x6b, 0x6c, 0x6d, 0x6e, 0x6f, 0x6e,
  0x6f, 0x6f, 0x6f, 0x71, 0x70, 0x6f, 0x6f, 0x6e, 0x6f, 0x70, 0x6e, 0x6e,
  0x6e, 0x6e, 0x6e, 0x6d, 0x6c, 0x6c, 0x6d, 0x6c, 0x6b, 0x6b, 0x6b, 0x6a,
  0x68, 0x67, 0x6b, 0x72, 0x79, 0x7e, 0x7d, 0x7e, 0x82, 0x86, 0x89, 0x8a,
  0x8a, 0x91, 0x98, 0x9c, 0x9e, 0x9f, 0xa4, 0xac, 0xb1, 0xb3, 0xb3, 0xb2,
  0xb5, 0xb6, 0xb5, 0xb6, 0xba, 0xbe, 0xc0, 0xbe, 0xbb, 0xb8, 0xb8, 0xb6,
  0xb3, 0xaf, 0xab, 0xab, 0xa7, 0xa3, 0x9f, 0x9c, 0x9b, 0x98, 0x92, 0x8d,
  0x87, 0x84, 0x81, 0x7d, 0x7a, 0x77, 0x76, 0x73, 0x6f, 0x6c, 0x69, 0x67,
  0x66, 0x63, 0x61, 0x61, 0x5f, 0x60, 0x5e, 0x5d, 0x5f, 0x5f, 0x5f, 0x5f,
  0x5c, 0x5d, 0x5f, 0x60, 0x62, 0x61, 0x62, 0x65, 0x65, 0x67, 0x67, 0x67,
  0x69, 0x69, 0x6b, 0x6b, 0x6a, 0x6c, 0x6c, 0x6d, 0x6f, 0x6d, 0x6f, 0x6f,
  0x6e, 0x6f, 0x6e, 0x6e, 0x6f, 0x6f, 0x70, 0x70, 0x6f, 0x6f, 0x70, 0x70,
  0x70, 0x6f, 0x6f, 0x6f, 0x6f, 0x6e, 0x6f, 0x70, 0x73, 0x78, 0x7b, 0x7e,
  0x81, 0x82, 0x83, 0x85, 0x87, 0x8b, 0x8f, 0x91, 0x94, 0x97, 0x9b, 0xa1,
  0xa5, 0xa7, 0xa8, 0xa8, 0xaa, 0xac, 0xad, 0xae, 0xb1, 0xb5, 0xb9, 0xb9,
  0xb7, 0xb5, 0xb5, 0xb6, 0xb4, 0xb2, 0xaf, 0xad, 0xad, 0xab, 0xa8, 0xa5,
  0xa3, 0xa3, 0xa0, 0x9a, 0x93, 0x8f, 0x8d, 0x8b, 0x88, 0x84, 0x80, 0x7e,
  0x7d, 0x7a, 0x75, 0x72, 0x70, 0x6f, 0x6e, 0x6a, 0x68, 0x68, 0x67, 0x68,
  0x66, 0x65, 0x64, 0x63, 0x63, 0x63, 0x62, 0x62, 0x63, 0x63, 0x63, 0x64,
  0x64, 0x64, 0x64, 0x64, 0x64, 0x65, 0x66, 0x66, 0x66, 0x66, 0x67, 0x68,
  0x69, 0x68, 0x69, 0x68, 0x68, 0x69, 0x6a, 0x6b, 0x6b, 0x6b, 0x6b, 0x6b,
  0x6d, 0x6c, 0x6c, 0x6d, 0x6c, 0x6d, 0x6e, 0x6e, 0x6e, 0x6d, 0x6d, 0x6d,
  0x6f, 0x71, 0x73, 0x77, 0x79, 0x7b, 0x7d, 0x7d, 0x7f, 0x81, 0x83, 0x85,
  0x87, 0x8a, 0x8e, 0x91, 0x94, 0x96, 0x99, 0x99, 0x9c, 0x9f, 0x9e, 0xa0,
  0xa1, 0xa3, 0xa8, 0xaa, 0xab, 0xab, 0xac, 0xad, 0xae, 0xad, 0xab, 0xab,
  0xaa, 0xaa, 0xaa, 0xaa, 0xa9, 0xa7, 0xa6, 0xa4, 0xa0, 0x9e, 0x9a, 0x98,
  0x97, 0x93, 0x92, 0x90, 0x8c, 0x8a, 0x88, 0x87, 0x84, 0x81, 0x7d, 0x7a,
  0x79, 0x78, 0x76, 0x74, 0x71, 0x72, 0x72, 0x6e, 0x6d, 0x6c, 0x6a, 0x6a,
  0x69, 0x68, 0x69, 0x69, 0x68, 0x68, 0x68, 0x67, 0x67, 0x68, 0x67, 0x67,
  0x69, 0x68, 0x67, 0x68, 0x68, 0x68, 0x68, 0x6a, 0x6a, 0x68, 0x68, 0x68,
  0x6b, 0x6b, 0x6a, 0x6a, 0x69, 0x6c, 0x6c, 0x69, 0x6a, 0x6b, 0x6e, 0x6c,
  0x6c, 0x6e, 0x6b, 0x6d, 0x6e, 0x6d, 0x6e, 0x6c, 0x6e, 0x6f, 0x70, 0x76,
  0x74, 0x74, 0x79, 0x78, 0x79, 0x79, 0x7a, 0x7d, 0x7e, 0x82, 0x83, 0x86,
  0x86, 0x88, 0x8f, 0x8e, 0x8d, 0x91, 0x91, 0x92, 0x93, 0x94, 0x98, 0x9a,
  0x9b, 0x9b, 0x9e, 0x9f, 0x9d, 0x9f, 0x9f, 0x9f, 0xa2, 0xa0, 0x9e, 0xa2,
  0xa1, 0xa1, 0xa3, 0x9f, 0x9c, 0x9f, 0x9f, 0x9b, 0x9a, 0x9b, 0x98, 0x99,
  0x9c, 0x94, 0x94, 0x95, 0x8f, 0x91, 0x90, 0x8d, 0x8b, 0x87, 0x8c, 0x8a,
  0x83, 0x87, 0x82, 0x80, 0x81, 0x7f, 0x80, 0x7b, 0x76, 0x78, 0x7d, 0x79,
  0x72, 0x76, 0x75, 0x71, 0x76, 0x71, 0x6f, 0x72, 0x6d, 0x6f, 0x72, 0x6f,
  0x6b, 0x6b, 0x70, 0x6f, 0x6d, 0x69, 0x6e, 0x72, 0x68, 0x6d, 0x6e, 0x68,
  0x72, 0x6a, 0x67, 0x73, 0x6d, 0x66, 0x6d, 0x70, 0x65, 0x6f, 0x73, 0x61,
  0x72, 0x71, 0x62, 0x73, 0x6f, 0x67, 0x6e, 0x71, 0x6a, 0x6b, 0x82, 0x6c,
  0x5e, 0x85, 0x7b, 0x66, 0x76, 0x7c, 0x75, 0x75, 0x7c, 0x79, 0x7e, 0x84,
  0x78, 0x87, 0x89, 0x78, 0x87, 0x8b, 0x80, 0x86, 0x8f, 0x89, 0x82, 0x98,
  0x92, 0x81, 0x99, 0x90, 0x8a, 0x9d, 0x8d, 0x8c, 0x9a, 0x90, 0x93, 0x99,
  0x8f, 0x96, 0x99, 0x8e, 0x92, 0x99, 0x98, 0x89, 0x91, 0xa1, 0x8c, 0x8f,
  0x94, 0x8f, 0x97, 0x8d, 0x91, 0x8b, 0x8c, 0x9a, 0x82, 0x90, 0x91, 0x83,
  0x97, 0x7f, 0x88, 0x96, 0x78, 0x8c, 0x90, 0x7e, 0x85, 0x86, 0x88, 0x7e,
  0x7f, 0x87, 0x7f, 0x7d, 0x7d, 0x82, 0x7d, 0x78, 0x82, 0x7d, 0x7b, 0x77,
  0x7b, 0x83, 0x71, 0x72, 0x7f, 0x76, 0x75, 0x7a, 0x76, 0x74, 0x79, 0x79,
  0x73, 0x74, 0x75, 0x76, 0x75, 0x74, 0x73, 0x75, 0x77, 0x71, 0x74, 0x76,
  0x74, 0x74, 0x72, 0x76, 0x70, 0x76, 0x79, 0x6b, 0x7a, 0x77, 0x6c, 0x7b,
  0x74, 0x6e, 0x81, 0x78, 0x63, 0x8c, 0x86, 0x54, 0x8a, 0x88, 0x5c, 0x8a,
  0x83, 0x68, 0x83, 0x87, 0x6d, 0x80, 0x96, 0x6c, 0x7d, 0x8e, 0x71, 0x8f,
  0x83, 0x6f, 0x8b, 0x8f, 0x7d, 0x77, 0x98, 0x88, 0x6f, 0x97, 0x8d, 0x7a,
  0x89, 0x90, 0x82, 0x7f, 0x9d, 0x7f, 0x78, 0xa4, 0x82, 0x78, 0x9a, 0x89,
  0x7e, 0x8d, 0x8d, 0x81, 0x8a, 0x8c, 0x83, 0x8a, 0x89, 0x89, 0x87, 0x84,
  0x8c, 0x82, 0x89, 0x88, 0x7c, 0x91, 0x83, 0x7f, 0x8d, 0x7c, 0x8c, 0x84,
  0x77, 0x8f, 0x83, 0x7d, 0x84, 0x87, 0x7e, 0x7c, 0x8f, 0x77, 0x7f, 0x8d,
  0x6c, 0x88, 0x8b, 0x6f, 0x82, 0x85, 0x7b, 0x7b, 0x84, 0x7d, 0x79, 0x87,
  0x71, 0x7a, 0x91, 0x6f, 0x73, 0x8e, 0x77, 0x74, 0x88, 0x7a, 0x71, 0x86,
  0x7f, 0x6a, 0x87, 0x86, 0x67, 0x87, 0x81, 0x6e, 0x8a, 0x75, 0x75, 0x89,
  0x75, 0x78, 0x80, 0x7d, 0x7a, 0x7b, 0x7b, 0x7c, 0x84, 0x73, 0x79, 0x85,
  0x77, 0x80, 0x74, 0x78, 0x93, 0x76, 0x6c, 0x8e, 0x91, 0x62, 0x7a, 0xa3,
  0x61, 0x7c, 0x98, 0x60, 0x92, 0x89, 0x67, 0x91, 0x83, 0x7d, 0x7b, 0x87,
  0x86, 0x75, 0x8c, 0x77, 0x8b, 0x8a, 0x6c, 0x95, 0x7d, 0x85, 0x83, 0x72,
  0xa0, 0x6f, 0x7d, 0x95, 0x74, 0x90, 0x76, 0x89, 0x8c, 0x6f, 0x96, 0x7a,
  0x80, 0x8b, 0x76, 0x8c, 0x7f, 0x85, 0x80, 0x80, 0x8b, 0x76, 0x8b, 0x84,
  0x7a, 0x86, 0x82, 0x86, 0x79, 0x88, 0x7f, 0x7a, 0x91, 0x71, 0x83, 0x8c,
  0x79, 0x7d, 0x7d, 0x97, 0x72, 0x72, 0x9a, 0x72, 0x7f, 0x84, 0x7a, 0x87,
  0x79, 0x80, 0x7d, 0x8b, 0x82, 0x6b, 0x8f, 0x82, 0x77, 0x80, 0x7d, 0x87,
  0x77, 0x82, 0x81, 0x7c, 0x85, 0x78, 0x88, 0x77, 0x81, 0x88, 0x69, 0x90,
  0x7e, 0x78, 0x87, 0x72, 0x94, 0x70, 0x7a, 0x95, 0x66, 0x8d, 0x81, 0x74,
  0x8f, 0x76, 0x81, 0x7f, 0x85, 0x79, 0x76, 0x97, 0x6d, 0x80, 0x8b, 0x70,
  0x95, 0x76, 0x73, 0x97, 0x76, 0x74, 0x8c, 0x80, 0x75, 0x8b, 0x7f, 0x76,
  0x90, 0x7d, 0x75, 0x8b, 0x83, 0x77, 0x81, 0x83, 0x7d, 0x86, 0x7b, 0x81,
  0x88, 0x77, 0x88, 0x7c, 0x7c, 0x8c, 0x72, 0x86, 0x87, 0x6f, 0x88, 0x89,
  0x75, 0x7b, 0x8f, 0x7d, 0x71, 0x8e, 0x81, 0x7a, 0x81, 0x79, 0x8f, 0x7d,
  0x70, 0x8e, 0x81, 0x7a, 0x7f, 0x83, 0x89, 0x71, 0x80, 0x8e, 0x75, 0x7e,
  0x84, 0x82, 0x7c, 0x7c, 0x87, 0x7c, 0x84, 0x80, 0x7d, 0x87, 0x72, 0x86,
  0x8c, 0x70, 0x7f, 0x88, 0x82, 0x79, 0x7f, 0x89, 0x78, 0x81, 0x87, 0x76,
  0x86, 0x84, 0x71, 0x8c, 0x8a, 0x6e, 0x86, 0x89, 0x76, 0x84, 0x82, 0x76,
  0x89, 0x89, 0x6e, 0x85, 0x8b, 0x70, 0x8b, 0x80, 0x75, 0x8d, 0x77, 0x81,
  0x88, 0x76, 0x82, 0x83, 0x80, 0x7c, 0x82, 0x83, 0x76, 0x85, 0x85, 0x7c,
  0x7f, 0x79, 0x8c, 0x86, 0x68, 0x8d, 0x8f, 0x66, 0x87, 0x8d, 0x71, 0x86,
  0x85, 0x78, 0x85, 0x81, 0x78, 0x86, 0x84, 0x73, 0x88, 0x83, 0x73, 0x91,
  0x7b, 0x73, 0x96, 0x78, 0x74, 0x8c, 0x7c, 0x7b, 0x8a, 0x7f, 0x6d, 0x90,
  0x8c, 0x66, 0x8c, 0x8a, 0x73, 0x81, 0x80, 0x8b, 0x78, 0x75, 0x8e, 0x7f,
  0x7c, 0x7e, 0x85, 0x7f, 0x75, 0x91, 0x7c, 0x73, 0x8d, 0x7d, 0x79, 0x83,
  0x85, 0x7f, 0x7a, 0x81, 0x87, 0x81, 0x75, 0x83, 0x85, 0x7a, 0x83, 0x7e,
  0x7e, 0x86, 0x80, 0x77, 0x87, 0x8b, 0x6c, 0x82, 0x8e, 0x74, 0x85, 0x7d,
  0x77, 0x90, 0x7f, 0x74, 0x88, 0x89, 0x6f, 0x81, 0x94, 0x6d, 0x80, 0x8a,
  0x72, 0x90, 0x7f, 0x71, 0x8a, 0x7e, 0x83, 0x80, 0x7d, 0x81, 0x7c, 0x8c,
  0x77, 0x7b, 0x91, 0x73, 0x7f, 0x85, 0x81, 0x83, 0x72, 0x8e, 0x7f, 0x73,
  0x91, 0x77, 0x7c, 0x88, 0x7b, 0x84, 0x7b, 0x85, 0x7f, 0x77, 0x8d, 0x7b,
  0x7b, 0x86, 0x7e, 0x81, 0x7c, 0x83, 0x81, 0x7d, 0x86, 0x78, 0x81, 0x89,
  0x7b, 0x7c, 0x7e, 0x8a, 0x82, 0x73, 0x83, 0x85, 0x82, 0x7d, 0x78, 0x8d,
  0x80, 0x72, 0x89, 0x86, 0x79, 0x7d, 0x85, 0x80, 0x7d, 0x88, 0x76, 0x7e,
  0x8f, 0x77, 0x80, 0x7f, 0x7c, 0x8b, 0x77, 0x80, 0x86, 0x7b, 0x80, 0x7f,
  0x8a, 0x79, 0x76, 0x8f, 0x7d, 0x7a, 0x83, 0x83, 0x7f, 0x78, 0x8a, 0x80,
  0x77, 0x87, 0x80, 0x80, 0x7e, 0x7f, 0x85, 0x7a, 0x82, 0x83, 0x7d, 0x81,
  0x7e, 0x84, 0x7f, 0x7d, 0x84, 0x7f, 0x80, 0x80, 0x81, 0x7e, 0x7f, 0x85,
  0x7a, 0x80, 0x85, 0x7b, 0x7f, 0x82, 0x83, 0x7d, 0x7b, 0x87, 0x81, 0x7a,
  0x80, 0x85, 0x7f, 0x7c, 0x84, 0x81, 0x7d, 0x80, 0x81, 0x82, 0x7e, 0x7e,
  0x83, 0x81, 0x7e, 0x7f, 0x82, 0x80, 0x7f, 0x82, 0x7f, 0x7d, 0x82, 0x82,
  0x7d, 0x80, 0x83, 0x7f, 0x7e, 0x82, 0x81, 0x7e, 0x80, 0x82, 0x80, 0x7e,
  0x80, 0x82, 0x7f, 0x7f, 0x82, 0x80, 0x7e, 0x81, 0x81, 0x7f, 0x80, 0x81,
  0x81, 0x7f, 0x80, 0x81, 0x7f, 0x80, 0x80, 0x81, 0x7f, 0x80, 0x82, 0x7e,
  0x7f, 0x82, 0x80, 0x80, 0x7e, 0x82, 0x81, 0x7c, 0x82, 0x82, 0x7f, 0x80,
  0x80, 0x80, 0x80, 0x81, 0x80, 0x7f, 0x81, 0x80, 0x7f, 0x81, 0x7f, 0x80,
  0x81, 0x7f, 0x80, 0x81, 0x80, 0x7f, 0x80, 0x81, 0x7f, 0x7f, 0x81, 0x80,
  0x80, 0x80, 0x80, 0x80, 0x80, 0x80, 0x7f, 0x80, 0x81, 0x7f, 0x81, 0x80,
  0x7f, 0x80, 0x80, 0x80, 0x80, 0x80, 0x80, 0x80, 0x80, 0x80, 0x81, 0x80,
  0x7f, 0x81, 0x80, 0x80, 0x81, 0x80, 0x80, 0x80, 0x80, 0x80, 0x80, 0x80,
  0x80, 0x81, 0x7f, 0x80, 0x81, 0x7f, 0x80, 0x80, 0x80, 0x80, 0x80, 0x80,
  0x80, 0x80, 0x80, 0x80, 0x80, 0x80, 0x80, 0x80, 0x80, 0x80, 0x80, 0x80,
  0x80, 0x80, 0x80, 0x80, 0x80, 0x80, 0x80, 0x81, 0x80, 0x80, 0x80, 0x80,
  0x80, 0x80, 0x80, 0x80, 0x80, 0x80, 0x80, 0x81, 0x80, 0x7f, 0x81, 0x80,
  0x80, 0x80, 0x80, 0x80, 0x80, 0x80, 0x80, 0x80, 0x80, 0x80, 0x80, 0x80,
  0x7f, 0x80, 0x80, 0x80, 0x80, 0x80, 0x80, 0x80, 0x80, 0x80, 0x80, 0x80,
  0x80, 0x80, 0x80, 0x80, 0x80, 0x80, 0x80, 0x80, 0x80, 0x80, 0x80, 0x80,
  0x80, 0x80, 0x80, 0x80, 0x80, 0x80, 0x80, 0x80, 0x80, 0x80, 0x80, 0x80,
  0x80, 0x80, 0x80, 0x80, 0x80, 0x80, 0x80, 0x80, 0x80, 0x80, 0x80, 0x80,
  0x80, 0x80, 0x80, 0x80, 0x80, 0x80, 0x80, 0x80, 0x80, 0x80, 0x80, 0x80,
  0x80, 0x80, 0x80, 0x80, 0x80, 0x80, 0x80, 0x80, 0x80, 0x80, 0x80, 0x80,
  0x80, 0x80, 0x80, 0x80, 0x80, 0x80, 0x80, 0x80, 0x80, 0x80, 0x80, 0x80,
  0x80, 0x80, 0x80, 0x80, 0x80, 0x80, 0x80, 0x80, 0x80, 0x80, 0x80, 0x80,
  0x80, 0x80, 0x80, 0x80, 0x80, 0x80, 0x80, 0x80, 0x80, 0x80, 0x80, 0x80,
  0x80, 0x80, 0x80, 0x80, 0x80, 0x80, 0x80, 0x80, 0x80, 0x80, 0x80, 0x80,
  0x80, 0x80, 0x80, 0x80, 0x80, 0x80, 0x80, 0x80, 0x80, 0x80, 0x80, 0x80,
  0x80, 0x80, 0x80, 0x80, 0x80, 0x80, 0x80, 0x80, 0x80, 0x80, 0x80, 0x80,
  0x80, 0x80, 0x80, 0x80, 0x80, 0x80, 0x80, 0x80, 0x80, 0x80, 0x80, 0x80,
  0x80, 0x80, 0x80, 0x80, 0x80, 0x80, 0x80, 0x80, 0x80, 0x80, 0x80, 0x80,
  0x80, 0x80, 0x80, 0x80, 0x80, 0x80, 0x80, 0x80, 0x80, 0x80, 0x80, 0x80,
  0x80, 0x80, 0x80, 0x80, 0x80, 0x80, 0x80, 0x80, 0x80, 0x80, 0x80, 0x80,
  0x80, 0x80, 0x80, 0x80, 0x80, 0x80, 0x80, 0x80, 0x80, 0x80, 0x80, 0x80,
  0x80, 0x80, 0x80, 0x80, 0x80, 0x80, 0x80, 0x80, 0x80, 0x80, 0x80, 0x80,
  0x80, 0x80, 0x80, 0x80, 0x80, 0x80, 0x80, 0x80, 0x80, 0x80, 0x80, 0x80,
  0x80, 0x80, 0x80, 0x80, 0x80, 0x80, 0x80, 0x80, 0x80, 0x80, 0x80, 0x80,
  0x80, 0x80, 0x80, 0x80, 0x80, 0x80, 0x80, 0x80, 0x80, 0x80, 0x80, 0x80,
  0x80, 0x80, 0x80, 0x80, 0x80, 0x80, 0x80, 0x80, 0x80, 0x80, 0x80, 0x80,
  0x80, 0x80, 0x80, 0x80, 0x80, 0x80, 0x80, 0x80, 0x80, 0x80, 0x80, 0x80,
  0x80, 0x80, 0x80, 0x80, 0x80, 0x80, 0x80, 0x80, 0x80, 0x80, 0x80, 0x80,
  0x80, 0x80, 0x80, 0x80, 0x80, 0x80, 0x80, 0x80, 0x80, 0x80, 0x80, 0x80,
  0x80, 0x80, 0x80, 0x80, 0x80, 0x80, 0x80, 0x80, 0x80, 0x80, 0x80, 0x80,
  0x80, 0x80, 0x80, 0x80, 0x80, 0x80, 0x80, 0x80, 0x80, 0x80, 0x80, 0x80,
  0x80, 0x80, 0x80, 0x80, 0x80, 0x80, 0x80, 0x80, 0x80, 0x80, 0x80, 0x80,
  0x80, 0x80, 0x80, 0x80, 0x80, 0x80, 0x80, 0x80, 0x80, 0x80, 0x80, 0x80,
  0x80, 0x80, 0x80, 0x80, 0x80, 0x80, 0x80, 0x80, 0x80, 0x80, 0x7f, 0x80,
  0x80, 0x80, 0x80, 0x80, 0x80, 0x80, 0x80, 0x80, 0x80, 0x7f, 0x7f, 0x80,
  0x80, 0x80, 0x80, 0x80, 0x80, 0x80, 0x80, 0x80, 0x80, 0x7f, 0x80, 0x80,
  0x80, 0x80, 0x7f, 0x7f, 0x80, 0x80, 0x80, 0x80, 0x81, 0x80, 0x7f, 0x80,
  0x81, 0x80, 0x7f, 0x81, 0x81, 0x80, 0x80, 0x80, 0x81, 0x81, 0x80, 0x80,
  0x81, 0x81, 0x81, 0x82, 0x81, 0x80, 0x80, 0x81, 0x7f, 0x80, 0x7f, 0x7b,
  0x81, 0x83, 0x7d, 0x7e, 0x81, 0x7f, 0x7b, 0x80, 0x86, 0x7f, 0x7d, 0x80,
  0x82, 0x83, 0x7e, 0x82, 0x7f, 0x7a, 0x83, 0x87, 0x80, 0x7c, 0x7e, 0x7f,
  0x82, 0x8a, 0x82, 0x76, 0x7d, 0x89, 0x8d, 0x80, 0x73, 0x7f, 0x8b, 0x84,
  0x7d, 0x78, 0x77, 0x84, 0x8b, 0x7d, 0x74, 0x77, 0x7e, 0x82, 0x86, 0x83,
  0x75, 0x73, 0x82, 0x84, 0x7c, 0x78, 0x7f, 0x87, 0x80, 0x7b, 0x81, 0x84,
  0x83, 0x82, 0x81, 0x7f, 0x80, 0x8b, 0x80, 0x77, 0x8a, 0x89, 0x7e, 0x7a,
  0x7a, 0x89, 0x80, 0x7c, 0x89, 0x83, 0x7f, 0x7c, 0x83, 0x82, 0x78, 0x86,
  0x7f, 0x7c, 0x82, 0x76, 0x80, 0x81, 0x87, 0x80, 0x6f, 0x85, 0x7f, 0x7d,
  0x84, 0x74, 0x84, 0x86, 0x7f, 0x80, 0x7d, 0x84, 0x7a, 0x80, 0x81, 0x77,
  0x84, 0x7f, 0x83, 0x81, 0x73, 0x8b, 0x8c, 0x7a, 0x7e, 0x85, 0x85, 0x81,
  0x83, 0x7e, 0x7b, 0x85, 0x83, 0x83, 0x85, 0x79, 0x7e, 0x88, 0x7e, 0x80,
  0x7f, 0x7b, 0x7c, 0x81, 0x88, 0x7e, 0x80, 0x83, 0x79, 0x84, 0x85, 0x7f,
  0x79, 0x77, 0x88, 0x89, 0x80, 0x7d, 0x7d, 0x7c, 0x7f, 0x89, 0x7a, 0x77,
  0x82, 0x7e, 0x7e, 0x80, 0x89, 0x7f, 0x78, 0x89, 0x87, 0x80, 0x7c, 0x7d,
  0x7b, 0x84, 0x93, 0x77, 0x79, 0x8d, 0x81, 0x83, 0x7a, 0x7b, 0x86, 0x78,
  0x76, 0x84, 0x8e, 0x7d, 0x77, 0x84, 0x7d, 0x87, 0x83, 0x70, 0x82, 0x8c,
  0x7d, 0x76, 0x8a, 0x8b, 0x78, 0x82, 0x81, 0x7d, 0x7d, 0x76, 0x85, 0x84,
  0x7b, 0x83, 0x83, 0x7e, 0x7c, 0x85, 0x7a, 0x75, 0x8a, 0x81, 0x7a, 0x85,
  0x84, 0x7c, 0x7e, 0x8d, 0x7e, 0x6c, 0x83, 0x88, 0x7a, 0x7d, 0x8b, 0x89,
  0x79, 0x7f, 0x84, 0x84, 0x86, 0x84, 0x83, 0x7a, 0x7f, 0x84, 0x76, 0x7d,
  0x85, 0x80, 0x79, 0x7f, 0x89, 0x79, 0x7f, 0x80, 0x7b, 0x92, 0x7e, 0x6b,
  0x7d, 0x8a, 0x8f, 0x79, 0x7f, 0x8a, 0x7f, 0x81, 0x72, 0x7a, 0x86, 0x78,
  0x84, 0x82, 0x81, 0x7f, 0x74, 0x82, 0x84, 0x82, 0x7d, 0x79, 0x84, 0x80,
  0x83, 0x81, 0x80, 0x91, 0x7e, 0x70, 0x87, 0x86, 0x7a, 0x7a, 0x7f, 0x87,
  0x87, 0x82, 0x7e, 0x7b, 0x7e, 0x82, 0x83, 0x7f, 0x83, 0x81, 0x70, 0x81,
  0x8f, 0x82, 0x83, 0x7e, 0x7b, 0x84, 0x83, 0x7f, 0x76, 0x7b, 0x85, 0x85,
  0x84, 0x78, 0x75, 0x7f, 0x88, 0x86, 0x79, 0x7c, 0x7e, 0x76, 0x83, 0x8c,
  0x80, 0x7c, 0x89, 0x90, 0x83, 0x74, 0x76, 0x85, 0x8b, 0x86, 0x7d, 0x79,
  0x82, 0x89, 0x80, 0x7c, 0x7d, 0x79, 0x79, 0x81, 0x82, 0x7c, 0x7c, 0x7e,
  0x83, 0x8c, 0x82, 0x71, 0x7d, 0x88, 0x83, 0x82, 0x81, 0x7c, 0x7e, 0x7e,
  0x78, 0x7f, 0x85, 0x76, 0x75, 0x88, 0x87, 0x79, 0x80, 0x81, 0x7b, 0x85,
  0x82, 0x7b, 0x86, 0x86, 0x81, 0x83, 0x83, 0x83, 0x7e, 0x78, 0x7b, 0x8a,
  0x8b, 0x7c, 0x80, 0x83, 0x7f, 0x82, 0x7c, 0x7c, 0x81, 0x7c, 0x7b, 0x83,
  0x8b, 0x7f, 0x75, 0x82, 0x83, 0x80, 0x82, 0x77, 0x75, 0x81, 0x8b, 0x86,
  0x7e, 0x82, 0x7d, 0x83, 0x89, 0x7c, 0x80, 0x7e, 0x7f, 0x88, 0x7f, 0x80,
  0x7e, 0x7e, 0x88, 0x7f, 0x78, 0x75, 0x7b, 0x84, 0x7f, 0x7f, 0x7b, 0x7c,
  0x83, 0x81, 0x89, 0x84, 0x79, 0x83, 0x82, 0x81, 0x85, 0x83, 0x82, 0x82,
  0x85, 0x7e, 0x74, 0x78, 0x7c, 0x88, 0x8a, 0x80, 0x81, 0x7c, 0x7a, 0x7d,
  0x79, 0x83, 0x84, 0x7a, 0x7b, 0x82, 0x83, 0x7d, 0x7f, 0x82, 0x88, 0x8a,
  0x7a, 0x74, 0x7b, 0x83, 0x84, 0x7f, 0x87, 0x89, 0x83, 0x81, 0x7d, 0x7e,
  0x7a, 0x77, 0x7f, 0x85, 0x88, 0x7f, 0x7c, 0x84, 0x83, 0x82, 0x7f, 0x80,
  0x81, 0x7d, 0x83, 0x83, 0x7e, 0x84, 0x8a, 0x8a, 0x7e, 0x77, 0x74, 0x73,
  0x7d, 0x7e, 0x82, 0x86, 0x7d, 0x81, 0x7d, 0x76, 0x7b, 0x7b, 0x7f, 0x84,
  0x88, 0x7f, 0x74, 0x80, 0x85, 0x87, 0x86, 0x7b, 0x7d, 0x81, 0x7f, 0x7e,
  0x7f, 0x84, 0x81, 0x7c, 0x7e, 0x7d, 0x7a, 0x78, 0x7c, 0x85, 0x8a, 0x86,
  0x7e, 0x77, 0x77, 0x7c, 0x84, 0x89, 0x86, 0x82, 0x7f, 0x7c, 0x80, 0x7f,
  0x7e, 0x82, 0x83, 0x85, 0x89, 0x8c, 0x84, 0x81, 0x88, 0x87, 0x85, 0x80,
  0x74, 0x77, 0x84, 0x91, 0x92, 0x8c, 0x8b, 0x83, 0x7b, 0x79, 0x7b, 0x7f,
  0x7f, 0x84, 0x8b, 0x8e, 0x92, 0x8c, 0x85, 0x85, 0x82, 0x7c, 0x7a, 0x80,
  0x86, 0x8a, 0x8f, 0x90, 0x8f, 0x87, 0x7d, 0x7b, 0x7b, 0x7d, 0x80, 0x82,
  0x86, 0x8b, 0x90, 0x90, 0x8a, 0x82, 0x7b, 0x7a, 0x7b, 0x7f, 0x82, 0x83,
  0x88, 0x8a, 0x8a, 0x82, 0x78, 0x74, 0x74, 0x77, 0x7a, 0x76, 0x73, 0x75,
  0x7d, 0x82, 0x80, 0x77, 0x70, 0x6f, 0x6f, 0x6e, 0x6f, 0x72, 0x7a, 0x7f,
  0x7d, 0x77, 0x71, 0x6d, 0x6b, 0x6d, 0x70, 0x71, 0x71, 0x72, 0x75, 0x73,
  0x70, 0x70, 0x6f, 0x6e, 0x6d, 0x6c, 0x6c, 0x6f, 0x74, 0x76, 0x77, 0x74,
  0x6d, 0x6a, 0x6e, 0x75, 0x79, 0x7d, 0x80, 0x80, 0x7f, 0x7e, 0x7e, 0x7f,
  0x82, 0x86, 0x89, 0x8b, 0x8c, 0x8c, 0x8e, 0x92, 0x92, 0x8f, 0x8b, 0x8d,
  0x91, 0x95, 0x98, 0x9b, 0x9b, 0x9b, 0x99, 0x98, 0x99, 0x9a, 0x9d, 0x9e,
  0xa0, 0xa1, 0x9f, 0x9e, 0x9e, 0x9e, 0x9e, 0x9c, 0x98, 0x96, 0x96, 0x97,
  0x9a, 0x9c, 0x9d, 0x9a, 0x96, 0x93, 0x92, 0x91, 0x91, 0x90, 0x90, 0x91,
  0x90, 0x8e, 0x8c, 0x8b, 0x8b, 0x8a, 0x87, 0x83, 0x80, 0x7d, 0x7d, 0x7d,
  0x7b, 0x7a, 0x77, 0x74, 0x73, 0x70, 0x6e, 0x6b, 0x69, 0x68, 0x67, 0x66,
  0x64, 0x63, 0x63, 0x64, 0x63, 0x60, 0x5d, 0x5a, 0x5a, 0x5d, 0x5f, 0x5e,
  0x5b, 0x59, 0x59, 0x5a, 0x5a, 0x59, 0x58, 0x5a, 0x5c, 0x5c, 0x5a, 0x58,
  0x5a, 0x5d, 0x60, 0x61, 0x5f, 0x5e, 0x5f, 0x61, 0x63, 0x63, 0x62, 0x61,
  0x63, 0x68, 0x6a, 0x6d, 0x72, 0x78, 0x80, 0x84, 0x85, 0x87, 0x8a, 0x90,
  0x95, 0x98, 0x9b, 0x9d, 0xa0, 0xa5, 0xa9, 0xab, 0xab, 0xac, 0xad, 0xab,
  0xa6, 0xa0, 0x9c, 0x9c, 0x9e, 0x9f, 0x9f, 0x9f, 0xa0, 0xa1, 0xa1, 0x9f,
  0x9d, 0x9e, 0x9e, 0xa0, 0x9e, 0x9e, 0xa2, 0xa4, 0xa9, 0xa9, 0xa6, 0xa6,
  0xa1, 0x9e, 0x9a, 0x95, 0x98, 0x99, 0x98, 0x97, 0x91, 0x8f, 0x8e, 0x8a,
  0x88, 0x83, 0x80, 0x80, 0x7d, 0x7b, 0x7a, 0x7a, 0x7c, 0x7b, 0x79, 0x75,
  0x71, 0x70, 0x6e, 0x6b, 0x69, 0x68, 0x69, 0x6a, 0x69, 0x67, 0x65, 0x65,
  0x66, 0x64, 0x61, 0x60, 0x60, 0x62, 0x62, 0x60, 0x5f, 0x61, 0x66, 0x67,
  0x63, 0x5e, 0x5b, 0x5d, 0x60, 0x60, 0x60, 0x5f, 0x60, 0x61, 0x61, 0x61,
  0x61, 0x62, 0x64, 0x65, 0x66, 0x64, 0x63, 0x67, 0x6a, 0x6c, 0x6c, 0x6a,
  0x67, 0x65, 0x64, 0x68, 0x73, 0x81, 0x8f, 0x97, 0x9b, 0xa1, 0xa6, 0xaa,
  0xae, 0xae, 0xaf, 0xb1, 0xb3, 0xb5, 0xb8, 0xba, 0xbb, 0xba, 0xb5, 0xad,
  0xa3, 0x97, 0x8d, 0x87, 0x84, 0x84, 0x85, 0x85, 0x89, 0x8d, 0x90, 0x92,
  0x90, 0x8c, 0x89, 0x89, 0x8b, 0x8f, 0x92, 0x97, 0xa0, 0xa7, 0xa9, 0xa6,
  0xa0, 0x9c, 0x9a, 0x96, 0x91, 0x8c, 0x89, 0x88, 0x87, 0x87, 0x85, 0x80,
  0x7a, 0x73, 0x6d, 0x67, 0x62, 0x61, 0x62, 0x64, 0x66, 0x65, 0x65, 0x69,
  0x6b, 0x6c, 0x69, 0x65, 0x65, 0x67, 0x6a, 0x6d, 0x6e, 0x70, 0x72, 0x75,
  0x75, 0x73, 0x70, 0x6e, 0x6e, 0x6e, 0x6c, 0x6b, 0x69, 0x69, 0x6a, 0x6b,
  0x6c, 0x69, 0x65, 0x63, 0x63, 0x65, 0x63, 0x61, 0x63, 0x66, 0x69, 0x6b,
  0x6a, 0x6c, 0x70, 0x71, 0x72, 0x71, 0x70, 0x72, 0x74, 0x74, 0x76, 0x74,
  0x71, 0x6f, 0x6c, 0x6a, 0x70, 0x7c, 0x8d, 0x9f, 0xa9, 0xb0, 0xb6, 0xb9,
  0xbf, 0xc0, 0xbe, 0xbe, 0xbc, 0xba, 0xb9, 0xb5, 0xb3, 0xb2, 0xaf, 0xaa,
  0x9f, 0x91, 0x82, 0x76, 0x6e, 0x6b, 0x6b, 0x6f, 0x74, 0x7a, 0x82, 0x8b,
  0x91, 0x95, 0x96, 0x95, 0x96, 0x96, 0x96, 0x98, 0x9c, 0xa1, 0xa6, 0xa7,
  0xa7, 0xa4, 0x9e, 0x97, 0x91, 0x89, 0x80, 0x78, 0x72, 0x6e, 0x6d, 0x6b,
  0x6a, 0x6a, 0x68, 0x67, 0x64, 0x62, 0x62, 0x61, 0x61, 0x63, 0x66, 0x6a,
  0x6e, 0x70, 0x73, 0x76, 0x77, 0x79, 0x79, 0x79, 0x78, 0x77, 0x77, 0x77,
  0x77, 0x76, 0x74, 0x73, 0x72, 0x72, 0x71, 0x6e, 0x6c, 0x6a, 0x6a, 0x6a,
  0x68, 0x65, 0x64, 0x65, 0x68, 0x6a, 0x69, 0x68, 0x6a, 0x6c, 0x71, 0x73,
  0x72, 0x73, 0x74, 0x76, 0x78, 0x78, 0x78, 0x77, 0x76, 0x76, 0x76, 0x75,
  0x73, 0x6f, 0x6c, 0x6a, 0x67, 0x62, 0x5f, 0x68, 0x7a, 0x90, 0xa3, 0xae,
  0xb7, 0xc0, 0xc8, 0xce, 0xcf, 0xca, 0xc2, 0xba, 0xb1, 0xaa, 0xa4, 0x9e,
  0x9b, 0x99, 0x96, 0x90, 0x85, 0x77, 0x6d, 0x66, 0x65, 0x65, 0x66, 0x6a,
  0x71, 0x7c, 0x89, 0x97, 0xa3, 0xaa, 0xad, 0xad, 0xac, 0xa9, 0xa4, 0x9f,
  0x9a, 0x98, 0x96, 0x93, 0x91, 0x8d, 0x89, 0x87, 0x84, 0x7e, 0x76, 0x6c,
  0x64, 0x60, 0x5e, 0x5d, 0x5e, 0x60, 0x66, 0x6b, 0x70, 0x74, 0x77, 0x7a,
  0x7b, 0x7a, 0x79, 0x79, 0x77, 0x76, 0x76, 0x78, 0x7a, 0x7a, 0x7a, 0x7b,
  0x7c, 0x7b, 0x78, 0x76, 0x76, 0x74, 0x72, 0x6f, 0x6d, 0x6e, 0x6e, 0x6d,
  0x6d, 0x6d, 0x6d, 0x6d, 0x6d, 0x6d, 0x6e, 0x6e, 0x6d, 0x6c, 0x6e, 0x71,
  0x73, 0x72, 0x72, 0x73, 0x76, 0x7a, 0x7b, 0x7a, 0x78, 0x77, 0x79, 0x7b,
  0x7b, 0x78, 0x72, 0x6f, 0x70, 0x72, 0x71, 0x6c, 0x66, 0x62, 0x60, 0x63,
  0x6d, 0x7b, 0x8c, 0x9e, 0xad, 0xbc, 0xc8, 0xcf, 0xd5, 0xd7, 0xd6, 0xcf,
  0xc0, 0xaf, 0xa0, 0x94, 0x8b, 0x86, 0x82, 0x7e, 0x7c, 0x76, 0x72, 0x6f,
  0x6e, 0x6f, 0x6f, 0x70, 0x72, 0x74, 0x79, 0x83, 0x90, 0x9c, 0xa5, 0xab,
  0xaf, 0xb2, 0xb3, 0xaf, 0xaa, 0xa4, 0x9d, 0x96, 0x8d, 0x84, 0x7c, 0x77,
  0x74, 0x74, 0x73, 0x70, 0x6b, 0x67, 0x67, 0x68, 0x67, 0x66, 0x66, 0x68,
  0x6b, 0x6d, 0x70, 0x75, 0x7b, 0x80, 0x82, 0x82, 0x81, 0x81, 0x80, 0x7d,
  0x7a, 0x76, 0x74, 0x73, 0x71, 0x70, 0x6f, 0x70, 0x71, 0x72, 0x74, 0x74,
  0x73, 0x71, 0x71, 0x71, 0x72, 0x71, 0x6e, 0x6d, 0x6f, 0x70, 0x70, 0x6f,
  0x6f, 0x71, 0x72, 0x73, 0x73, 0x73, 0x73, 0x74, 0x75, 0x77, 0x77, 0x75,
  0x75, 0x77, 0x79, 0x7a, 0x78, 0x77, 0x77, 0x78, 0x78, 0x77, 0x74, 0x72,
  0x71, 0x70, 0x6e, 0x6a, 0x65, 0x62, 0x69, 0x78, 0x8a, 0x9c, 0xa7, 0xb2,
  0xbd, 0xca, 0xd7, 0xde, 0xdc, 0xd4, 0xc5, 0xb5, 0xa6, 0x96, 0x87, 0x79,
  0x71, 0x6c, 0x6a, 0x67, 0x66, 0x67, 0x6c, 0x73, 0x79, 0x7b, 0x7c, 0x7c,
  0x7f, 0x84, 0x8a, 0x92, 0x99, 0x9f, 0xa4, 0xa8, 0xab, 0xad, 0xaf, 0xae,
  0xab, 0xa2, 0x97, 0x8b, 0x82, 0x7b, 0x74, 0x6c, 0x65, 0x60, 0x5f, 0x61,
  0x63, 0x65, 0x67, 0x6b, 0x70, 0x74, 0x77, 0x78, 0x79, 0x7a, 0x7c, 0x7f,
  0x7f, 0x7f, 0x7d, 0x7c, 0x7d, 0x7e, 0x7e, 0x7b, 0x78, 0x76, 0x73, 0x71,
  0x70, 0x70, 0x6f, 0x6e, 0x6e, 0x6f, 0x71, 0x73, 0x74, 0x74, 0x75, 0x75,
  0x76, 0x75, 0x73, 0x72, 0x71, 0x71, 0x71, 0x70, 0x70, 0x6f, 0x70, 0x72,
  0x74, 0x75, 0x75, 0x75, 0x77, 0x78, 0x79, 0x79, 0x79, 0x79, 0x7a, 0x7a,
  0x7a, 0x79, 0x79, 0x77, 0x75, 0x74, 0x74, 0x73, 0x71, 0x6d, 0x68, 0x65,
  0x66, 0x6f, 0x7c, 0x8a, 0x95, 0x9d, 0xaa, 0xba, 0xcb, 0xd8, 0xdd, 0xda,
  0xd4, 0xc9, 0xbd, 0xad, 0x9c, 0x89, 0x79, 0x6c, 0x63, 0x5c, 0x57, 0x54,
  0x59, 0x63, 0x6f, 0x79, 0x7d, 0x81, 0x85, 0x8b, 0x93, 0x98, 0x9b, 0x9b,
  0x99, 0x99, 0x9c, 0x9f, 0xa1, 0xa1, 0xa0, 0x9d, 0x9a, 0x96, 0x91, 0x8c,
  0x87, 0x81, 0x7b, 0x74, 0x6d, 0x69, 0x65, 0x63, 0x63, 0x63, 0x64, 0x65,
  0x67, 0x6a, 0x6e, 0x73, 0x77, 0x7a, 0x7d, 0x7e, 0x7f, 0x7f, 0x80, 0x7f,
  0x7e, 0x7c, 0x79, 0x77, 0x75, 0x73, 0x72, 0x72, 0x72, 0x72, 0x72, 0x73,
  0x73, 0x74, 0x76, 0x76, 0x76, 0x75, 0x74, 0x73, 0x72, 0x71, 0x70, 0x6f,
  0x6e, 0x6d, 0x6d, 0x6e, 0x6f, 0x71, 0x73, 0x74, 0x75, 0x78, 0x7a, 0x7c,
  0x7d, 0x7d, 0x7c, 0x7d, 0x7e, 0x7e, 0x7c, 0x79, 0x77, 0x77, 0x77, 0x76,
  0x73, 0x70, 0x6e, 0x6d, 0x6b, 0x69, 0x6a, 0x70, 0x7b, 0x88, 0x93, 0x9d,
  0xa7, 0xb3, 0xc4, 0xd1, 0xda, 0xdb, 0xd5, 0xcc, 0xc1, 0xb6, 0xa9, 0x99,
  0x86, 0x75, 0x66, 0x5c, 0x56, 0x55, 0x57, 0x5d, 0x64, 0x6d, 0x76, 0x7e,
  0x88, 0x91, 0x99, 0x9f, 0xa0, 0x9f, 0x9d, 0x9a, 0x99, 0x98, 0x96, 0x94,
  0x92, 0x90, 0x8e, 0x8d, 0x8d, 0x8e, 0x8e, 0x8c, 0x89, 0x84, 0x80, 0x7c,
  0x79, 0x75, 0x6f, 0x68, 0x64, 0x60, 0x5f, 0x5f, 0x5f, 0x60, 0x64, 0x68,
  0x6e, 0x73, 0x76, 0x7b, 0x7f, 0x83, 0x85, 0x84, 0x81, 0x7d, 0x7b, 0x7a,
  0x78, 0x75, 0x71, 0x6f, 0x6f, 0x70, 0x71, 0x72, 0x74, 0x75, 0x76, 0x78,
  0x77, 0x77, 0x76, 0x74, 0x73, 0x70, 0x6e, 0x6c, 0x6a, 0x6a, 0x6a, 0x6b,
  0x6c, 0x6e, 0x71, 0x74, 0x77, 0x79, 0x7c, 0x7f, 0x81, 0x81, 0x81, 0x81,
  0x81, 0x7f, 0x7d, 0x7a, 0x77, 0x76, 0x74, 0x71, 0x6d, 0x69, 0x67, 0x6a,
  0x71, 0x7a, 0x84, 0x8b, 0x94, 0xa0, 0xae, 0xbe, 0xcb, 0xd2, 0xd4, 0xd2,
  0xce, 0xc9, 0xc1, 0xb6, 0xa6, 0x94, 0x83, 0x75, 0x6b, 0x63, 0x5e, 0x5b,
  0x5d, 0x63, 0x6a, 0x71, 0x79, 0x82, 0x8d, 0x98, 0x9f, 0xa2, 0xa0, 0x9c,
  0x9c, 0x9b, 0x9a, 0x97, 0x90, 0x8a, 0x87, 0x87, 0x89, 0x8a, 0x8a, 0x8a,
  0x8a, 0x8b, 0x8b, 0x8a, 0x87, 0x84, 0x80, 0x7a, 0x75, 0x6f, 0x69, 0x64,
  0x60, 0x5f, 0x5f, 0x5f, 0x60, 0x63, 0x66, 0x6b, 0x70, 0x76, 0x7a, 0x7d,
  0x7e, 0x7f, 0x7f, 0x7f, 0x7e, 0x7c, 0x79, 0x76, 0x73, 0x72, 0x72, 0x71,
  0x71, 0x71, 0x72, 0x74, 0x74, 0x74, 0x75, 0x75, 0x76, 0x74, 0x72, 0x6f,
  0x6e, 0x6d, 0x6c, 0x6b, 0x69, 0x68, 0x6a, 0x6c, 0x6f, 0x71, 0x72, 0x74,
  0x77, 0x7b, 0x7e, 0x7f, 0x7d, 0x7d, 0x7d, 0x7e, 0x7d, 0x7a, 0x76, 0x72,
  0x6e, 0x6c, 0x6d, 0x70, 0x75, 0x7b, 0x82, 0x8a, 0x95, 0xa1, 0xaf, 0xbd,
  0xc6, 0xcd, 0xd0, 0xd0, 0xcf, 0xc9, 0xc2, 0xb7, 0xa8, 0x9a, 0x8a, 0x7c,
  0x70, 0x68, 0x64, 0x62, 0x62, 0x65, 0x68, 0x6f, 0x79, 0x84, 0x8f, 0x96,
  0x9a, 0x9c, 0x9d, 0x9e, 0x9e, 0x9b, 0x97, 0x90, 0x8b, 0x87, 0x85, 0x84,
  0x84, 0x84, 0x85, 0x87, 0x8a, 0x8b, 0x8c, 0x8c, 0x8b, 0x89, 0x86, 0x81,
  0x7b, 0x74, 0x6d, 0x69, 0x64, 0x61, 0x5e, 0x5c, 0x5c, 0x5e, 0x62, 0x66,
  0x6a, 0x6e, 0x72, 0x76, 0x7a, 0x7d, 0x7d, 0x7d, 0x7e, 0x7d, 0x7b, 0x78,
  0x75, 0x74, 0x73, 0x72, 0x72, 0x70, 0x70, 0x71, 0x72, 0x74, 0x75, 0x74,
  0x74, 0x73, 0x73, 0x73, 0x71, 0x6e, 0x6c, 0x6b, 0x6b, 0x6b, 0x6b, 0x6b,
  0x6c, 0x6e, 0x71, 0x73, 0x75, 0x77, 0x78, 0x7a, 0x7c, 0x7c, 0x7c, 0x7b,
  0x79, 0x77, 0x74, 0x71, 0x6e, 0x6f, 0x72, 0x78, 0x7e, 0x83, 0x8a, 0x94,
  0xa0, 0xaf, 0xbc, 0xc4, 0xca, 0xcc, 0xce, 0xce, 0xcc, 0xc6, 0xbb, 0xae,
  0x9f, 0x93, 0x87, 0x7d, 0x74, 0x6c, 0x68, 0x66, 0x67, 0x6b, 0x71, 0x78,
  0x81, 0x89, 0x90, 0x94, 0x96, 0x97, 0x97, 0x97, 0x95, 0x90, 0x8a, 0x84,
  0x80, 0x7e, 0x7d, 0x7d, 0x7e, 0x7f, 0x82, 0x85, 0x89, 0x8d, 0x8e, 0x8f,
  0x8e, 0x8c, 0x88, 0x83, 0x7d, 0x77, 0x70, 0x6a, 0x65, 0x61, 0x5d, 0x5b,
  0x5b, 0x5e, 0x61, 0x65, 0x68, 0x6c, 0x70, 0x74, 0x78, 0x7a, 0x7b, 0x7b,
  0x7a, 0x7a, 0x78, 0x77, 0x75, 0x72, 0x72, 0x71, 0x71, 0x72, 0x71, 0x72,
  0x73, 0x74, 0x76, 0x76, 0x75, 0x75, 0x74, 0x74, 0x73, 0x71, 0x6e, 0x6d,
  0x6c, 0x6d, 0x6d, 0x6c, 0x6c, 0x6d, 0x6f, 0x72, 0x74, 0x75, 0x75, 0x76,
  0x77, 0x79, 0x78, 0x77, 0x74, 0x70, 0x6e, 0x6d, 0x6f, 0x72, 0x76, 0x7a,
  0x7f, 0x87, 0x92, 0x9f, 0xab, 0xb6, 0xbe, 0xc5, 0xca, 0xce, 0xce, 0xcd,
  0xc8, 0xc1, 0xb8, 0xad, 0xa3, 0x98, 0x8f, 0x88, 0x83, 0x80, 0x7d, 0x7b,
  0x7b, 0x7f, 0x84, 0x8a, 0x8e, 0x8f, 0x90, 0x8f, 0x90, 0x90, 0x8d, 0x89,
  0x83, 0x7d, 0x7a, 0x76, 0x75, 0x74, 0x74, 0x77, 0x79, 0x7d, 0x81, 0x85,
  0x8a, 0x8d, 0x8f, 0x8f, 0x8e, 0x8c, 0x87, 0x83, 0x7e, 0x78, 0x74, 0x6e,
  0x6a, 0x67, 0x65, 0x65, 0x65, 0x67, 0x69, 0x6b, 0x6d, 0x6f, 0x72, 0x74,
  0x74, 0x75, 0x74, 0x73, 0x72, 0x71, 0x70, 0x6f, 0x6e, 0x6d, 0x6d, 0x6e,
  0x6f, 0x70, 0x71, 0x72, 0x72, 0x74, 0x74, 0x74, 0x74, 0x72, 0x71, 0x71,
  0x6f, 0x6e, 0x6d, 0x6b, 0x6b, 0x6b, 0x6c, 0x6d, 0x6e, 0x6e, 0x70, 0x72,
  0x73, 0x75, 0x75, 0x74, 0x74, 0x74, 0x73, 0x73, 0x71, 0x6d, 0x6a, 0x68,
  0x68, 0x6c, 0x70, 0x75, 0x79, 0x7e, 0x87, 0x92, 0x9e, 0xaa, 0xb2, 0xb9,
  0xbe, 0xc2, 0xc7, 0xc8, 0xc7, 0xc3, 0xbd, 0xb6, 0xaf, 0xa9, 0xa2, 0x9c,
  0x97, 0x93, 0x90, 0x8e, 0x8e, 0x8e, 0x8f, 0x92, 0x94, 0x96, 0x95, 0x93,
  0x92, 0x90, 0x8e, 0x8b, 0x86, 0x81, 0x7c, 0x79, 0x77, 0x76, 0x76, 0x76,
  0x78, 0x7b, 0x7e, 0x81, 0x83, 0x88, 0x8a, 0x8c, 0x8c, 0x89, 0x87, 0x84,
  0x82, 0x7f, 0x7b, 0x76, 0x72, 0x6f, 0x6e, 0x6d, 0x6d, 0x6c, 0x6d, 0x6e,
  0x6f, 0x70, 0x71, 0x73, 0x73, 0x73, 0x72, 0x70, 0x70, 0x6f, 0x6f, 0x6e,
  0x6c, 0x6c, 0x6b, 0x6c, 0x6e, 0x6e, 0x6e, 0x6e, 0x6e, 0x6f, 0x70, 0x71,
  0x6f, 0x6e, 0x6d, 0x6c, 0x6c, 0x6b, 0x6b, 0x6a, 0x69, 0x6a, 0x6a, 0x6c,
  0x6e, 0x6d, 0x6e, 0x6f, 0x70, 0x73, 0x73, 0x73, 0x72, 0x71, 0x72, 0x72,
  0x70, 0x6f, 0x6c, 0x6b, 0x69, 0x68, 0x67, 0x68, 0x6b, 0x6f, 0x74, 0x78,
  0x7e, 0x86, 0x8f, 0x9a, 0xa2, 0xa8, 0xae, 0xb2, 0xb8, 0xbc, 0xbc, 0xbc,
  0xb9, 0xb6, 0xb3, 0xae, 0xaa, 0xa6, 0xa3, 0xa1, 0x9f, 0x9c, 0x9b, 0x9a,
  0x9b, 0x9d, 0x9d, 0x9d, 0x9c, 0x99, 0x99, 0x97, 0x95, 0x92, 0x8e, 0x8b,
  0x87, 0x84, 0x82, 0x80, 0x80, 0x80, 0x80, 0x81, 0x82, 0x83, 0x85, 0x86,
  0x88, 0x88, 0x87, 0x86, 0x84, 0x83, 0x80, 0x7f, 0x7c, 0x79, 0x77, 0x75,
  0x74, 0x73, 0x72, 0x72, 0x72, 0x72, 0x73, 0x72, 0x72, 0x72, 0x71, 0x71,
  0x71, 0x70, 0x6f, 0x6e, 0x6c, 0x6c, 0x6d, 0x6c, 0x6c, 0x6c, 0x6b, 0x6c,
  0x6c, 0x6d, 0x6d, 0x6b, 0x6a, 0x6a, 0x6a, 0x6a, 0x6a, 0x69, 0x68, 0x67,
  0x68, 0x69, 0x69, 0x6a, 0x6a, 0x6b, 0x6c, 0x6d, 0x6d, 0x6e, 0x6f, 0x6f,
  0x6f, 0x6f, 0x6f, 0x6f, 0x6f, 0x6e, 0x6e, 0x6e, 0x6d, 0x6c, 0x6a, 0x69,
  0x69, 0x69, 0x6b, 0x6d, 0x6f, 0x72, 0x76, 0x7b, 0x81, 0x87, 0x8c, 0x91,
  0x96, 0x9a, 0x9e, 0xa1, 0xa3, 0xa4, 0xa4, 0xa5, 0xa5, 0xa4, 0xa4, 0xa2,
  0xa2, 0xa2, 0xa2, 0xa2, 0xa2, 0xa2, 0xa2, 0xa2, 0xa2, 0xa1, 0xa0, 0xa0,
  0x9f, 0x9e, 0x9c, 0x9b, 0x9a, 0x99, 0x98, 0x97, 0x96, 0x96, 0x95, 0x95,
  0x94, 0x93, 0x92, 0x91, 0x91, 0x90, 0x8f, 0x8d, 0x8b, 0x8a, 0x89, 0x89,
  0x88, 0x86, 0x85, 0x84, 0x83, 0x82, 0x81, 0x80, 0x7e, 0x7e, 0x7e, 0x7c,
  0x7b, 0x79, 0x78, 0x77, 0x77, 0x77, 0x75, 0x74, 0x73, 0x72, 0x72, 0x71,
  0x71, 0x70, 0x6f, 0x6e, 0x6e, 0x6e, 0x6d, 0x6c, 0x6c, 0x6c, 0x6c, 0x6d,
  0x6c, 0x6c, 0x6b, 0x6b, 0x6c, 0x6c, 0x6b, 0x6b, 0x6b, 0x6a, 0x6b, 0x6b,
  0x6b, 0x6a, 0x6b, 0x6b, 0x6b, 0x6c, 0x6c, 0x6c, 0x6a, 0x6a, 0x6c, 0x6b,
  0x6a, 0x6b, 0x6b, 0x6a, 0x6a, 0x6b, 0x6a, 0x6d, 0x72, 0x72, 0x73, 0x76,
  0x77, 0x79, 0x7b, 0x7d, 0x7e, 0x80, 0x80, 0x82, 0x84, 0x85, 0x88, 0x88,
  0x88, 0x8a, 0x8b, 0x8c, 0x8d, 0x8e, 0x8f, 0x8f, 0x92, 0x94, 0x93, 0x92,
  0x93, 0x94, 0x95, 0x95, 0x95, 0x95, 0x95, 0x95, 0x97, 0x98, 0x97, 0x97,
  0x98, 0x97, 0x96, 0x97, 0x97, 0x95, 0x95, 0x95, 0x94, 0x95, 0x96, 0x94,
  0x94, 0x94, 0x94, 0x93, 0x92, 0x91, 0x90, 0x90, 0x90, 0x8f, 0x8e, 0x8b,
  0x8b, 0x8b, 0x8b, 0x8d, 0x8a, 0x86, 0x86, 0x84, 0x83, 0x84, 0x84, 0x83,
  0x81, 0x80, 0x7e, 0x7d, 0x7c, 0x7c, 0x7e, 0x7b, 0x79, 0x78, 0x76, 0x77,
  0x7a, 0x78, 0x74, 0x73, 0x75, 0x74, 0x72, 0x71, 0x70, 0x71, 0x72, 0x71,
  0x72, 0x70, 0x6b, 0x6b, 0x71, 0x73, 0x73, 0x6f, 0x6d, 0x6d, 0x6c, 0x71,
  0x71, 0x6d, 0x6a, 0x6a, 0x6e, 0x6d, 0x6c, 0x72, 0x6f, 0x67, 0x6e, 0x75,
  0x6b, 0x66, 0x6d, 0x6c, 0x67, 0x6c, 0x75, 0x72, 0x6a, 0x68, 0x6c, 0x77,
  0x82, 0x7d, 0x73, 0x72, 0x75, 0x79, 0x7d, 0x80, 0x7a, 0x7a, 0x85, 0x85,
  0x7f, 0x80, 0x82, 0x81, 0x83, 0x88, 0x87, 0x87, 0x89, 0x89, 0x8a, 0x8a,
  0x8a, 0x8c, 0x8a, 0x87, 0x8d, 0x94, 0x90, 0x8e, 0x91, 0x8d, 0x8f, 0x93,
  0x8f, 0x8b, 0x8c, 0x90, 0x92, 0x92, 0x90, 0x8d, 0x92, 0x96, 0x93, 0x90,
  0x8e, 0x87, 0x88, 0x96, 0x9d, 0x94, 0x8a, 0x87, 0x88, 0x91, 0x98, 0x92,
  0x8a, 0x86, 0x84, 0x89, 0x94, 0x95, 0x85, 0x82, 0x8c, 0x89, 0x83, 0x89,
  0x85, 0x7a, 0x7f, 0x88, 0x86, 0x89, 0x8c, 0x7e, 0x74, 0x7a, 0x82, 0x80,
  0x80, 0x7c, 0x74, 0x77, 0x7d, 0x81, 0x82, 0x77, 0x71, 0x78, 0x7c, 0x7d,
  0x81, 0x75, 0x68, 0x75, 0x7b, 0x74, 0x7e, 0x81, 0x79, 0x75, 0x78, 0x77,
  0x6b, 0x6c, 0x7a, 0x83, 0x7e, 0x71, 0x76, 0x79, 0x75, 0x78, 0x74, 0x77,
  0x78, 0x77, 0x7e, 0x6e, 0x68, 0x7a, 0x85, 0x82, 0x79, 0x7a, 0x6f, 0x66,
  0x7a, 0x7b, 0x78, 0x7e, 0x7a, 0x7f, 0x7f, 0x84, 0x90, 0x7a, 0x5e, 0x74,
  0x95, 0x82, 0x79, 0x87, 0x74, 0x75, 0x99, 0xa0, 0x84, 0x6f, 0x76, 0x7b,
  0x82, 0x9a, 0x99, 0x7a, 0x73, 0x87, 0x8f, 0x96, 0x9c, 0x7e, 0x64, 0x76,
  0x96, 0xa2, 0x9a, 0x88, 0x72, 0x71, 0x8e, 0xa3, 0x91, 0x7c, 0x7e, 0x7b,
  0x86, 0x9f, 0x93, 0x7a, 0x7a, 0x86, 0x92, 0x95, 0x88, 0x78, 0x73, 0x7f,
  0x93, 0x94, 0x8a, 0x85, 0x7a, 0x76, 0x89, 0x90, 0x7c, 0x7d, 0x88, 0x78,
  0x7f, 0x95, 0x7d, 0x6b, 0x89, 0x92, 0x78, 0x77, 0x86, 0x77, 0x6c, 0x85,
  0x95, 0x80, 0x6c, 0x7d, 0x88, 0x6d, 0x77, 0x96, 0x79, 0x61, 0x84, 0x8f,
  0x6e, 0x73, 0x8b, 0x78, 0x6b, 0x80, 0x85, 0x70, 0x74, 0x8b, 0x82, 0x6c,
  0x76, 0x82, 0x78, 0x74, 0x81, 0x82, 0x7e, 0x76, 0x68, 0x71, 0x7e, 0x86,
  0x94, 0x86, 0x66, 0x61, 0x75, 0x86, 0x8c, 0x81, 0x68, 0x74, 0x90, 0x81,
  0x72, 0x7e, 0x7f, 0x6d, 0x77, 0x9a, 0x84, 0x5e, 0x77, 0x93, 0x85, 0x78,
  0x82, 0x84, 0x74, 0x70, 0x82, 0x91, 0x83, 0x74, 0x80, 0x84, 0x7d, 0x84,
  0x88, 0x80, 0x7a, 0x7a, 0x82, 0x8f, 0x89, 0x77, 0x7c, 0x80, 0x81, 0x92,
  0x8a, 0x74, 0x77, 0x7f, 0x7d, 0x8b, 0x9a, 0x81, 0x6c, 0x78, 0x77, 0x81,
  0x94, 0x90, 0x81, 0x6d, 0x6e, 0x7c, 0x84, 0x97, 0x9a, 0x7d, 0x60, 0x67,
  0x78, 0x85, 0xab, 0x9d, 0x5c, 0x5d, 0x83, 0x88, 0x92, 0xa0, 0x79, 0x4a,
  0x6e, 0xa4, 0x95, 0x74, 0x7e, 0x87, 0x73, 0x7e, 0x96, 0x82, 0x6a, 0x75,
  0x88, 0x89, 0x83, 0x80, 0x7c, 0x7d, 0x7d, 0x81, 0x88, 0x7d, 0x76, 0x84,
  0x89, 0x85, 0x77, 0x6e, 0x80, 0x89, 0x7e, 0x8d, 0x95, 0x6c, 0x60, 0x8d,
  0x93, 0x7b, 0x84, 0x7e, 0x73, 0x81, 0x89, 0x8c, 0x7d, 0x6f, 0x82, 0x8d,
  0x79, 0x75, 0x94, 0x8e, 0x69, 0x77, 0x8c, 0x81, 0x7b, 0x87, 0x8e, 0x72,
  0x6b, 0x8c, 0x91, 0x81, 0x78, 0x76, 0x7b, 0x85, 0x8c, 0x84, 0x81, 0x82,
  0x76, 0x74, 0x7f, 0x87, 0x81, 0x7d, 0x85, 0x82, 0x7c, 0x81, 0x7d, 0x7a,
  0x88, 0x8c, 0x7b, 0x71, 0x7b, 0x84, 0x7d, 0x86, 0x94, 0x7e, 0x6d, 0x79,
  0x7d, 0x81, 0x91, 0x8d, 0x73, 0x74, 0x82, 0x85, 0x8b, 0x7e, 0x71, 0x7c,
  0x7a, 0x85, 0xa2, 0x8d, 0x5d, 0x6f, 0x8e, 0x7b, 0x8a, 0xa3, 0x7b, 0x55,
  0x6e, 0x9e, 0x99, 0x79, 0x80, 0x84, 0x66, 0x62, 0x96, 0x9f, 0x77, 0x7f,
  0x87, 0x6a, 0x6e, 0x8e, 0x96, 0x84, 0x76, 0x7c, 0x7c, 0x71, 0x84, 0x9f,
  0x7e, 0x63, 0x81, 0x8d, 0x7f, 0x7f, 0x89, 0x84, 0x71, 0x6f, 0x85, 0x8f,
  0x7e, 0x84, 0x8a, 0x65, 0x73, 0x9e, 0x8c, 0x75, 0x7b, 0x78, 0x6a, 0x86,
  0xa5, 0x88, 0x73, 0x72, 0x6e, 0x80, 0x92, 0x95, 0x80, 0x69, 0x6e, 0x7a,
  0x8b, 0xa1, 0x94, 0x5e, 0x5d, 0x8e, 0x8c, 0x86, 0x97, 0x76, 0x55, 0x7e,
  0xa4, 0x86, 0x74, 0x89, 0x84, 0x6c, 0x6d, 0x95, 0x9b, 0x6d, 0x6c, 0x8c,
  0x87, 0x7c, 0x84, 0x85, 0x79, 0x79, 0x7d, 0x84, 0x8e, 0x7f, 0x75, 0x86,
  0x7e, 0x6d, 0x86, 0x9b, 0x80, 0x6b, 0x7e, 0x83, 0x7e, 0x8a, 0x89, 0x79,
  0x71, 0x86, 0x96, 0x78, 0x67, 0x7a, 0x8c, 0x8a, 0x87, 0x8f, 0x75, 0x5a,
  0x7c, 0x9b, 0x8a, 0x7b, 0x84, 0x7b, 0x66, 0x7d, 0x9e, 0x91, 0x6f, 0x6b,
  0x80, 0x83, 0x89, 0x99, 0x85, 0x5c, 0x64, 0x92, 0x9a, 0x83, 0x7e, 0x7b,
  0x74, 0x82, 0x8c, 0x81, 0x7c, 0x83, 0x82, 0x74, 0x7c, 0x90, 0x85, 0x73,
  0x84, 0x8c, 0x6f, 0x73, 0x95, 0x87, 0x70, 0x84, 0x8c, 0x71, 0x71, 0x8e,
  0x8f, 0x7f, 0x77, 0x7a, 0x80, 0x76, 0x81, 0x93, 0x88, 0x7c, 0x7b, 0x76,
  0x79, 0x93, 0x8c, 0x66, 0x7e, 0x96, 0x76, 0x73, 0x90, 0x8f, 0x70, 0x73,
  0x8a, 0x81, 0x7f, 0x8a, 0x80, 0x6c, 0x76, 0x93, 0x91, 0x7f, 0x76, 0x7b,
  0x7a, 0x72, 0x93, 0xa0, 0x72, 0x66, 0x7f, 0x89, 0x82, 0x80, 0x88, 0x7e,
  0x71, 0x7b, 0x8b, 0x89, 0x79, 0x79, 0x83, 0x85, 0x81, 0x7a, 0x83, 0x86,
  0x73, 0x7e, 0x91, 0x7d, 0x76, 0x84, 0x83, 0x7e, 0x85, 0x82, 0x71, 0x76,
  0x8a, 0x8c, 0x80, 0x78, 0x87, 0x84, 0x6d, 0x81, 0x94, 0x76, 0x69, 0x8f,
  0x8f, 0x6d, 0x82, 0x8d, 0x79, 0x7f, 0x87, 0x7e, 0x70, 0x78, 0x8c, 0x8a,
  0x83, 0x7b, 0x7d, 0x75, 0x75, 0xa0, 0x9a, 0x66, 0x65, 0x7e, 0x88, 0x87,
  0x90, 0x91, 0x6f, 0x5f, 0x7d, 0x97, 0x8e, 0x89, 0x84, 0x65, 0x65, 0x86,
  0x93, 0x8e, 0x86, 0x81, 0x74, 0x6b, 0x84, 0x97, 0x82, 0x73, 0x7d, 0x7c,
  0x79, 0x92, 0x8f, 0x70, 0x79, 0x89, 0x7a, 0x75, 0x83, 0x87, 0x88, 0x87,
  0x74, 0x76, 0x89, 0x81, 0x89, 0x8c, 0x5f, 0x64, 0x9f, 0xa3, 0x7e, 0x6c,
  0x6d, 0x7d, 0x90, 0x8f, 0x83, 0x7a, 0x6e, 0x70, 0x8d, 0x9f, 0x80, 0x64,
  0x7c, 0x93, 0x85, 0x7b, 0x80, 0x73, 0x6c, 0x87, 0x98, 0x8a, 0x78, 0x77,
  0x80, 0x7b, 0x7b, 0x90, 0x8e, 0x71, 0x71, 0x82, 0x82, 0x87, 0x8f, 0x86,
  0x78, 0x70, 0x77, 0x85, 0x89, 0x88, 0x7e, 0x77, 0x7f, 0x80, 0x80, 0x88,
  0x84, 0x7a, 0x75, 0x7e, 0x8c, 0x8d, 0x7d, 0x6a, 0x70, 0x92, 0x99, 0x7f,
  0x77, 0x80, 0x6b, 0x67, 0x9d, 0xa1, 0x71, 0x7c, 0x8e, 0x68, 0x5e, 0x95,
  0xa4, 0x76, 0x70, 0x87, 0x80, 0x75, 0x81, 0x8d, 0x81, 0x77, 0x7c, 0x85,
  0x86, 0x7c, 0x7b, 0x85, 0x80, 0x7d, 0x88, 0x86, 0x78, 0x78, 0x80, 0x7f,
  0x83, 0x89, 0x83, 0x80, 0x7e, 0x7a, 0x7d, 0x81, 0x83, 0x84, 0x7f, 0x80,
  0x87, 0x7b, 0x6d, 0x7d, 0x8f, 0x8b, 0x80, 0x7e, 0x82, 0x76, 0x6a, 0x89,
  0x9f, 0x79, 0x6a, 0x90, 0x8d, 0x66, 0x75, 0x96, 0x86, 0x6f, 0x81, 0x95,
  0x7a, 0x67, 0x7d, 0x86, 0x85, 0x91, 0x8b, 0x72, 0x6d, 0x82, 0x81, 0x7c,
  0x92, 0x90, 0x71, 0x6f, 0x89, 0x8a, 0x76, 0x7a, 0x88, 0x81, 0x78, 0x8c,
  0x94, 0x6d, 0x64, 0x87, 0x91, 0x83, 0x85, 0x8a, 0x72, 0x64, 0x82, 0x94,
  0x87, 0x81, 0x84, 0x75, 0x69, 0x8c, 0x9e, 0x78, 0x67, 0x74, 0x83, 0x92,
  0x94, 0x85, 0x68, 0x63, 0x7f, 0x98, 0x9e, 0x81, 0x65, 0x70, 0x81, 0x89,
  0x8b, 0x8b, 0x7d, 0x70, 0x7e, 0x88, 0x89, 0x82, 0x70, 0x7b, 0x86, 0x7d,
  0x82, 0x8b, 0x83, 0x76, 0x78, 0x83, 0x86, 0x86, 0x78, 0x78, 0x89, 0x83,
  0x77, 0x83, 0x8c, 0x7e, 0x70, 0x7f, 0x8a, 0x7a, 0x79, 0x8a, 0x86, 0x76,
  0x80, 0x8e, 0x7e, 0x72, 0x7f, 0x80, 0x77, 0x87, 0x9b, 0x83, 0x67, 0x77,
  0x85, 0x7c, 0x87, 0x95, 0x7a, 0x66, 0x81, 0x90, 0x85, 0x7d, 0x72, 0x74,
  0x8b, 0x9a, 0x8e, 0x6f, 0x5e, 0x75, 0x93, 0x90, 0x88, 0x88, 0x74, 0x6a,
  0x82, 0x92, 0x82, 0x70, 0x7a, 0x89, 0x88, 0x83, 0x83, 0x81, 0x73, 0x74,
  0x8d, 0x93, 0x7d, 0x6e, 0x7a, 0x8c, 0x89, 0x7c, 0x7d, 0x7e, 0x7b, 0x83,
  0x8b, 0x81, 0x78, 0x84, 0x84, 0x6e, 0x79, 0x93, 0x88, 0x76, 0x7e, 0x84,
  0x75, 0x76, 0x8f, 0x94, 0x7f, 0x72, 0x7f, 0x7f, 0x6d, 0x80, 0x99, 0x82,
  0x6d, 0x89, 0x94, 0x6e, 0x6e, 0x8d, 0x7f, 0x72, 0x8e, 0x96, 0x77, 0x6a,
  0x7b, 0x82, 0x84, 0x91, 0x96, 0x74, 0x56, 0x7d, 0xa7, 0x8a, 0x6d, 0x7b,
  0x7e, 0x78, 0x8e, 0x99, 0x7a, 0x63, 0x74, 0x8a, 0x8b, 0x8b, 0x89, 0x6f,
  0x68, 0x87, 0x9a, 0x8e, 0x7a, 0x6c, 0x67, 0x7b, 0x9d, 0x9f, 0x85, 0x6c,
  0x63, 0x75, 0x91, 0x9f, 0x8c, 0x6e, 0x6a, 0x6f, 0x7d, 0x99, 0x9a, 0x7a,
  0x69, 0x7c, 0x88, 0x86, 0x89, 0x7a, 0x69, 0x76, 0x90, 0x94, 0x87, 0x80,
  0x6c, 0x65, 0x8e, 0xa3, 0x82, 0x6b, 0x7c, 0x81, 0x70, 0x82, 0x9e, 0x8a,
  0x69, 0x78, 0x93, 0x83, 0x70, 0x7d, 0x85, 0x83, 0x88, 0x83, 0x76, 0x71,
  0x81, 0x92, 0x86, 0x71, 0x74, 0x82, 0x84, 0x84, 0x8f, 0x87, 0x6e, 0x71,
  0x84, 0x86, 0x7d, 0x80, 0x87, 0x79, 0x75, 0x8c, 0x93, 0x79, 0x6d, 0x82,
  0x87, 0x7c, 0x86, 0x85, 0x73, 0x79, 0x8e, 0x93, 0x83, 0x75, 0x7b, 0x7e,
  0x72, 0x7d, 0x8f, 0x89, 0x81, 0x7e, 0x7a, 0x7f, 0x85, 0x7b, 0x77, 0x84,
  0x86, 0x7f, 0x7f, 0x7d, 0x78, 0x7f, 0x94, 0x90, 0x77, 0x73, 0x77, 0x77,
  0x85, 0x93, 0x86, 0x6e, 0x78, 0x91, 0x8d, 0x7e, 0x7c, 0x77, 0x6f, 0x81,
  0x96, 0x89, 0x74, 0x79, 0x85, 0x82, 0x82, 0x82, 0x76, 0x71, 0x86, 0x98,
  0x86, 0x70, 0x71, 0x77, 0x7c, 0x89, 0x99, 0x8a, 0x69, 0x71, 0x87, 0x83,
  0x7f, 0x85, 0x83, 0x7e, 0x86, 0x89, 0x7b, 0x6c, 0x72, 0x8a, 0x97, 0x93,
  0x80, 0x66, 0x65, 0x79, 0x8e, 0x98, 0x8c, 0x80, 0x78, 0x73, 0x7c, 0x88,
  0x8b, 0x7e, 0x75, 0x81, 0x88, 0x81, 0x7e, 0x7e, 0x7a, 0x76, 0x81, 0x91,
  0x8c, 0x74, 0x6a, 0x7a, 0x89, 0x89, 0x8d, 0x8c, 0x77, 0x6c, 0x7c, 0x8a,
  0x82, 0x7b, 0x83, 0x7e, 0x79, 0x8b, 0x92, 0x84, 0x77, 0x6f, 0x73, 0x86,
  0x94, 0x89, 0x7b, 0x79, 0x76, 0x7c, 0x8c, 0x90, 0x80, 0x6d, 0x76, 0x85,
  0x83, 0x7f, 0x7f, 0x7a, 0x7a, 0x8c, 0x95, 0x82, 0x71, 0x69, 0x6f, 0x89,
  0x9a, 0x89, 0x78, 0x81, 0x81, 0x75, 0x7c, 0x8a, 0x88, 0x78, 0x77, 0x88,
  0x87, 0x7c, 0x7f, 0x83, 0x7f, 0x82, 0x89, 0x7e, 0x73, 0x79, 0x7f, 0x85,
  0x89, 0x86, 0x7f, 0x79, 0x76, 0x7e, 0x89, 0x86, 0x7f, 0x80, 0x7c, 0x72,
  0x74, 0x85, 0x90, 0x8a, 0x81, 0x77, 0x72, 0x7b, 0x8b, 0x8f, 0x80, 0x73,
  0x78, 0x82, 0x84, 0x8b, 0x85, 0x73, 0x75, 0x83, 0x8e, 0x8d, 0x7e, 0x73,
  0x71, 0x89, 0xa3, 0x94, 0x79, 0x6c, 0x68, 0x78, 0x96, 0xa3, 0x8c, 0x70,
  0x6f, 0x7e, 0x87, 0x87, 0x87, 0x80, 0x74, 0x7e, 0x90, 0x89, 0x7b, 0x7b,
  0x80, 0x82, 0x8b, 0x8f, 0x83, 0x73, 0x72, 0x80, 0x8d, 0x8d, 0x86, 0x7f,
  0x78, 0x74, 0x7f, 0x8a, 0x85, 0x7e, 0x7f, 0x7f, 0x7d, 0x7f, 0x7e, 0x7c,
  0x80, 0x80, 0x82, 0x80, 0x78, 0x77, 0x77, 0x78, 0x7e, 0x82, 0x83, 0x7d,
  0x75, 0x74, 0x79, 0x7d, 0x7e, 0x7a, 0x73, 0x6f, 0x70, 0x76, 0x7e, 0x82,
  0x7c, 0x74, 0x73, 0x73, 0x72, 0x78, 0x78, 0x74, 0x71, 0x74, 0x7b, 0x7c,
  0x7a, 0x77, 0x73, 0x72, 0x73, 0x78, 0x76, 0x75, 0x78, 0x76, 0x77, 0x7a,
  0x77, 0x75, 0x74, 0x76, 0x77, 0x76, 0x7d, 0x82, 0x83, 0x82, 0x82, 0x87,
  0x89, 0x8b, 0x91, 0x91, 0x90, 0x92, 0x99, 0xa0, 0xa1, 0xa2, 0xa3, 0xa4,
  0xa7, 0xa7, 0xa6, 0xa2, 0x9f, 0xa0, 0xa1, 0xa5, 0xa9, 0xaa, 0xa8, 0xa1,
  0x9d, 0x9c, 0x9b, 0x9a, 0x96, 0x92, 0x90, 0x90, 0x92, 0x91, 0x8f, 0x8d,
  0x8a, 0x88, 0x85, 0x81, 0x7f, 0x7c, 0x7c, 0x7c, 0x7d, 0x7f, 0x7e, 0x7d,
  0x7b, 0x78, 0x77, 0x76, 0x74, 0x73, 0x73, 0x74, 0x77, 0x77, 0x75, 0x74,
  0x71, 0x70, 0x6f, 0x6e, 0x6e, 0x6b, 0x6b, 0x6a, 0x69, 0x6a, 0x69, 0x6a,
  0x6b, 0x68, 0x66, 0x62, 0x61, 0x63, 0x65, 0x66, 0x64, 0x63, 0x64, 0x65,
  0x67, 0x65, 0x62, 0x61, 0x62, 0x66, 0x68, 0x66, 0x63, 0x62, 0x64, 0x69,
  0x6b, 0x69, 0x67, 0x65, 0x66, 0x69, 0x6a, 0x6a, 0x6a, 0x67, 0x65, 0x62,
  0x63, 0x6b, 0x76, 0x81, 0x8b, 0x8f, 0x94, 0x99, 0x9a, 0x9c, 0x9c, 0x9f,
  0xa7, 0xac, 0xb2, 0xb6, 0xb9, 0xbf, 0xc3, 0xc6, 0xc5, 0xc0, 0xbc, 0xb6,
  0xae, 0xa7, 0xa1, 0xa2, 0xa5, 0xa7, 0xa8, 0xa5, 0xa1, 0x9e, 0x98, 0x90,
  0x89, 0x84, 0x82, 0x7f, 0x7c, 0x7d, 0x81, 0x85, 0x87, 0x84, 0x81, 0x81,
  0x81, 0x7f, 0x7d, 0x7a, 0x79, 0x7b, 0x7d, 0x7f, 0x80, 0x7f, 0x7f, 0x7e,
  0x7c, 0x7c, 0x7c, 0x79, 0x78, 0x76, 0x74, 0x76, 0x74, 0x73, 0x72, 0x6e,
  0x6e, 0x6c, 0x69, 0x69, 0x67, 0x69, 0x6a, 0x68, 0x67, 0x65, 0x65, 0x66,
  0x66, 0x67, 0x66, 0x65, 0x64, 0x65, 0x68, 0x69, 0x69, 0x67, 0x66, 0x66,
  0x67, 0x67, 0x67, 0x66, 0x66, 0x65, 0x66, 0x68, 0x6b, 0x6b, 0x69, 0x67,
  0x69, 0x6c, 0x6e, 0x6b, 0x68, 0x68, 0x6b, 0x6e, 0x6b, 0x65, 0x63, 0x60,
  0x62, 0x6b, 0x75, 0x86, 0x95, 0x9b, 0xa1, 0xa2, 0xa5, 0xac, 0xac, 0xae,
  0xb2, 0xb4, 0xbc, 0xbf, 0xc0, 0xc3, 0xc2, 0xc4, 0xc5, 0xc2, 0xbe, 0xb5,
  0xa8, 0x9e, 0x98, 0x96, 0x98, 0x98, 0x96, 0x94, 0x90, 0x8f, 0x8f, 0x8b,
  0x87, 0x7f, 0x79, 0x79, 0x7c, 0x81, 0x81, 0x7e, 0x7e, 0x7f, 0x85, 0x8b,
  0x8b, 0x87, 0x82, 0x80, 0x82, 0x85, 0x85, 0x83, 0x7e, 0x7b, 0x7c, 0x80,
  0x82, 0x81, 0x7b, 0x76, 0x74, 0x75, 0x78, 0x76, 0x71, 0x6b, 0x68, 0x69,
  0x6a, 0x6a, 0x67, 0x63, 0x64, 0x65, 0x68, 0x68, 0x66, 0x65, 0x65, 0x67,
  0x68, 0x67, 0x67, 0x67, 0x68, 0x6a, 0x6b, 0x6c, 0x6c, 0x6b, 0x6b, 0x6c,
  0x6d, 0x6c, 0x6a, 0x68, 0x69, 0x6a, 0x6b, 0x6c, 0x6b, 0x6b, 0x6b, 0x6c,
  0x6e, 0x6e, 0x6e, 0x6e, 0x6b, 0x6b, 0x6d, 0x6e, 0x6f, 0x6c, 0x69, 0x68,
  0x65, 0x64, 0x62, 0x66, 0x73, 0x82, 0x93, 0x9e, 0xa4, 0xa9, 0xac, 0xb1,
  0xb6, 0xb9, 0xbd, 0xbe, 0xbe, 0xbe, 0xc0, 0xc4, 0xc5, 0xc3, 0xbf, 0xbd,
  0xbd, 0xb8, 0xac, 0x9c, 0x91, 0x8d, 0x8e, 0x8e, 0x8b, 0x88, 0x87, 0x87,
  0x87, 0x86, 0x84, 0x81, 0x7d, 0x7b, 0x7c, 0x7f, 0x81, 0x81, 0x7f, 0x80,
  0x85, 0x8b, 0x8f, 0x8c, 0x88, 0x89, 0x89, 0x8c, 0x8a, 0x83, 0x7f, 0x7d,
  0x7f, 0x82, 0x80, 0x7d, 0x79, 0x76, 0x78, 0x78, 0x78, 0x73, 0x6d, 0x6b,
  0x6a, 0x6b, 0x6a, 0x65, 0x61, 0x62, 0x65, 0x67, 0x67, 0x65, 0x66, 0x67,
  0x68, 0x6a, 0x69, 0x69, 0x6a, 0x69, 0x6c, 0x6d, 0x6e, 0x6f, 0x6c, 0x6c,
  0x6e, 0x6f, 0x71, 0x6e, 0x6b, 0x6a, 0x6b, 0x6f, 0x6e, 0x6c, 0x6a, 0x6a,
  0x6e, 0x6f, 0x70, 0x6f, 0x6c, 0x6e, 0x6e, 0x70, 0x71, 0x6f, 0x6e, 0x6b,
  0x6c, 0x6e, 0x6d, 0x6b, 0x66, 0x61, 0x60, 0x66, 0x72, 0x83, 0x92, 0x9a,
  0xa1, 0xa7, 0xb0, 0xbc, 0xc0, 0xc1, 0xc0, 0xc1, 0xc5, 0xc5, 0xc3, 0xbf,
  0xbc, 0xbb, 0xba, 0xbb, 0xb9, 0xb2, 0xa8, 0x9a, 0x90, 0x8b, 0x88, 0x86,
  0x81, 0x7d, 0x7c, 0x7d, 0x7f, 0x7f, 0x7f, 0x7e, 0x7d, 0x7e, 0x7f, 0x81,
  0x82, 0x82, 0x82, 0x83, 0x85, 0x89, 0x8c, 0x8e, 0x8f, 0x8f, 0x8e, 0x8d,
  0x8a, 0x89, 0x87, 0x84, 0x81, 0x7d, 0x7a, 0x79, 0x79, 0x78, 0x75, 0x72,
  0x6f, 0x6e, 0x6f, 0x6e, 0x6c, 0x67, 0x63, 0x62, 0x63, 0x65, 0x65, 0x64,
  0x63, 0x63, 0x67, 0x6a, 0x6d, 0x6e, 0x6b, 0x6a, 0x6d, 0x70, 0x74, 0x72,
  0x6e, 0x6d, 0x6f, 0x72, 0x73, 0x71, 0x6f, 0x6d, 0x6d, 0x6e, 0x70, 0x6f,
  0x6d, 0x6b, 0x6a, 0x6c, 0x70, 0x71, 0x6f, 0x6d, 0x6d, 0x71, 0x73, 0x74,
  0x72, 0x71, 0x71, 0x72, 0x73, 0x71, 0x70, 0x6f, 0x6e, 0x6d, 0x6a, 0x68,
  0x65, 0x65, 0x6d, 0x79, 0x8b, 0x98, 0x9f, 0xa6, 0xad, 0xbb, 0xc7, 0xcb,
  0xcc, 0xc7, 0xc8, 0xc8, 0xc5, 0xbf, 0xb5, 0xb0, 0xae, 0xad, 0xae, 0xa8,
  0xa2, 0x98, 0x8f, 0x8b, 0x88, 0x85, 0x80, 0x79, 0x76, 0x75, 0x77, 0x7a,
  0x77, 0x77, 0x79, 0x7c, 0x82, 0x83, 0x84, 0x85, 0x85, 0x88, 0x8b, 0x8d,
  0x8e, 0x8e, 0x8f, 0x90, 0x92, 0x91, 0x8e, 0x89, 0x87, 0x86, 0x84, 0x7f,
  0x7a, 0x76, 0x73, 0x72, 0x70, 0x6d, 0x6b, 0x69, 0x68, 0x68, 0x67, 0x66,
  0x64, 0x62, 0x61, 0x62, 0x64, 0x64, 0x63, 0x64, 0x65, 0x69, 0x6c, 0x6d,
  0x6e, 0x6f, 0x71, 0x73, 0x74, 0x75, 0x74, 0x74, 0x74, 0x73, 0x73, 0x73,
  0x71, 0x70, 0x6f, 0x70, 0x70, 0x70, 0x6f, 0x6e, 0x6f, 0x70, 0x71, 0x71,
  0x71, 0x71, 0x72, 0x73, 0x73, 0x73, 0x73, 0x74, 0x74, 0x73, 0x72, 0x73,
  0x73, 0x72, 0x72, 0x70, 0x70, 0x6f, 0x6d, 0x6a, 0x66, 0x68, 0x6f, 0x79,
  0x85, 0x8e, 0x97, 0xa0, 0xab, 0xb7, 0xc2, 0xc9, 0xcf, 0xd1, 0xd1, 0xcd,
  0xc9, 0xc3, 0xbb, 0xb5, 0xaf, 0xaa, 0xa6, 0xa2, 0x9c, 0x94, 0x8f, 0x8e,
  0x8e, 0x8e, 0x8b, 0x86, 0x82, 0x80, 0x80, 0x7e, 0x7b, 0x79, 0x78, 0x77,
  0x78, 0x78, 0x79, 0x7a, 0x7c, 0x7e, 0x81, 0x84, 0x87, 0x89, 0x8a, 0x8b,
  0x8c, 0x8e, 0x8d, 0x8b, 0x88, 0x84, 0x82, 0x7f, 0x7d, 0x79, 0x76, 0x73,
  0x71, 0x70, 0x6f, 0x6d, 0x6d, 0x6b, 0x6a, 0x6b, 0x6a, 0x69, 0x67, 0x66,
  0x66, 0x65, 0x66, 0x65, 0x65, 0x66, 0x67, 0x69, 0x6a, 0x6c, 0x6f, 0x70,
  0x71, 0x72, 0x73, 0x76, 0x76, 0x75, 0x74, 0x73, 0x74, 0x74, 0x73, 0x72,
  0x70, 0x71, 0x71, 0x72, 0x72, 0x72, 0x72, 0x72, 0x73, 0x74, 0x75, 0x76,
  0x75, 0x75, 0x75, 0x75, 0x76, 0x75, 0x75, 0x73, 0x73, 0x73, 0x72, 0x72,
  0x70, 0x6f, 0x6f, 0x6c, 0x6a, 0x67, 0x67, 0x6d, 0x75, 0x80, 0x88, 0x90,
  0x98, 0xa2, 0xb1, 0xbd, 0xc6, 0xcd, 0xd0, 0xd3, 0xd2, 0xce, 0xc9, 0xc0,
  0xba, 0xb4, 0xaf, 0xaa, 0xa2, 0x9b, 0x93, 0x8f, 0x90, 0x91, 0x91, 0x8f,
  0x8b, 0x89, 0x87, 0x87, 0x84, 0x80, 0x7c, 0x7a, 0x77, 0x74, 0x72, 0x70,
  0x70, 0x71, 0x73, 0x77, 0x79, 0x7c, 0x7f, 0x81, 0x85, 0x89, 0x8b, 0x8b,
  0x89, 0x88, 0x87, 0x85, 0x82, 0x7e, 0x7a, 0x78, 0x77, 0x75, 0x72, 0x70,
  0x6f, 0x71, 0x71, 0x71, 0x6f, 0x6e, 0x6e, 0x6e, 0x6e, 0x6c, 0x6b, 0x6a,
  0x68, 0x68, 0x68, 0x69, 0x69, 0x69, 0x6a, 0x6c, 0x6f, 0x72, 0x72, 0x71,
  0x72, 0x75, 0x77, 0x76, 0x75, 0x73, 0x73, 0x73, 0x73, 0x73, 0x71, 0x71,
  0x71, 0x72, 0x73, 0x74, 0x74, 0x75, 0x75, 0x77, 0x78, 0x79, 0x79, 0x78,
  0x77, 0x77, 0x77, 0x76, 0x75, 0x74, 0x72, 0x71, 0x70, 0x6f, 0x6f, 0x6d,
  0x6b, 0x67, 0x65, 0x65, 0x68, 0x6d, 0x74, 0x7b, 0x83, 0x8c, 0x97, 0xa2,
  0xad, 0xb8, 0xc4, 0xcc, 0xd2, 0xd3, 0xd1, 0xce, 0xc9, 0xc5, 0xbf, 0xb8,
  0xb1, 0xa9, 0xa1, 0x9a, 0x93, 0x91, 0x90, 0x92, 0x92, 0x90, 0x8d, 0x8b,
  0x8b, 0x8a, 0x87, 0x83, 0x7f, 0x7a, 0x76, 0x71, 0x6c, 0x69, 0x68, 0x69,
  0x6a, 0x6b, 0x6d, 0x70, 0x74, 0x78, 0x7c, 0x7f, 0x82, 0x85, 0x86, 0x84,
  0x83, 0x82, 0x82, 0x81, 0x7e, 0x7b, 0x79, 0x78, 0x79, 0x78, 0x78, 0x78,
  0x78, 0x79, 0x79, 0x79, 0x78, 0x77, 0x75, 0x74, 0x73, 0x72, 0x6f, 0x6d,
  0x6c, 0x6b, 0x6b, 0x6c, 0x6d, 0x6d, 0x6c, 0x6e, 0x70, 0x71, 0x73, 0x72,
  0x71, 0x71, 0x72, 0x73, 0x71, 0x70, 0x70, 0x6f, 0x70, 0x71, 0x71, 0x71,
  0x71, 0x73, 0x74, 0x76, 0x77, 0x76, 0x76, 0x77, 0x78, 0x78, 0x76, 0x75,
  0x74, 0x74, 0x74, 0x73, 0x71, 0x6f, 0x6e, 0x6e, 0x6d, 0x6b, 0x68, 0x65,
  0x66, 0x69, 0x6e, 0x74, 0x78, 0x7f, 0x87, 0x91, 0x9d, 0xa8, 0xb1, 0xb9,
  0xbf, 0xc5, 0xc7, 0xc7, 0xc5, 0xc3, 0xc1, 0xbe, 0xbb, 0xb6, 0xaf, 0xab,
  0xa8, 0xa6, 0xa6, 0xa5, 0xa3, 0xa0, 0x9e, 0x9c, 0x98, 0x96, 0x92, 0x8d,
  0x88, 0x82, 0x7e, 0x78, 0x73, 0x70, 0x6d, 0x6c, 0x6c, 0x6c, 0x6c, 0x6c,
  0x6e, 0x71, 0x74, 0x77, 0x78, 0x79, 0x79, 0x7a, 0x7b, 0x7b, 0x7b, 0x7b,
  0x7b, 0x7b, 0x7b, 0x7c, 0x7c, 0x7c, 0x7d, 0x7e, 0x7f, 0x7f, 0x7e, 0x7e,
  0x7d, 0x7b, 0x7b, 0x79, 0x78, 0x75, 0x73, 0x72, 0x70, 0x6f, 0x6f, 0x6d,
  0x6d, 0x6d, 0x6d, 0x6e, 0x6d, 0x6d, 0x6c, 0x6d, 0x6e, 0x6d, 0x6c, 0x6b,
  0x6b, 0x6c, 0x6c, 0x6c, 0x6b, 0x6c, 0x6d, 0x6e, 0x6f, 0x6f, 0x70, 0x71,
  0x72, 0x73, 0x74, 0x74, 0x74, 0x74, 0x75, 0x75, 0x75, 0x74, 0x73, 0x73,
  0x72, 0x72, 0x72, 0x71, 0x6f, 0x6e, 0x6e, 0x6d, 0x6a, 0x67, 0x65, 0x65,
  0x67, 0x6a, 0x6e, 0x71, 0x76, 0x7c, 0x84, 0x8d, 0x95, 0x9d, 0xa5, 0xad,
  0xb3, 0xb6, 0xb9, 0xb9, 0xba, 0xbc, 0xbb, 0xbc, 0xba, 0xb6, 0xb5, 0xb2,
  0xb3, 0xb2, 0xb1, 0xb1, 0xad, 0xac, 0xaa, 0xa7, 0xa5, 0x9f, 0x9c, 0x98,
  0x92, 0x8f, 0x88, 0x83, 0x7f, 0x7b, 0x7a, 0x77, 0x75, 0x73, 0x72, 0x73,
  0x72, 0x73, 0x73, 0x73, 0x75, 0x75, 0x75, 0x74, 0x74, 0x76, 0x76, 0x77,
  0x76, 0x76, 0x78, 0x78, 0x7a, 0x7a, 0x7b, 0x7d, 0x7c, 0x7d, 0x7d, 0x7d,
  0x7d, 0x7c, 0x7b, 0x7a, 0x78, 0x78, 0x76, 0x76, 0x74, 0x73, 0x73, 0x72,
  0x72, 0x71, 0x6f, 0x6f, 0x6f, 0x6f, 0x6e, 0x6c, 0x6c, 0x6b, 0x6b, 0x6a,
  0x69, 0x69, 0x68, 0x69, 0x69, 0x6a, 0x6a, 0x6a, 0x6b, 0x6d, 0x6e, 0x6f,
  0x6f, 0x70, 0x70, 0x71, 0x72, 0x72, 0x72, 0x72, 0x72, 0x73, 0x73, 0x72,
  0x72, 0x71, 0x71, 0x71, 0x70, 0x6e, 0x6e, 0x6c, 0x6a, 0x68, 0x66, 0x66,
  0x68, 0x6a, 0x6c, 0x6f, 0x73, 0x79, 0x7f, 0x86, 0x8c, 0x94, 0x9a, 0xa0,
  0xa5, 0xa8, 0xab, 0xad, 0xb0, 0xb3, 0xb4, 0xb5, 0xb5, 0xb4, 0xb5, 0xb5,
  0xb6, 0xb6, 0xb6, 0xb6, 0xb5, 0xb3, 0xb1, 0xaf, 0xac, 0xa9, 0xa5, 0xa1,
  0x9c, 0x98, 0x94, 0x8f, 0x8c, 0x88, 0x85, 0x82, 0x7f, 0x7d, 0x7b, 0x7a,
  0x79, 0x77, 0x77, 0x75, 0x75, 0x74, 0x73, 0x74, 0x73, 0x74, 0x74, 0x73,
  0x74, 0x74, 0x75, 0x76, 0x76, 0x77, 0x77, 0x78, 0x78, 0x78, 0x78, 0x77,
  0x78, 0x77, 0x76, 0x76, 0x75, 0x75, 0x75, 0x74, 0x74, 0x74, 0x73, 0x73,
  0x72, 0x71, 0x71, 0x70, 0x6f, 0x6e, 0x6d, 0x6c, 0x6c, 0x6b, 0x6b, 0x6a,
  0x69, 0x6a, 0x6a, 0x6a, 0x6a, 0x6a, 0x6b, 0x6b, 0x6c, 0x6d, 0x6d, 0x6e,
  0x6e, 0x6f, 0x70, 0x70, 0x70, 0x70, 0x71, 0x71, 0x71, 0x71, 0x71, 0x71,
  0x71, 0x71, 0x71, 0x71, 0x70, 0x70, 0x6f, 0x6f, 0x6d, 0x6c, 0x6c, 0x6c,
  0x6c, 0x6d, 0x6f, 0x71, 0x74, 0x77, 0x7a, 0x7e, 0x81, 0x85, 0x89, 0x8c,
  0x8f, 0x91, 0x93, 0x95, 0x97, 0x9a, 0x9c, 0x9e, 0xa0, 0xa1, 0xa3, 0xa5,
  0xa6, 0xa8, 0xa9, 0xaa, 0xaa, 0xaa, 0xaa, 0xa9, 0xa9, 0xa8, 0xa7, 0xa6,
  0xa4, 0xa3, 0xa1, 0x9f, 0x9e, 0x9c, 0x9b, 0x99, 0x98, 0x96, 0x95, 0x93,
  0x92, 0x91, 0x8f, 0x8e, 0x8d, 0x8c, 0x8b, 0x8a, 0x89, 0x88, 0x87, 0x86,
  0x85, 0x84, 0x83, 0x82, 0x81, 0x80, 0x7f, 0x7e, 0x7d, 0x7c, 0x7b, 0x7a,
  0x79, 0x78, 0x77, 0x76, 0x75, 0x75, 0x74, 0x73, 0x73, 0x72, 0x71, 0x70,
  0x70, 0x6f, 0x6e, 0x6e, 0x6e, 0x6d, 0x6d, 0x6d, 0x6c, 0x6c, 0x6c, 0x6c,
  0x6c, 0x6c, 0x6c, 0x6c, 0x6c, 0x6c, 0x6d, 0x6d, 0x6d, 0x6d, 0x6e, 0x6e,
  0x6e, 0x6f, 0x6f, 0x6f, 0x6f, 0x70, 0x70, 0x70, 0x70, 0x71, 0x71, 0x71,
  0x71, 0x71, 0x72, 0x72, 0x72, 0x72, 0x72, 0x72, 0x72, 0x72, 0x73, 0x73,
  0x73, 0x74, 0x74, 0x75, 0x76, 0x77, 0x78, 0x79, 0x7a, 0x7b, 0x7c, 0x7d,
  0x7e, 0x7e, 0x80, 0x81, 0x82, 0x83, 0x85, 0x86, 0x87, 0x89, 0x8a, 0x8b,
  0x8d, 0x8e, 0x8f, 0x90, 0x91, 0x91, 0x92, 0x93, 0x94, 0x95, 0x95, 0x96,
  0x96, 0x97, 0x97, 0x97, 0x98, 0x98, 0x98, 0x98, 0x98, 0x98, 0x98, 0x98,
  0x97, 0x97, 0x97, 0x97, 0x96, 0x96, 0x95, 0x95, 0x94, 0x93, 0x93, 0x92,
  0x91, 0x90, 0x90, 0x8f, 0x8e, 0x8d, 0x8c, 0x8b, 0x8a, 0x89, 0x88, 0x87,
  0x86, 0x85, 0x84, 0x83, 0x82, 0x81, 0x80, 0x7f, 0x7e, 0x7e, 0x7d, 0x7c,
  0x7b, 0x7a, 0x79, 0x79, 0x78, 0x77, 0x77, 0x76, 0x75, 0x75, 0x74, 0x74,
  0x74, 0x73, 0x73, 0x73, 0x72, 0x72, 0x72, 0x72, 0x72, 0x71, 0x71, 0x71,
  0x71, 0x71, 0x71, 0x71, 0x71, 0x71, 0x71, 0x71, 0x72, 0x72, 0x72, 0x72,
  0x72, 0x72, 0x72, 0x72, 0x72, 0x73, 0x73, 0x73, 0x73, 0x73, 0x73, 0x73,
  0x74, 0x74, 0x74, 0x74, 0x74, 0x74, 0x75, 0x75, 0x75, 0x75, 0x76, 0x76,
  0x76, 0x77, 0x77, 0x77, 0x78, 0x78, 0x79, 0x79, 0x79, 0x7a, 0x7b, 0x7b,
  0x7c, 0x7c, 0x7d, 0x7e, 0x7e, 0x7f, 0x80, 0x80, 0x81, 0x82, 0x82, 0x83,
  0x84, 0x84, 0x85, 0x86, 0x87, 0x87, 0x88, 0x88, 0x89, 0x8a, 0x8a, 0x8b,
  0x8b, 0x8c, 0x8c, 0x8d, 0x8d, 0x8e, 0x8e, 0x8f, 0x8f, 0x8f, 0x90, 0x90,
  0x90, 0x90, 0x91, 0x91, 0x91, 0x91, 0x91, 0x91, 0x91, 0x91, 0x90, 0x90,
  0x90, 0x90, 0x8f, 0x8f, 0x8e, 0x8e, 0x8e, 0x8d, 0x8d, 0x8c, 0x8c, 0x8b,
  0x8b, 0x8a, 0x89, 0x89, 0x88, 0x87, 0x87, 0x86, 0x85, 0x85, 0x84, 0x83,
  0x83, 0x82, 0x81, 0x81, 0x80, 0x80, 0x7f, 0x7e, 0x7e, 0x7d, 0x7d, 0x7c,
  0x7c, 0x7c, 0x7b, 0x7b, 0x7a, 0x7a, 0x7a, 0x7a, 0x79, 0x79, 0x79, 0x79,
  0x79, 0x78, 0x78, 0x78, 0x78, 0x78, 0x78, 0x78, 0x78, 0x78, 0x78, 0x78,
  0x78, 0x78, 0x78, 0x78, 0x78, 0x78, 0x78, 0x78, 0x78, 0x78, 0x78, 0x78,
  0x78, 0x78, 0x78, 0x78, 0x79, 0x79, 0x79, 0x79, 0x79, 0x79, 0x79, 0x79,
  0x79, 0x79, 0x79, 0x79, 0x79, 0x7a, 0x7a, 0x7a, 0x7a, 0x7a, 0x7a, 0x7a,
  0x7b, 0x7b, 0x7b, 0x7b, 0x7b, 0x7b, 0x7c, 0x7c, 0x7c, 0x7c, 0x7c, 0x7d,
  0x7d, 0x7d, 0x7d, 0x7e, 0x7e, 0x7e, 0x7f, 0x7f, 0x7f, 0x7f, 0x80, 0x80,
  0x80, 0x81, 0x81, 0x81, 0x82, 0x82, 0x82, 0x82, 0x83, 0x83, 0x83, 0x84,
  0x84, 0x84, 0x85, 0x85, 0x85, 0x85, 0x86, 0x86, 0x86, 0x86, 0x87, 0x87,
  0x87, 0x87, 0x87, 0x88, 0x88, 0x88, 0x88, 0x88, 0x88, 0x88, 0x88, 0x88,
  0x88, 0x88, 0x87, 0x87, 0x87, 0x87, 0x87, 0x87, 0x87, 0x86, 0x86, 0x86,
  0x86, 0x85, 0x85, 0x85, 0x85, 0x84, 0x84, 0x84, 0x84, 0x83, 0x83, 0x83,
  0x83, 0x82, 0x82, 0x82, 0x82, 0x81, 0x81, 0x81, 0x81, 0x80, 0x80, 0x80,
  0x80, 0x7f, 0x7f, 0x7f, 0x7f, 0x7f, 0x7e, 0x7e, 0x7e, 0x7e, 0x7e, 0x7e,
  0x7d, 0x7d, 0x7d, 0x7d, 0x7d, 0x7d, 0x7d, 0x7d, 0x7c, 0x7c, 0x7c, 0x7c,
  0x7c, 0x7c, 0x7c, 0x7c, 0x7c, 0x7c, 0x7c, 0x7c, 0x7c, 0x7c, 0x7c, 0x7c,
  0x7c, 0x7c, 0x7c, 0x7c, 0x7c, 0x7c, 0x7c, 0x7c, 0x7d, 0x7d, 0x7d, 0x7d,
  0x7d, 0x7d, 0x7d, 0x7d, 0x7d, 0x7d, 0x7d, 0x7d, 0x7d, 0x7d, 0x7d, 0x7d,
  0x7d, 0x7d, 0x7d, 0x7d, 0x7e, 0x7e, 0x7e, 0x7e, 0x7e, 0x7e, 0x7e, 0x7e,
  0x7e, 0x7e, 0x7f, 0x7f, 0x7f, 0x7f, 0x7f, 0x7f, 0x7f, 0x7f, 0x7f, 0x80,
  0x80, 0x80, 0x80, 0x80, 0x80, 0x81, 0x81, 0x81, 0x81, 0x81, 0x81, 0x81,
  0x82, 0x82, 0x82, 0x82, 0x82, 0x82, 0x83, 0x83, 0x83, 0x83, 0x83, 0x83,
  0x83, 0x83, 0x83, 0x84, 0x84, 0x84, 0x84, 0x84, 0x84, 0x84, 0x84, 0x84,
  0x84, 0x84, 0x84, 0x84, 0x84, 0x84, 0x84, 0x84, 0x84, 0x84, 0x84, 0x84,
  0x84, 0x84, 0x83, 0x83, 0x83, 0x83, 0x83, 0x83, 0x83, 0x82, 0x83, 0x82,
  0x82, 0x82, 0x82, 0x81, 0x82, 0x82, 0x83, 0x81, 0x80, 0x80, 0x80, 0x81,
  0x83, 0x80, 0x7d, 0x7e, 0x80, 0x80, 0x81, 0x82, 0x7f, 0x7e, 0x80, 0x7f,
  0x7e, 0x7e, 0x81, 0x7f, 0x7c, 0x7d, 0x81, 0x80, 0x7d, 0x7e, 0x7c, 0x7a,
  0x7f, 0x84, 0x7c, 0x77, 0x7f, 0x88, 0x86, 0x7e, 0x7a, 0x76, 0x74, 0x7e,
  0x84, 0x7b, 0x72, 0x78, 0x7d, 0x77, 0x7e, 0x82, 0x7b, 0x7c, 0x7f, 0x7c,
  0x77, 0x7f, 0x89, 0x7b, 0x76, 0x7d, 0x82, 0x80, 0x7b, 0x7c, 0x72, 0x6f,
  0x82, 0x85, 0x7d, 0x77, 0x7c, 0x7f, 0x79, 0x80, 0x84, 0x7d, 0x7b, 0x7e,
  0x7e, 0x78, 0x84, 0x8c, 0x78, 0x7b, 0x83, 0x77, 0x73, 0x81, 0x8e, 0x7b,
  0x72, 0x86, 0x84, 0x7e, 0x84, 0x82, 0x75, 0x76, 0x91, 0x8e, 0x74, 0x74,
  0x7c, 0x7f, 0x80, 0x89, 0x89, 0x72, 0x72, 0x8f, 0x97, 0x80, 0x75, 0x7b,
  0x78, 0x81, 0x90, 0x88, 0x76, 0x80, 0x92, 0x82, 0x75, 0x80, 0x84, 0x78,
  0x75, 0x8c, 0x89, 0x7b, 0x8a, 0x89, 0x7e, 0x79, 0x7d, 0x82, 0x7b, 0x83,
  0x7f, 0x79, 0x89, 0x81, 0x7b, 0x82, 0x82, 0x7d, 0x7a, 0x83, 0x7b, 0x7c,
  0x88, 0x83, 0x85, 0x80, 0x7f, 0x7a, 0x70, 0x81, 0x8b, 0x84, 0x72, 0x70,
  0x89, 0x8d, 0x8c, 0x7b, 0x6d, 0x76, 0x76, 0x8f, 0x9b, 0x7e, 0x64, 0x6e,
  0x94, 0x8c, 0x80, 0x8e, 0x73, 0x60, 0x80, 0xa2, 0x8b, 0x67, 0x7f, 0x87,
  0x79, 0x8c, 0x8f, 0x75, 0x6a, 0x87, 0x9a, 0x7c, 0x7c, 0x94, 0x7d, 0x68,
  0x80, 0x90, 0x82, 0x7d, 0x8a, 0x7e, 0x6d, 0x83, 0x8f, 0x7d, 0x73, 0x84,
  0x8c, 0x74, 0x7a, 0x8e, 0x80, 0x7b, 0x82, 0x85, 0x80, 0x7b, 0x80, 0x7c,
  0x7a, 0x86, 0x8d, 0x82, 0x7c, 0x83, 0x73, 0x70, 0x93, 0x8d, 0x6e, 0x75,
  0x88, 0x81, 0x80, 0x89, 0x77, 0x69, 0x80, 0x98, 0x86, 0x6e, 0x7d, 0x7e,
  0x71, 0x86, 0x9a, 0x8b, 0x65, 0x69, 0x95, 0x8e, 0x73, 0x82, 0x86, 0x6e,
  0x77, 0x92, 0x88, 0x78, 0x77, 0x77, 0x7f, 0x87, 0x83, 0x7c, 0x72, 0x6d,
  0x7b, 0x88, 0x80, 0x74, 0x74, 0x7e, 0x7d, 0x70, 0x78, 0x7c, 0x6d, 0x71,
  0x7f, 0x7b, 0x70, 0x75, 0x7a, 0x74, 0x74, 0x72, 0x70, 0x72, 0x6f, 0x78,
  0x78, 0x6e, 0x77, 0x76, 0x6d, 0x71, 0x7a, 0x77, 0x66, 0x6d, 0x7c, 0x79,
  0x77, 0x72, 0x6d, 0x69, 0x71, 0x83, 0x77, 0x6b, 0x71, 0x7c, 0x8d, 0x89,
  0x78, 0x74, 0x75, 0x7d, 0x87, 0x93, 0x92, 0x80, 0x80, 0x94, 0x9e, 0x97,
  0x90, 0x8f, 0x8f, 0x95, 0x9f, 0xa2, 0x9e, 0x9a, 0x9c, 0xa6, 0xb0, 0xab,
  0x9a, 0x97, 0x9e, 0xa5, 0xad, 0xb3, 0xad, 0xa0, 0xa3, 0xae, 0xac, 0xa2,
  0x9f, 0xa1, 0xa1, 0xa5, 0xac, 0xa4, 0x9a, 0x99, 0x9a, 0x9b, 0x9b, 0x95,
  0x8e, 0x8b, 0x8c, 0x8d, 0x8f, 0x8d, 0x85, 0x7f, 0x7d, 0x7f, 0x7f, 0x7b,
  0x77, 0x72, 0x75, 0x7a, 0x76, 0x71, 0x6b, 0x66, 0x69, 0x71, 0x70, 0x6b,
  0x68, 0x64, 0x63, 0x68, 0x6a, 0x67, 0x66, 0x66, 0x68, 0x69, 0x65, 0x63,
  0x63, 0x65, 0x69, 0x6c, 0x6d, 0x6a, 0x65, 0x64, 0x65, 0x69, 0x6c, 0x6c,
  0x6c, 0x6b, 0x6b, 0x6c, 0x6c, 0x6b, 0x69, 0x6a, 0x6d, 0x71, 0x71, 0x6d,
  0x6a, 0x6a, 0x6c, 0x70, 0x71, 0x6e, 0x6b, 0x6c, 0x6f, 0x71, 0x6e, 0x6c,
  0x6b, 0x6c, 0x6e, 0x6f, 0x6f, 0x6d, 0x68, 0x65, 0x66, 0x69, 0x6e, 0x78,
  0x7f, 0x79, 0x72, 0x70, 0x73, 0x7a, 0x7d, 0x7e, 0x81, 0x87, 0x92, 0x97,
  0x93, 0x8c, 0x8b, 0x92, 0x9e, 0xa6, 0xa6, 0xa3, 0xa3, 0xa5, 0xac, 0xb3,
  0xb6, 0xb6, 0xb4, 0xb3, 0xb4, 0xb8, 0xb9, 0xb9, 0xba, 0xbb, 0xbd, 0xbd,
  0xba, 0xb5, 0xb0, 0xae, 0xaf, 0xb0, 0xaf, 0xac, 0xa6, 0x9f, 0x9b, 0x99,
  0x96, 0x94, 0x8f, 0x8a, 0x85, 0x80, 0x7e, 0x7b, 0x78, 0x75, 0x72, 0x70,
  0x6c, 0x69, 0x66, 0x64, 0x63, 0x63, 0x63, 0x62, 0x60, 0x5f, 0x5e, 0x5e,
  0x5f, 0x61, 0x62, 0x61, 0x61, 0x62, 0x64, 0x67, 0x69, 0x69, 0x69, 0x6b,
  0x6e, 0x70, 0x70, 0x70, 0x71, 0x73, 0x75, 0x75, 0x75, 0x75, 0x77, 0x78,
  0x77, 0x77, 0x76, 0x77, 0x78, 0x77, 0x76, 0x75, 0x75, 0x75, 0x75, 0x74,
  0x73, 0x71, 0x70, 0x71, 0x70, 0x71, 0x70, 0x6d, 0x6c, 0x6c, 0x6e, 0x6e,
  0x6c, 0x6b, 0x69, 0x69, 0x6b, 0x6d, 0x6b, 0x67, 0x66, 0x66, 0x69, 0x6b,
  0x67, 0x64, 0x63, 0x63, 0x63, 0x61, 0x64, 0x6f, 0x78, 0x7d, 0x79, 0x72,
  0x72, 0x77, 0x7e, 0x81, 0x85, 0x8d, 0x98, 0x9e, 0x9f, 0x9b, 0x9a, 0x9f,
  0xa7, 0xaf, 0xb3, 0xb4, 0xb4, 0xb4, 0xb6, 0xbb, 0xc0, 0xc4, 0xc3, 0xc1,
  0xbe, 0xbc, 0xbc, 0xbb, 0xba, 0xbb, 0xbb, 0xb9, 0xb3, 0xae, 0xa9, 0xa5,
  0xa0, 0x9c, 0x9a, 0x98, 0x94, 0x8d, 0x84, 0x7f, 0x7e, 0x7d, 0x7a, 0x74,
  0x6d, 0x68, 0x66, 0x67, 0x66, 0x64, 0x61, 0x60, 0x60, 0x5f, 0x5f, 0x5e,
  0x5c, 0x5d, 0x5e, 0x61, 0x65, 0x65, 0x65, 0x64, 0x65, 0x69, 0x6e, 0x70,
  0x70, 0x6e, 0x6e, 0x72, 0x77, 0x7b, 0x79, 0x77, 0x76, 0x7a, 0x7e, 0x7e,
  0x7c, 0x79, 0x79, 0x7c, 0x7e, 0x7d, 0x7b, 0x79, 0x78, 0x78, 0x79, 0x79,
  0x78, 0x76, 0x74, 0x73, 0x73, 0x76, 0x75, 0x73, 0x70, 0x6f, 0x71, 0x73,
  0x72, 0x70, 0x6e, 0x70, 0x70, 0x71, 0x6f, 0x6f, 0x70, 0x6f, 0x6f, 0x6d,
  0x6c, 0x6f, 0x6e, 0x6d, 0x6b, 0x69, 0x6b, 0x6c, 0x6b, 0x69, 0x67, 0x66,
  0x64, 0x63, 0x62, 0x66, 0x6e, 0x76, 0x7d, 0x7f, 0x7c, 0x7b, 0x7a, 0x7d,
  0x83, 0x8b, 0x93, 0x9a, 0xa1, 0xa5, 0xa7, 0xa6, 0xa7, 0xac, 0xb4, 0xbb,
  0xbd, 0xba, 0xba, 0xbb, 0xbf, 0xc3, 0xc4, 0xc6, 0xc5, 0xc1, 0xbc, 0xb7,
  0xb6, 0xb5, 0xb2, 0xaf, 0xad, 0xac, 0xa8, 0xa0, 0x95, 0x8f, 0x8e, 0x8e,
  0x8a, 0x81, 0x79, 0x77, 0x76, 0x74, 0x6e, 0x68, 0x66, 0x65, 0x64, 0x5f,
  0x5b, 0x5a, 0x5c, 0x5f, 0x61, 0x5f, 0x5e, 0x5f, 0x60, 0x62, 0x63, 0x65,
  0x67, 0x69, 0x6a, 0x6d, 0x6f, 0x71, 0x73, 0x74, 0x76, 0x78, 0x79, 0x7a,
  0x7b, 0x7c, 0x7d, 0x7e, 0x80, 0x81, 0x81, 0x80, 0x7e, 0x7f, 0x80, 0x7f,
  0x7e, 0x7c, 0x7b, 0x7d, 0x7c, 0x7b, 0x79, 0x77, 0x77, 0x78, 0x77, 0x75,
  0x73, 0x73, 0x74, 0x76, 0x75, 0x72, 0x70, 0x71, 0x74, 0x75, 0x73, 0x70,
  0x70, 0x72, 0x75, 0x74, 0x72, 0x71, 0x70, 0x72, 0x73, 0x72, 0x71, 0x6f,
  0x6f, 0x6f, 0x70, 0x71, 0x6f, 0x6d, 0x6b, 0x6a, 0x6c, 0x6c, 0x6b, 0x67,
  0x62, 0x61, 0x63, 0x6a, 0x73, 0x79, 0x7e, 0x7e, 0x7f, 0x80, 0x80, 0x83,
  0x87, 0x8f, 0x99, 0xa2, 0xa8, 0xab, 0xac, 0xae, 0xaf, 0xb4, 0xba, 0xc0,
  0xc2, 0xc0, 0xbc, 0xbb, 0xbe, 0xc4, 0xc6, 0xc4, 0xc0, 0xba, 0xb6, 0xb4,
  0xb0, 0xac, 0xa8, 0xa5, 0xa4, 0xa3, 0x9e, 0x95, 0x8c, 0x86, 0x83, 0x82,
  0x7f, 0x79, 0x73, 0x6d, 0x6b, 0x69, 0x69, 0x67, 0x62, 0x5e, 0x5c, 0x5c,
  0x5d, 0x5e, 0x5e, 0x5e, 0x60, 0x62, 0x65, 0x66, 0x65, 0x65, 0x67, 0x6c,
  0x70, 0x70, 0x71, 0x72, 0x75, 0x79, 0x7b, 0x7c, 0x7c, 0x7d, 0x80, 0x80,
  0x81, 0x81, 0x81, 0x83, 0x83, 0x84, 0x84, 0x82, 0x82, 0x80, 0x80, 0x81,
  0x7f, 0x7d, 0x7b, 0x7b, 0x7c, 0x7b, 0x78, 0x77, 0x76, 0x77, 0x77, 0x74,
  0x73, 0x73, 0x74, 0x75, 0x73, 0x73, 0x73, 0x73, 0x74, 0x73, 0x74, 0x74,
  0x74, 0x75, 0x74, 0x74, 0x75, 0x75, 0x75, 0x74, 0x73, 0x74, 0x73, 0x74,
  0x72, 0x71, 0x70, 0x6f, 0x70, 0x6f, 0x6e, 0x6c, 0x6a, 0x6a, 0x6a, 0x69,
  0x68, 0x64, 0x61, 0x60, 0x63, 0x6b, 0x74, 0x7e, 0x81, 0x81, 0x80, 0x81,
  0x85, 0x8a, 0x8e, 0x94, 0x9d, 0xa8, 0xb0, 0xb1, 0xaf, 0xaf, 0xb4, 0xbc,
  0xc1, 0xc2, 0xc0, 0xbf, 0xbe, 0xbd, 0xbf, 0xc1, 0xc4, 0xc2, 0xbb, 0xb5,
  0xb0, 0xae, 0xab, 0xa4, 0x9e, 0x9c, 0x9c, 0x9a, 0x94, 0x8a, 0x82, 0x7e,
  0x7d, 0x7b, 0x76, 0x70, 0x6a, 0x67, 0x67, 0x66, 0x64, 0x61, 0x5e, 0x5d,
  0x5d, 0x5d, 0x5d, 0x5d, 0x5e, 0x60, 0x63, 0x67, 0x69, 0x69, 0x69, 0x6a,
  0x6d, 0x72, 0x75, 0x75, 0x75, 0x76, 0x7a, 0x7f, 0x81, 0x80, 0x7f, 0x7f,
  0x83, 0x85, 0x85, 0x83, 0x81, 0x83, 0x85, 0x86, 0x85, 0x81, 0x7f, 0x80,
  0x80, 0x81, 0x7e, 0x7b, 0x7a, 0x79, 0x7a, 0x7a, 0x77, 0x76, 0x74, 0x75,
  0x75, 0x74, 0x73, 0x72, 0x72, 0x73, 0x74, 0x74, 0x73, 0x73, 0x73, 0x74,
  0x75, 0x75, 0x75, 0x74, 0x74, 0x75, 0x76, 0x76, 0x74, 0x73, 0x74, 0x74,
  0x74, 0x73, 0x71, 0x71, 0x70, 0x70, 0x6f, 0x6e, 0x6d, 0x6c, 0x6b, 0x6a,
  0x69, 0x68, 0x68, 0x67, 0x64, 0x62, 0x60, 0x63, 0x6c, 0x75, 0x7f, 0x83,
  0x84, 0x85, 0x86, 0x89, 0x8d, 0x91, 0x99, 0xa2, 0xac, 0xb2, 0xb4, 0xb4,
  0xb4, 0xb9, 0xbd, 0xc1, 0xc3, 0xc1, 0xbf, 0xbc, 0xba, 0xbb, 0xbc, 0xbe,
  0xbb, 0xb7, 0xb2, 0xac, 0xa8, 0xa3, 0x9d, 0x99, 0x96, 0x95, 0x91, 0x8c,
  0x85, 0x7d, 0x78, 0x75, 0x73, 0x70, 0x6b, 0x65, 0x62, 0x61, 0x61, 0x5f,
  0x5d, 0x5b, 0x5b, 0x5b, 0x5b, 0x5c, 0x5d, 0x5f, 0x61, 0x63, 0x67, 0x6a,
  0x6c, 0x6c, 0x6e, 0x70, 0x74, 0x77, 0x78, 0x78, 0x7a, 0x7d, 0x81, 0x82,
  0x82, 0x83, 0x83, 0x85, 0x85, 0x84, 0x84, 0x84, 0x84, 0x84, 0x84, 0x83,
  0x82, 0x81, 0x7f, 0x7e, 0x7d, 0x7c, 0x7b, 0x7a, 0x78, 0x77, 0x77, 0x76,
  0x75, 0x75, 0x74, 0x73, 0x73, 0x73, 0x74, 0x73, 0x72, 0x73, 0x74, 0x75,
  0x75, 0x74, 0x74, 0x75, 0x77, 0x77, 0x76, 0x76, 0x76, 0x78, 0x78, 0x77,
  0x77, 0x76, 0x76, 0x76, 0x75, 0x75, 0x74, 0x74, 0x73, 0x72, 0x72, 0x71,
  0x71, 0x70, 0x6e, 0x6d, 0x6c, 0x6d, 0x6c, 0x6c, 0x69, 0x66, 0x65, 0x65,
  0x6a, 0x72, 0x7a, 0x84, 0x89, 0x8a, 0x8c, 0x8d, 0x90, 0x93, 0x97, 0x9e,
  0xa7, 0xaf, 0xb5, 0xb6, 0xb7, 0xb8, 0xbb, 0xbf, 0xc2, 0xc4, 0xc2, 0xbd,
  0xb9, 0xb7, 0xb8, 0xb9, 0xb9, 0xb4, 0xaf, 0xad, 0xa9, 0xa5, 0x9b, 0x91,
  0x8e, 0x8d, 0x8d, 0x89, 0x80, 0x79, 0x72, 0x70, 0x6e, 0x6a, 0x67, 0x61,
  0x5f, 0x5e, 0x5b, 0x5c, 0x5a, 0x59, 0x58, 0x57, 0x5a, 0x5c, 0x5d, 0x5e,
  0x5f, 0x62, 0x67, 0x6b, 0x6e, 0x6e, 0x70, 0x72, 0x76, 0x79, 0x79, 0x7b,
  0x7d, 0x7f, 0x82, 0x81, 0x83, 0x85, 0x85, 0x86, 0x84, 0x84, 0x85, 0x84,
  0x84, 0x82, 0x81, 0x82, 0x81, 0x80, 0x7e, 0x7c, 0x7c, 0x7b, 0x7a, 0x78,
  0x77, 0x76, 0x75, 0x75, 0x75, 0x74, 0x74, 0x72, 0x73, 0x74, 0x75, 0x75,
  0x73, 0x74, 0x76, 0x77, 0x79, 0x78, 0x76, 0x78, 0x7a, 0x7b, 0x7b, 0x7a,
  0x7a, 0x7b, 0x7c, 0x7d, 0x7c, 0x7b, 0x7a, 0x7a, 0x7a, 0x7a, 0x79, 0x78,
  0x76, 0x76, 0x76, 0x76, 0x74, 0x73, 0x72, 0x72, 0x72, 0x71, 0x6f, 0x6e,
  0x6e, 0x6e, 0x6e, 0x6c, 0x6a, 0x6a, 0x68, 0x6b, 0x73, 0x7b, 0x87, 0x8d,
  0x90, 0x94, 0x96, 0x9a, 0x9b, 0x9c, 0xa1, 0xa9, 0xb3, 0xb9, 0xbb, 0xbc,
  0xbc, 0xbf, 0xc3, 0xc6, 0xc7, 0xc4, 0xbf, 0xb8, 0xb4, 0xb1, 0xae, 0xad,
  0xaa, 0xa9, 0xa9, 0xa4, 0x9e, 0x94, 0x8c, 0x86, 0x82, 0x7f, 0x7c, 0x77,
  0x72, 0x6b, 0x66, 0x64, 0x63, 0x61, 0x5e, 0x5b, 0x5a, 0x5b, 0x5b, 0x59,
  0x57, 0x57, 0x59, 0x5d, 0x60, 0x61, 0x62, 0x64, 0x68, 0x6c, 0x6e, 0x71,
  0x73, 0x76, 0x7a, 0x7b, 0x7d, 0x7d, 0x7e, 0x82, 0x82, 0x84, 0x85, 0x86,
  0x87, 0x88, 0x87, 0x87, 0x86, 0x86, 0x85, 0x84, 0x82, 0x81, 0x81, 0x7f,
  0x7d, 0x7c, 0x7b, 0x7b, 0x7a, 0x78, 0x76, 0x76, 0x76, 0x74, 0x73, 0x72,
  0x72, 0x74, 0x74, 0x73, 0x73, 0x74, 0x75, 0x78, 0x77, 0x77, 0x78, 0x79,
  0x7b, 0x7c, 0x7b, 0x7c, 0x7c, 0x7e, 0x7e, 0x7e, 0x7e, 0x7e, 0x7f, 0x7f,
  0x7e, 0x7e, 0x7d, 0x7d, 0x7c, 0x7c, 0x7b, 0x7a, 0x7a, 0x78, 0x77, 0x77,
  0x76, 0x76, 0x74, 0x72, 0x71, 0x72, 0x72, 0x71, 0x70, 0x6d, 0x6d, 0x6f,
  0x6e, 0x6f, 0x6d, 0x6a, 0x6a, 0x6a, 0x6c, 0x70, 0x75, 0x7d, 0x85, 0x8d,
  0x94, 0x98, 0x9b, 0x9d, 0x9f, 0xa4, 0xa9, 0xae, 0xb2, 0xb4, 0xb6, 0xb8,
  0xba, 0xbd, 0xbf, 0xc1, 0xc2, 0xc1, 0xbe, 0xba, 0xb5, 0xb1, 0xae, 0xac,
  0xaa, 0xa8, 0xa5, 0xa0, 0x9b, 0x96, 0x91, 0x8c, 0x89, 0x84, 0x80, 0x7c,
  0x76, 0x71, 0x6d, 0x69, 0x66, 0x64, 0x62, 0x61, 0x60, 0x5f, 0x5e, 0x5c,
  0x5b, 0x5d, 0x5d, 0x5f, 0x5f, 0x60, 0x63, 0x65, 0x67, 0x6a, 0x6b, 0x6e,
  0x72, 0x74, 0x75, 0x77, 0x78, 0x79, 0x7a, 0x7b, 0x7c, 0x7e, 0x7f, 0x7f,
  0x80, 0x81, 0x81, 0x82, 0x81, 0x81, 0x80, 0x7f, 0x7f, 0x7d, 0x7d, 0x7b,
  0x7a, 0x7a, 0x78, 0x78, 0x77, 0x75, 0x76, 0x74, 0x74, 0x74, 0x73, 0x73,
  0x73, 0x73, 0x74, 0x74, 0x75, 0x75, 0x77, 0x77, 0x78, 0x79, 0x79, 0x7b,
  0x7b, 0x7b, 0x7c, 0x7d, 0x7e, 0x7f, 0x7f, 0x7f, 0x7f, 0x7f, 0x7f, 0x80,
  0x7f, 0x7e, 0x7e, 0x7e, 0x7c, 0x7d, 0x7c, 0x7b, 0x7b, 0x79, 0x78, 0x79,
  0x77, 0x76, 0x76, 0x74, 0x73, 0x74, 0x73, 0x72, 0x72, 0x71, 0x71, 0x73,
  0x71, 0x71, 0x72, 0x72, 0x72, 0x73, 0x72, 0x73, 0x73, 0x72, 0x72, 0x74,
  0x79, 0x7e, 0x87, 0x8c, 0x92, 0x98, 0x9b, 0xa0, 0xa3, 0xa4, 0xa8, 0xac,
  0xb0, 0xb2, 0xb3, 0xb4, 0xb5, 0xb7, 0xb9, 0xbc, 0xbf, 0xbf, 0xbe, 0xbc,
  0xb8, 0xb6, 0xb3, 0xb0, 0xac, 0xa9, 0xa7, 0xa3, 0xa0, 0x9a, 0x94, 0x8f,
  0x8b, 0x88, 0x85, 0x81, 0x7b, 0x76, 0x71, 0x6d, 0x6b, 0x67, 0x64, 0x62,
  0x60, 0x60, 0x60, 0x5e, 0x5d, 0x5c, 0x5c, 0x5f, 0x60, 0x60, 0x61, 0x62,
  0x64, 0x67, 0x69, 0x6b, 0x6d, 0x6f, 0x71, 0x72, 0x74, 0x75, 0x76, 0x77,
  0x77, 0x78, 0x7b, 0x7c, 0x7c, 0x7c, 0x7c, 0x7e, 0x7f, 0x7f, 0x7e, 0x7d,
  0x7d, 0x7d, 0x7e, 0x7c, 0x7a, 0x79, 0x79, 0x79, 0x79, 0x77, 0x76, 0x77,
  0x76, 0x76, 0x76, 0x75, 0x76, 0x76, 0x76, 0x76, 0x76, 0x77, 0x78, 0x79,
  0x79, 0x79, 0x7b, 0x7b, 0x7c, 0x7d, 0x7d, 0x7e, 0x7e, 0x7f, 0x80, 0x7f,
  0x7f, 0x7f, 0x80, 0x80, 0x80, 0x7f, 0x7f, 0x7e, 0x7e, 0x7e, 0x7d, 0x7c,
  0x7b, 0x7b, 0x7a, 0x79, 0x78, 0x78, 0x77, 0x75, 0x75, 0x75, 0x74, 0x74,
  0x73, 0x72, 0x72, 0x72, 0x71, 0x72, 0x71, 0x71, 0x72, 0x72, 0x72, 0x74,
  0x73, 0x73, 0x74, 0x74, 0x76, 0x76, 0x74, 0x74, 0x75, 0x78, 0x7d, 0x83,
  0x89, 0x8e, 0x95, 0x9b, 0x9f, 0xa3, 0xa5, 0xa7, 0xac, 0xaf, 0xb1, 0xb3,
  0xb3, 0xb2, 0xb3, 0xb6, 0xb8, 0xba, 0xbb, 0xb9, 0xb9, 0xb7, 0xb4, 0xb2,
  0xae, 0xab, 0xa9, 0xa7, 0xa3, 0xa0, 0x9b, 0x96, 0x92, 0x8f, 0x8b, 0x88,
  0x84, 0x80, 0x7c, 0x78, 0x73, 0x70, 0x6c, 0x69, 0x68, 0x66, 0x64, 0x62,
  0x61, 0x60, 0x5f, 0x5f, 0x5f, 0x5f, 0x60, 0x61, 0x62, 0x63, 0x65, 0x66,
  0x68, 0x6a, 0x6c, 0x6f, 0x71, 0x71, 0x73, 0x74, 0x75, 0x77, 0x77, 0x78,
  0x79, 0x7a, 0x7b, 0x7c, 0x7d, 0x7d, 0x7d, 0x7d, 0x7e, 0x7e, 0x7d, 0x7c,
  0x7c, 0x7b, 0x7a, 0x7a, 0x78, 0x78, 0x77, 0x76, 0x76, 0x76, 0x76, 0x76,
  0x75, 0x75, 0x75, 0x75, 0x76, 0x76, 0x76, 0x76, 0x78, 0x78, 0x79, 0x7a,
  0x7a, 0x7b, 0x7c, 0x7c, 0x7d, 0x7e, 0x7f, 0x80, 0x7f, 0x80, 0x80, 0x80,
  0x81, 0x81, 0x80, 0x80, 0x80, 0x80, 0x7f, 0x7f, 0x7e, 0x7d, 0x7d, 0x7b,
  0x7b, 0x7a, 0x79, 0x79, 0x77, 0x77, 0x76, 0x76, 0x75, 0x74, 0x74, 0x73,
  0x73, 0x74, 0x74, 0x73, 0x73, 0x73, 0x74, 0x75, 0x76, 0x76, 0x76, 0x77,
  0x78, 0x79, 0x7a, 0x79, 0x7a, 0x7c, 0x7c, 0x7d, 0x7c, 0x7b, 0x7b, 0x7c,
  0x7e, 0x81, 0x86, 0x8c, 0x91, 0x97, 0x9b, 0x9e, 0xa3, 0xa5, 0xa7, 0xab,
  0xad, 0xaf, 0xb0, 0xaf, 0xb0, 0xb1, 0xb2, 0xb4, 0xb5, 0xb6, 0xb7, 0xb7,
  0xb5, 0xb2, 0xb0, 0xae, 0xad, 0xaa, 0xa6, 0xa4, 0xa0, 0x9b, 0x97, 0x92,
  0x8e, 0x8c, 0x88, 0x83, 0x80, 0x7c, 0x78, 0x74, 0x70, 0x6d, 0x6a, 0x68,
  0x66, 0x64, 0x62, 0x61, 0x60, 0x60, 0x5f, 0x60, 0x5f, 0x60, 0x62, 0x62,
  0x63, 0x65, 0x67, 0x69, 0x6a, 0x6c, 0x6d, 0x6f, 0x71, 0x72, 0x74, 0x74,
  0x75, 0x77, 0x78, 0x79, 0x7a, 0x7a, 0x7c, 0x7c, 0x7d, 0x7e, 0x7e, 0x7e,
  0x7e, 0x7e, 0x7e, 0x7e, 0x7d, 0x7b, 0x7b, 0x7a, 0x7a, 0x7a, 0x78, 0x78,
  0x77, 0x77, 0x77, 0x76, 0x76, 0x76, 0x77, 0x77, 0x77, 0x77, 0x77, 0x79,
  0x79, 0x79, 0x7a, 0x7a, 0x7c, 0x7d, 0x7c, 0x7d, 0x7e, 0x7e, 0x80, 0x7f,
  0x7f, 0x80, 0x80, 0x80, 0x80, 0x7f, 0x7f, 0x7f, 0x7f, 0x7e, 0x7d, 0x7c,
  0x7c, 0x7c, 0x7a, 0x7a, 0x79, 0x78, 0x78, 0x76, 0x76, 0x75, 0x74, 0x74,
  0x73, 0x73, 0x72, 0x72, 0x72, 0x72, 0x72, 0x73, 0x73, 0x73, 0x74, 0x75,
  0x75, 0x76, 0x77, 0x77, 0x79, 0x79, 0x7a, 0x7b, 0x7c, 0x7d, 0x7d, 0x7e,
  0x7f, 0x7f, 0x80, 0x80, 0x80, 0x80, 0x7f, 0x7f, 0x7f, 0x7e, 0x80, 0x83,
  0x88, 0x8d, 0x90, 0x95, 0x99, 0x9d, 0xa1, 0xa3, 0xa5, 0xa8, 0xaa, 0xac,
  0xad, 0xac, 0xac, 0xad, 0xae, 0xb0, 0xb1, 0xb2, 0xb4, 0xb3, 0xb2, 0xb2,
  0xb2, 0xb0, 0xaf, 0xab, 0xa9, 0xa7, 0xa3, 0x9e, 0x99, 0x93, 0x91, 0x8e,
  0x8a, 0x86, 0x81, 0x7e, 0x7a, 0x77, 0x73, 0x70, 0x6d, 0x6a, 0x67, 0x65,
  0x63, 0x61, 0x5f, 0x5d, 0x5d, 0x5d, 0x5e, 0x5d, 0x5e, 0x5f, 0x61, 0x63,
  0x65, 0x66, 0x68, 0x6a, 0x6c, 0x6e, 0x6f, 0x70, 0x72, 0x73, 0x74, 0x76,
  0x76, 0x78, 0x79, 0x7a, 0x7c, 0x7c, 0x7d, 0x7f, 0x7e, 0x7f, 0x7f, 0x7e,
  0x7f, 0x7d, 0x7c, 0x7c, 0x7b, 0x7a, 0x79, 0x78, 0x77, 0x77, 0x76, 0x77,
  0x76, 0x76, 0x77, 0x77, 0x77, 0x78, 0x77, 0x78, 0x79, 0x79, 0x7a, 0x7a,
  0x7a, 0x7b, 0x7d, 0x7d, 0x7d, 0x7f, 0x7e, 0x7f, 0x81, 0x80, 0x81, 0x82,
  0x80, 0x81, 0x82, 0x81, 0x81, 0x81, 0x7f, 0x7f, 0x7f, 0x7d, 0x7d, 0x7c,
  0x7a, 0x7b, 0x7a, 0x79, 0x78, 0x77, 0x76, 0x75, 0x74, 0x74, 0x73, 0x73,
  0x72, 0x72, 0x72, 0x72, 0x72, 0x73, 0x73, 0x74, 0x74, 0x76, 0x76, 0x77,
  0x78, 0x79, 0x7a, 0x7c, 0x7c, 0x7d, 0x7e, 0x7f, 0x80, 0x81, 0x82, 0x82,
  0x83, 0x84, 0x84, 0x84, 0x85, 0x85, 0x85, 0x85, 0x85, 0x84, 0x85, 0x83,
  0x82, 0x83, 0x81, 0x80, 0x7f, 0x7c, 0x7c, 0x7e, 0x7f, 0x83, 0x85, 0x87,
  0x8d, 0x91, 0x95, 0x99, 0x9c, 0x9f, 0xa4, 0xa6, 0xa7, 0xa8, 0xa8, 0xa9,
  0xaa, 0xaa, 0xab, 0xab, 0xac, 0xae, 0xae, 0xaf, 0xb0, 0xb1, 0xb2, 0xb1,
  0xb0, 0xaf, 0xac, 0xa8, 0xa5, 0xa0, 0x9b, 0x98, 0x93, 0x8e, 0x8a, 0x85,
  0x81, 0x7e, 0x7b, 0x78, 0x75, 0x72, 0x70, 0x6e, 0x6b, 0x69, 0x67, 0x65,
  0x63, 0x62, 0x60, 0x5f, 0x5f, 0x5f, 0x60, 0x62, 0x63, 0x65, 0x67, 0x69,
  0x6c, 0x6e, 0x70, 0x72, 0x73, 0x74, 0x75, 0x76, 0x77, 0x77, 0x78, 0x79,
  0x7a, 0x7a, 0x7b, 0x7b, 0x7c, 0x7d, 0x7d, 0x7e, 0x7d, 0x7d, 0x7d, 0x7c,
  0x7b, 0x7a, 0x79, 0x78, 0x77, 0x76, 0x75, 0x75, 0x74, 0x73, 0x74, 0x73,
  0x74, 0x74, 0x74, 0x75, 0x75, 0x76, 0x77, 0x77, 0x79, 0x79, 0x7a, 0x7b,
  0x7b, 0x7c, 0x7e, 0x7e, 0x7f, 0x80, 0x80, 0x80, 0x81, 0x81, 0x82, 0x82,
  0x82, 0x82, 0x82, 0x81, 0x81, 0x81, 0x80, 0x80, 0x7f, 0x7e, 0x7e, 0x7d,
  0x7c, 0x7c, 0x7b, 0x7a, 0x79, 0x78, 0x78, 0x78, 0x77, 0x77, 0x76, 0x76,
  0x76, 0x76, 0x75, 0x76, 0x76, 0x75, 0x76, 0x77, 0x77, 0x78, 0x78, 0x78,
  0x79, 0x7a, 0x7a, 0x7b, 0x7b, 0x7c, 0x7c, 0x7d, 0x7d, 0x7e, 0x7e, 0x7e,
  0x7f, 0x7f, 0x7f, 0x7f, 0x7f, 0x7f, 0x7f, 0x80, 0x80, 0x7f, 0x7f, 0x7f,
  0x7e, 0x7e, 0x7e, 0x7d, 0x7d, 0x7d, 0x7d, 0x7c, 0x7c, 0x7b, 0x7b, 0x7b,
  0x7a, 0x79, 0x78, 0x78, 0x77, 0x77, 0x77, 0x77, 0x78, 0x7a, 0x7b, 0x7e,
  0x81, 0x83, 0x87, 0x8b, 0x8e, 0x92, 0x96, 0x99, 0x9d, 0x9f, 0xa1, 0xa4,
  0xa5, 0xa6, 0xa8, 0xa9, 0xa9, 0xab, 0xab, 0xab, 0xac, 0xad, 0xad, 0xae,
  0xae, 0xad, 0xad, 0xab, 0xa9, 0xa8, 0xa5, 0xa2, 0x9f, 0x9c, 0x98, 0x95,
  0x90, 0x8c, 0x89, 0x85, 0x82, 0x7f, 0x7c, 0x79, 0x77, 0x74, 0x72, 0x70,
  0x6e, 0x6d, 0x6c, 0x6b, 0x6b, 0x6a, 0x6b, 0x6b, 0x6b, 0x6c, 0x6c, 0x6e,
  0x6f, 0x70, 0x71, 0x72, 0x73, 0x74, 0x75, 0x76, 0x77, 0x78, 0x78, 0x79,
  0x7a, 0x7a, 0x7b, 0x7b, 0x7b, 0x7b, 0x7b, 0x7c, 0x7c, 0x7c, 0x7c, 0x7c,
  0x7b, 0x7b, 0x7a, 0x79, 0x79, 0x78, 0x77, 0x77, 0x76, 0x75, 0x75, 0x75,
  0x74, 0x74, 0x74, 0x74, 0x74, 0x75, 0x75, 0x75, 0x76, 0x76, 0x77, 0x78,
  0x78, 0x79, 0x7a, 0x7a, 0x7b, 0x7c, 0x7c, 0x7d, 0x7e, 0x7d, 0x7f, 0x7f,
  0x7f, 0x80, 0x80, 0x7f, 0x80, 0x80, 0x80, 0x80, 0x80, 0x7f, 0x80, 0x7f,
  0x7e, 0x7e, 0x7e, 0x7d, 0x7d, 0x7d, 0x7c, 0x7c, 0x7b, 0x7b, 0x7a, 0x7a,
  0x79, 0x79, 0x79, 0x78, 0x78, 0x78, 0x78, 0x78, 0x78, 0x78, 0x78, 0x79,
  0x79, 0x79, 0x79, 0x7a, 0x7a, 0x7b, 0x7b, 0x7b, 0x7c, 0x7c, 0x7d, 0x7d,
  0x7d, 0x7e, 0x7e, 0x7e, 0x7e, 0x7f, 0x7f, 0x7f, 0x7f, 0x7f, 0x7f, 0x7f,
  0x7f, 0x7f, 0x7f, 0x7f, 0x7f, 0x7e, 0x7e, 0x7e, 0x7d, 0x7d, 0x7d, 0x7d,
  0x7c, 0x7c, 0x7c, 0x7b, 0x7b, 0x7b, 0x7b, 0x7b, 0x7a, 0x7a, 0x7a, 0x79,
  0x78, 0x78, 0x78, 0x77, 0x76, 0x76, 0x77, 0x77, 0x78, 0x79, 0x7a, 0x7c,
  0x7e, 0x81, 0x84, 0x87, 0x8a, 0x8e, 0x91, 0x94, 0x97, 0x99, 0x9c, 0x9f,
  0xa0, 0xa2, 0xa3, 0xa3, 0xa5, 0xa6, 0xa5, 0xa7, 0xa7, 0xa8, 0xa9, 0xa8,
  0xa8, 0xa9, 0xa8, 0xa7, 0xa7, 0xa5, 0xa3, 0xa1, 0x9e, 0x9c, 0x9a, 0x96,
  0x93, 0x90, 0x8d, 0x8a, 0x87, 0x84, 0x81, 0x7f, 0x7c, 0x7a, 0x78, 0x76,
  0x75, 0x74, 0x73, 0x72, 0x71, 0x70, 0x71, 0x70, 0x70, 0x71, 0x71, 0x71,
  0x72, 0x73, 0x73, 0x74, 0x75, 0x76, 0x76, 0x77, 0x78, 0x78, 0x79, 0x7a,
  0x7a, 0x7a, 0x7b, 0x7b, 0x7b, 0x7c, 0x7b, 0x7c, 0x7c, 0x7c, 0x7c, 0x7b,
  0x7b, 0x7b, 0x7a, 0x7a, 0x79, 0x78, 0x78, 0x77, 0x76, 0x76, 0x75, 0x75,
  0x75, 0x74, 0x74, 0x74, 0x74, 0x74, 0x75, 0x75, 0x76, 0x76, 0x77, 0x77,
  0x78, 0x79, 0x79, 0x7a, 0x7a, 0x7b, 0x7b, 0x7c, 0x7c, 0x7d, 0x7e, 0x7e,
  0x7e, 0x7f, 0x7f, 0x7f, 0x7f, 0x7f, 0x7f, 0x80, 0x80, 0x7f, 0x7f, 0x7f,
  0x7f, 0x7f, 0x7e, 0x7e, 0x7e, 0x7e, 0x7d, 0x7d, 0x7c, 0x7c, 0x7c, 0x7b,
  0x7b, 0x7b, 0x7b, 0x7a, 0x7a, 0x7a, 0x7a, 0x7a, 0x7a, 0x7a, 0x7a, 0x7a,
  0x7a, 0x7a, 0x7a, 0x7a, 0x7b, 0x7b, 0x7b, 0x7c, 0x7c, 0x7c, 0x7d, 0x7d,
  0x7d, 0x7d, 0x7d, 0x7d, 0x7e, 0x7e, 0x7e, 0x7e, 0x7e, 0x7e, 0x7e, 0x7e,
  0x7e, 0x7e, 0x7e, 0x7e, 0x7e, 0x7d, 0x7d, 0x7d, 0x7d, 0x7d, 0x7d, 0x7c,
  0x7c, 0x7c, 0x7b, 0x7b, 0x7b, 0x7a, 0x7a, 0x7a, 0x7a, 0x7a, 0x7a, 0x79,
  0x7a, 0x79, 0x79, 0x79, 0x78, 0x78, 0x78, 0x78, 0x78, 0x77, 0x77, 0x77,
  0x77, 0x77, 0x79, 0x79, 0x7b, 0x7d, 0x7e, 0x81, 0x84, 0x86, 0x89, 0x8c,
  0x8f, 0x92, 0x94, 0x96, 0x99, 0x9b, 0x9c, 0x9e, 0x9f, 0xa0, 0xa1, 0xa2,
  0xa2, 0xa3, 0xa4, 0xa4, 0xa4, 0xa4, 0xa4, 0xa4, 0xa4, 0xa3, 0xa3, 0xa2,
  0xa1, 0x9f, 0x9d, 0x9c, 0x9a, 0x97, 0x95, 0x93, 0x90, 0x8e, 0x8b, 0x88,
  0x86, 0x83, 0x81, 0x7f, 0x7d, 0x7b, 0x79, 0x78, 0x77, 0x76, 0x75, 0x74,
  0x74, 0x74, 0x73, 0x73, 0x73, 0x73, 0x74, 0x74, 0x74, 0x75, 0x75, 0x75,
  0x76, 0x76, 0x77, 0x77, 0x77, 0x78, 0x78, 0x78, 0x79, 0x79, 0x79, 0x7a,
  0x7a, 0x7a, 0x7a, 0x7a, 0x7a, 0x7a, 0x7a, 0x79, 0x79, 0x79, 0x79, 0x78,
  0x78, 0x78, 0x77, 0x76, 0x77, 0x76, 0x76, 0x76, 0x75, 0x76, 0x76, 0x75,
  0x76, 0x76, 0x76, 0x77, 0x77, 0x77, 0x78, 0x79, 0x79, 0x7a, 0x7a, 0x7a,
  0x7b, 0x7c, 0x7c, 0x7d, 0x7d, 0x7d, 0x7e, 0x7e, 0x7f, 0x7f, 0x7f, 0x7f,
  0x80, 0x7f, 0x7f, 0x80, 0x7f, 0x7f, 0x7f, 0x7f, 0x7f, 0x7f, 0x7e, 0x7e,
  0x7e, 0x7d, 0x7d, 0x7d, 0x7d, 0x7c, 0x7c, 0x7c, 0x7c, 0x7b, 0x7b, 0x7b,
  0x7b, 0x7b, 0x7b, 0x7b, 0x7b, 0x7b, 0x7b, 0x7b, 0x7b, 0x7b, 0x7c, 0x7c,
  0x7c, 0x7c, 0x7c, 0x7d, 0x7c, 0x7d, 0x7d, 0x7d, 0x7d, 0x7e, 0x7d, 0x7d,
  0x7e, 0x7e, 0x7e, 0x7e, 0x7e, 0x7e, 0x7f, 0x7e, 0x7e, 0x7f, 0x7e, 0x7e,
  0x7e, 0x7e, 0x7e, 0x7e, 0x7d, 0x7d, 0x7e, 0x7d, 0x7d, 0x7d, 0x7d, 0x7d,
  0x7d, 0x7c, 0x7d, 0x7c, 0x7c, 0x7c, 0x7c, 0x7c, 0x7c, 0x7c, 0x7b, 0x7b,
  0x7b, 0x7b, 0x7b, 0x7a, 0x7a, 0x7a, 0x7a, 0x79, 0x79, 0x79, 0x79, 0x79,
  0x7a, 0x7a, 0x7a, 0x7c, 0x7d, 0x7e, 0x80, 0x81, 0x83, 0x86, 0x87, 0x8a,
  0x8c, 0x8e, 0x90, 0x92, 0x93, 0x95, 0x97, 0x98, 0x9a, 0x9b, 0x9b, 0x9d,
  0x9d, 0x9e, 0x9f, 0x9f, 0x9f, 0x9f, 0x9f, 0x9f, 0x9f, 0x9f, 0x9e, 0x9e,
  0x9d, 0x9c, 0x9b, 0x99, 0x98, 0x96, 0x94, 0x93, 0x90, 0x8e, 0x8c, 0x8a,
  0x88, 0x86, 0x84, 0x83, 0x81, 0x80, 0x7e, 0x7d, 0x7c, 0x7b, 0x7b, 0x7a,
  0x7a, 0x79, 0x79, 0x79, 0x79, 0x79, 0x79, 0x79, 0x79, 0x78, 0x78, 0x78,
  0x78, 0x78, 0x78, 0x78, 0x78, 0x78, 0x78, 0x78, 0x78, 0x78, 0x78, 0x78,
  0x78, 0x78, 0x78, 0x78, 0x78, 0x77, 0x77, 0x77, 0x77, 0x77, 0x76, 0x76,
  0x76, 0x76, 0x76, 0x75, 0x75, 0x75, 0x75, 0x75, 0x75, 0x75, 0x75, 0x75,
  0x75, 0x76, 0x76, 0x76, 0x77, 0x77, 0x77, 0x78, 0x78, 0x78, 0x79, 0x79,
  0x7a, 0x7a, 0x7a, 0x7b, 0x7b, 0x7b, 0x7c, 0x7c, 0x7d, 0x7d, 0x7d, 0x7d,
  0x7e, 0x7e, 0x7e, 0x7f, 0x7f, 0x7f, 0x7f, 0x7f, 0x7f, 0x7f, 0x80, 0x80,
  0x80, 0x80, 0x80, 0x80, 0x80, 0x80, 0x80, 0x80, 0x80, 0x81, 0x80, 0x81,
  0x81, 0x81, 0x81, 0x81, 0x81, 0x81, 0x81, 0x81, 0x81, 0x81, 0x81, 0x81,
  0x81, 0x81, 0x81, 0x81, 0x81, 0x81, 0x81, 0x81, 0x81, 0x81, 0x81, 0x81,
  0x80, 0x80, 0x80, 0x80, 0x80, 0x80, 0x80, 0x80, 0x80, 0x80, 0x80, 0x80,
  0x80, 0x7f, 0x7f, 0x7f, 0x7f, 0x7f, 0x7f, 0x7f, 0x7f, 0x7f, 0x7f, 0x7f,
  0x7f, 0x7f, 0x7f, 0x7e, 0x7e, 0x7e, 0x7e, 0x7e, 0x7e, 0x7e, 0x7e, 0x7d,
  0x7d, 0x7d, 0x7d, 0x7d, 0x7c, 0x7c, 0x7c, 0x7c, 0x7c, 0x7d, 0x7d, 0x7d,
  0x7e, 0x7f, 0x7f, 0x80, 0x81, 0x82, 0x83, 0x84, 0x85, 0x86, 0x87, 0x88,
  0x88, 0x89, 0x8a, 0x8a, 0x8b, 0x8c, 0x8c, 0x8c, 0x8d, 0x8d, 0x8d, 0x8e,
  0x8e, 0x8e, 0x8e, 0x8e, 0x8e, 0x8e, 0x8e, 0x8e, 0x8e, 0x8d, 0x8d, 0x8d,
  0x8c, 0x8c, 0x8b, 0x8a, 0x8a, 0x89, 0x88, 0x88, 0x87, 0x86, 0x86, 0x85,
  0x84, 0x84, 0x83, 0x83, 0x82, 0x82, 0x81, 0x81, 0x80, 0x80, 0x80, 0x7f,
  0x7f, 0x7e, 0x7e, 0x7e, 0x7d, 0x7d, 0x7d, 0x7c, 0x7c, 0x7c, 0x7b, 0x7b,
  0x7b, 0x7b, 0x7a, 0x7a, 0x7a, 0x7a, 0x7a, 0x7a, 0x7a, 0x79, 0x79, 0x79,
  0x79, 0x79, 0x79, 0x79, 0x79, 0x79, 0x79, 0x79, 0x79, 0x79, 0x78, 0x79,
  0x78, 0x79, 0x79, 0x79, 0x79, 0x79, 0x79, 0x79, 0x79, 0x79, 0x79, 0x7a,
  0x7a, 0x7a, 0x7a, 0x7a, 0x7b, 0x7b, 0x7b, 0x7b, 0x7c, 0x7c, 0x7c, 0x7c,
  0x7c, 0x7d, 0x7d, 0x7d, 0x7d, 0x7d, 0x7e, 0x7e, 0x7e, 0x7e, 0x7f, 0x7f,
  0x7f, 0x7f, 0x7f, 0x7f, 0x7f, 0x80, 0x80, 0x80, 0x80, 0x80, 0x80, 0x80,
  0x80, 0x80, 0x80, 0x80, 0x80, 0x80, 0x81, 0x81, 0x81, 0x81, 0x81, 0x81,
  0x81, 0x81, 0x81, 0x81, 0x81, 0x81, 0x81, 0x81, 0x81, 0x81, 0x81, 0x81,
  0x81, 0x81, 0x81, 0x81, 0x81, 0x81, 0x81, 0x81, 0x81, 0x81, 0x81, 0x81,
  0x81, 0x81, 0x81, 0x81, 0x81, 0x81, 0x81, 0x81, 0x80, 0x80, 0x80, 0x80,
  0x80, 0x80, 0x80, 0x80, 0x80, 0x80, 0x80, 0x80, 0x80, 0x80, 0x80, 0x80,
  0x80, 0x80, 0x80, 0x80, 0x80, 0x80, 0x80, 0x81, 0x81, 0x81, 0x82, 0x82,
  0x83, 0x83, 0x83, 0x84, 0x84, 0x84, 0x85, 0x85, 0x85, 0x85, 0x85, 0x86,
  0x86, 0x86, 0x86, 0x86, 0x86, 0x86, 0x86, 0x86, 0x86, 0x86, 0x86, 0x86,
  0x86, 0x86, 0x86, 0x86, 0x86, 0x86, 0x86, 0x86, 0x85, 0x85, 0x85, 0x84,
  0x84, 0x84, 0x83, 0x83, 0x83, 0x82, 0x82, 0x82, 0x81, 0x81, 0x81, 0x81,
  0x80, 0x80, 0x80, 0x80, 0x80, 0x7f, 0x7f, 0x7f, 0x7f, 0x7f, 0x7e, 0x7e,
  0x7e, 0x7e, 0x7e, 0x7d, 0x7d, 0x7d, 0x7d, 0x7d, 0x7d, 0x7d, 0x7d, 0x7c,
  0x7c, 0x7c, 0x7c, 0x7c, 0x7c, 0x7c, 0x7c, 0x7c, 0x7c, 0x7c, 0x7c, 0x7c,
  0x7c, 0x7c, 0x7c, 0x7c, 0x7c, 0x7c, 0x7c, 0x7c, 0x7c, 0x7c, 0x7c, 0x7c,
  0x7c, 0x7c, 0x7c, 0x7c, 0x7c, 0x7c, 0x7d, 0x7d, 0x7d, 0x7d, 0x7d, 0x7d,
  0x7d, 0x7d, 0x7e, 0x7e, 0x7e, 0x7e, 0x7e, 0x7e, 0x7e, 0x7e, 0x7f, 0x7f,
  0x7f, 0x7f, 0x7f, 0x7f, 0x7f, 0x7f, 0x7f, 0x80, 0x80, 0x80, 0x80, 0x80,
  0x80, 0x80, 0x80, 0x80, 0x80, 0x80, 0x80, 0x80, 0x80, 0x80, 0x80, 0x80,
  0x80, 0x80, 0x80, 0x80, 0x80, 0x80, 0x80, 0x80, 0x81, 0x81, 0x81, 0x81,
  0x81, 0x81, 0x81, 0x81, 0x81, 0x81, 0x81, 0x81, 0x81, 0x81, 0x81, 0x81,
  0x81, 0x81, 0x81, 0x81, 0x81, 0x81, 0x81, 0x80, 0x80, 0x80, 0x80, 0x80,
  0x80, 0x80, 0x80, 0x80, 0x80, 0x80, 0x80, 0x80, 0x80, 0x80, 0x80, 0x80,
  0x80, 0x80, 0x80, 0x80, 0x80, 0x80, 0x81, 0x81, 0x81, 0x81, 0x81, 0x81,
  0x82, 0x82, 0x82, 0x82, 0x82, 0x82, 0x82, 0x82, 0x82, 0x82, 0x82, 0x83,
  0x83, 0x83, 0x83, 0x83, 0x83, 0x83, 0x83, 0x83, 0x83, 0x83, 0x83, 0x83,
  0x83, 0x83, 0x83, 0x83, 0x83, 0x83, 0x82, 0x82, 0x82, 0x82, 0x82, 0x82,
  0x82, 0x82, 0x81, 0x81, 0x81, 0x81, 0x81, 0x81, 0x81, 0x80, 0x80, 0x80,
  0x80, 0x80, 0x80, 0x80, 0x80, 0x80, 0x80, 0x7f, 0x7f, 0x7f, 0x7f, 0x7f,
  0x7f, 0x7f, 0x7f, 0x7f, 0x7f, 0x7f, 0x7f, 0x7f, 0x7f, 0x7e, 0x7e, 0x7e,
  0x7e, 0x7e, 0x7e, 0x7e, 0x7e, 0x7e, 0x7e, 0x7e, 0x7e, 0x7e, 0x7e, 0x7e,
  0x7e, 0x7e, 0x7e, 0x7e, 0x7e, 0x7e, 0x7e, 0x7e, 0x7e, 0x7e, 0x7e, 0x7e,
  0x7f, 0x7f, 0x7f, 0x7f, 0x7f, 0x7f, 0x7f, 0x7f, 0x7f, 0x7f, 0x7f, 0x7f,
  0x7f, 0x7f, 0x7f, 0x7f, 0x7f, 0x7f, 0x7f, 0x7f, 0x7f, 0x80, 0x80, 0x80,
  0x80, 0x80, 0x80, 0x80, 0x80, 0x80, 0x80, 0x80, 0x80, 0x80, 0x80, 0x80,
  0x80, 0x80, 0x80, 0x80, 0x80, 0x80, 0x80, 0x80, 0x80, 0x80, 0x80, 0x80,
  0x80, 0x80, 0x80, 0x80, 0x80, 0x80, 0x80, 0x80, 0x80, 0x80, 0x80, 0x80,
  0x80, 0x80, 0x80, 0x80, 0x80, 0x80, 0x80, 0x80, 0x80, 0x80, 0x80, 0x80,
  0x80, 0x80, 0x80, 0x80, 0x80, 0x80, 0x80, 0x80, 0x80, 0x80, 0x80, 0x80,
  0x80, 0x80, 0x80, 0x80, 0x80, 0x80, 0x80, 0x80, 0x80, 0x80, 0x80, 0x80,
  0x80, 0x80, 0x80, 0x80, 0x80, 0x80, 0x80, 0x80, 0x80, 0x80, 0x80, 0x80,
  0x80, 0x80, 0x80, 0x80, 0x80, 0x80, 0x80, 0x80, 0x80, 0x80, 0x80, 0x80,
  0x80, 0x80, 0x80, 0x80, 0x80, 0x80, 0x80, 0x80, 0x80, 0x80, 0x80, 0x80,
  0x80, 0x80, 0x80, 0x80, 0x80, 0x80, 0x80, 0x80, 0x80, 0x80, 0x80, 0x80,
  0x80, 0x80, 0x80, 0x80, 0x80, 0x80, 0x80, 0x80, 0x80, 0x80, 0x80, 0x80,
  0x80, 0x80, 0x80, 0x80, 0x80, 0x80, 0x80, 0x80, 0x80, 0x80, 0x80, 0x80,
  0x80, 0x80, 0x80, 0x80, 0x80, 0x80, 0x80, 0x80, 0x80, 0x80, 0x80, 0x80,
  0x80, 0x80, 0x80, 0x80, 0x80, 0x80, 0x80, 0x80, 0x80, 0x80, 0x80, 0x80,
  0x80, 0x80, 0x80, 0x80, 0x80, 0x80, 0x80, 0x80, 0x80, 0x80, 0x80, 0x80,
  0x80, 0x80, 0x80, 0x80, 0x80, 0x80, 0x80, 0x80, 0x80, 0x80, 0x80, 0x80,
  0x80, 0x80, 0x80, 0x80, 0x80, 0x80, 0x80, 0x80, 0x80, 0x80, 0x80, 0x80,
  0x80, 0x80, 0x80, 0x80, 0x80, 0x80, 0x80, 0x80, 0x80, 0x80, 0x80, 0x80,
  0x80, 0x80, 0x80, 0x80, 0x80, 0x80, 0x80, 0x80, 0x80, 0x80, 0x80, 0x80,
  0x80, 0x80, 0x80, 0x80, 0x80, 0x80, 0x80, 0x80, 0x80, 0x80, 0x80, 0x80,
  0x80, 0x80, 0x80, 0x80, 0x80, 0x80, 0x80, 0x80, 0x80, 0x80, 0x80, 0x80,
  0x80, 0x80, 0x80, 0x80, 0x80, 0x80, 0x80, 0x80, 0x80, 0x80, 0x80, 0x80,
  0x80, 0x80, 0x80, 0x80, 0x80, 0x80, 0x80, 0x80, 0x80, 0x80, 0x80, 0x80,
  0x80, 0x80, 0x80, 0x80, 0x80, 0x80, 0x80, 0x80, 0x80, 0x80, 0x80, 0x80,
  0x80, 0x80, 0x80, 0x80, 0x80, 0x80, 0x80, 0x80, 0x80, 0x80, 0x80, 0x80,
  0x80, 0x80, 0x80, 0x80, 0x80, 0x80, 0x80, 0x80, 0x80, 0x80, 0x80, 0x80,
  0x80, 0x80, 0x80, 0x80, 0x80, 0x80, 0x80, 0x80, 0x80, 0x80, 0x80, 0x80,
  0x80, 0x80, 0x80, 0x80, 0x80, 0x80, 0x80, 0x80, 0x80, 0x80, 0x80, 0x80,
  0x80, 0x80, 0x80, 0x80, 0x80, 0x80, 0x80, 0x80, 0x80, 0x80, 0x80, 0x80,
  0x80, 0x80, 0x80, 0x80, 0x80, 0x80, 0x80, 0x80, 0x80, 0x80, 0x80, 0x80,
  0x80, 0x80, 0x80, 0x80, 0x80, 0x80, 0x80, 0x80, 0x80, 0x80, 0x80, 0x80,
  0x80, 0x80, 0x80, 0x80, 0x80, 0x80, 0x80, 0x80, 0x80, 0x80, 0x80, 0x80,
  0x80, 0x80, 0x80, 0x80, 0x80, 0x80, 0x80, 0x80, 0x80, 0x80, 0x80, 0x80,
  0x80, 0x80, 0x80, 0x80, 0x80, 0x80, 0x80, 0x80, 0x80, 0x80, 0x80, 0x80,
  0x80, 0x80, 0x80, 0x80, 0x80, 0x80, 0x80, 0x80, 0x80, 0x80, 0x80, 0x80,
  0x80, 0x80, 0x80, 0x80, 0x80, 0x80, 0x80, 0x80, 0x80, 0x80, 0x80, 0x80,
  0x80, 0x80, 0x80, 0x80, 0x80, 0x80, 0x80, 0x80, 0x80, 0x80, 0x80, 0x80,
  0x80, 0x80, 0x80, 0x80, 0x80, 0x80, 0x80, 0x80, 0x80, 0x80, 0x80, 0x80,
  0x80, 0x80, 0x80, 0x80, 0x80, 0x80, 0x80, 0x80, 0x80, 0x80, 0x80, 0x80,
  0x80, 0x80, 0x80, 0x80, 0x80, 0x80, 0x80, 0x80, 0x80, 0x80, 0x80, 0x80,
  0x80, 0x80, 0x80, 0x80, 0x80, 0x80, 0x80, 0x80, 0x80, 0x80, 0x80, 0x80,
  0x80, 0x80, 0x80, 0x80, 0x80, 0x80, 0x80, 0x80, 0x80, 0x80, 0x80, 0x80,
  0x80, 0x80, 0x80, 0x80, 0x80, 0x80, 0x80, 0x80, 0x80, 0x80, 0x80, 0x80,
  0x80, 0x80, 0x80, 0x80, 0x80, 0x80, 0x80, 0x80, 0x80, 0x80, 0x80, 0x80,
  0x80, 0x80, 0x80, 0x80, 0x80, 0x80, 0x80, 0x80, 0x80, 0x80, 0x80, 0x80,
  0x80, 0x80, 0x80, 0x80, 0x80, 0x80, 0x80, 0x80, 0x80, 0x80, 0x80, 0x80,
  0x80, 0x80, 0x80, 0x80, 0x80, 0x80, 0x80, 0x80, 0x80, 0x80, 0x80, 0x80,
  0x80, 0x80, 0x80, 0x80, 0x80, 0x80, 0x80, 0x80, 0x80, 0x80, 0x80, 0x80,
  0x80, 0x80, 0x80, 0x80, 0x80, 0x80, 0x80, 0x80, 0x80, 0x80, 0x80, 0x80,
  0x80, 0x80, 0x80, 0x80, 0x80, 0x80, 0x80, 0x80, 0x80, 0x80, 0x80, 0x80,
  0x80, 0x80, 0x80, 0x80, 0x80, 0x80, 0x80, 0x80, 0x80, 0x80, 0x80, 0x80,
  0x80, 0x80, 0x80, 0x80, 0x80, 0x80, 0x80, 0x80, 0x80, 0x80, 0x80, 0x80,
  0x80, 0x80, 0x80, 0x80, 0x80, 0x80, 0x80, 0x80, 0x80, 0x80, 0x80, 0x80,
  0x80, 0x80, 0x80, 0x80, 0x80, 0x80, 0x80, 0x80, 0x80, 0x80, 0x80, 0x80,
  0x80, 0x80, 0x80, 0x80, 0x80, 0x80, 0x80, 0x80, 0x80, 0x80, 0x80, 0x80,
  0x80, 0x80, 0x80, 0x80, 0x80, 0x80, 0x80, 0x80, 0x80, 0x80, 0x80, 0x80,
  0x80, 0x80, 0x80, 0x80, 0x80, 0x80, 0x80, 0x80, 0x80, 0x80, 0x80, 0x80,
  0x80, 0x80, 0x80, 0x80, 0x80, 0x80, 0x80, 0x80, 0x80, 0x80, 0x80, 0x80,
  0x80, 0x80, 0x80, 0x80, 0x80, 0x80, 0x80, 0x80, 0x80, 0x80, 0x80, 0x80,
  0x80, 0x80, 0x80, 0x80, 0x80, 0x80, 0x80, 0x80, 0x80, 0x80, 0x80, 0x80,
  0x80, 0x80, 0x80, 0x80, 0x80, 0x80, 0x80, 0x80, 0x80, 0x80, 0x80, 0x80,
  0x80, 0x80, 0x80, 0x80, 0x80, 0x80, 0x80, 0x80, 0x80, 0x80, 0x80, 0x80,
  0x80, 0x80, 0x80, 0x80, 0x80, 0x80, 0x80, 0x80, 0x80, 0x80, 0x80, 0x80,
  0x80, 0x80, 0x80, 0x80, 0x80, 0x80, 0x80, 0x80, 0x80, 0x80, 0x80, 0x80,
  0x80, 0x80, 0x80, 0x80, 0x80, 0x80, 0x80, 0x80, 0x80, 0x80, 0x80, 0x80,
  0x80, 0x80, 0x80, 0x80, 0x80, 0x80, 0x80, 0x80, 0x80, 0x80, 0x80, 0x80,
  0x80, 0x80, 0x80, 0x80, 0x80, 0x80, 0x80, 0x80, 0x80, 0x80, 0x80, 0x80,
  0x80, 0x80, 0x80, 0x80, 0x80, 0x80, 0x80, 0x80, 0x80, 0x80, 0x80, 0x80,
  0x80, 0x80, 0x80, 0x80, 0x80, 0x80, 0x80, 0x80, 0x80, 0x80, 0x80, 0x80,
  0x80, 0x80, 0x80, 0x80, 0x80, 0x80, 0x80, 0x80, 0x80, 0x80, 0x80, 0x80,
  0x80, 0x80, 0x80, 0x80, 0x80, 0x80, 0x80, 0x80, 0x80, 0x80, 0x80, 0x80,
  0x80, 0x80, 0x80, 0x80, 0x80, 0x80, 0x80, 0x80, 0x80, 0x80, 0x80, 0x80,
  0x80, 0x80, 0x80, 0x80, 0x80, 0x80, 0x80, 0x80, 0x80, 0x80, 0x80, 0x80,
  0x80, 0x80, 0x80, 0x80, 0x80, 0x80, 0x80, 0x80, 0x80, 0x80, 0x80, 0x80,
  0x80, 0x80, 0x80, 0x80, 0x80, 0x80, 0x80, 0x80, 0x80, 0x80, 0x80, 0x80,
  0x80, 0x80, 0x80, 0x80, 0x80, 0x80, 0x80, 0x80, 0x80, 0x80, 0x80, 0x80,
  0x80, 0x80, 0x80, 0x80, 0x80, 0x80, 0x80, 0x80, 0x80, 0x80, 0x80, 0x80,
  0x80, 0x80, 0x80, 0x80, 0x80, 0x80, 0x80, 0x80, 0x80, 0x80, 0x80, 0x80,
  0x80, 0x80, 0x80, 0x80, 0x80, 0x80, 0x80, 0x80, 0x80, 0x80, 0x80, 0x80,
  0x80, 0x80, 0x80, 0x80, 0x80, 0x80, 0x80, 0x80, 0x80, 0x80, 0x80, 0x80,
  0x80, 0x80, 0x80, 0x80, 0x80, 0x80, 0x80, 0x80, 0x80, 0x80, 0x80, 0x80,
  0x80, 0x80, 0x80, 0x80, 0x80, 0x80, 0x80, 0x80, 0x80, 0x80, 0x80, 0x80,
  0x80, 0x80, 0x80, 0x80, 0x80, 0x80, 0x80, 0x80, 0x80, 0x80, 0x80, 0x80,
  0x80, 0x80, 0x80, 0x80, 0x80, 0x80, 0x80, 0x80, 0x80, 0x80, 0x80, 0x80,
  0x80, 0x80, 0x80, 0x80, 0x80, 0x80, 0x80, 0x80, 0x80, 0x80, 0x80, 0x80,
  0x80, 0x80, 0x80, 0x80, 0x80, 0x80, 0x80, 0x80, 0x80, 0x80, 0x80, 0x80,
  0x80, 0x80, 0x80, 0x80, 0x80, 0x80, 0x80, 0x80, 0x80, 0x80, 0x80, 0x80,
  0x80, 0x80, 0x80, 0x80, 0x80, 0x80, 0x80, 0x80, 0x80, 0x80, 0x80, 0x80,
  0x80, 0x80, 0x80, 0x80, 0x80, 0x80, 0x80, 0x80, 0x80, 0x80, 0x80, 0x80,
  0x80, 0x80, 0x80, 0x80, 0x80, 0x80, 0x80, 0x80, 0x80, 0x80, 0x80, 0x80,
  0x80, 0x80, 0x80, 0x80, 0x80, 0x80, 0x80, 0x80, 0x80, 0x80, 0x80, 0x80,
  0x80, 0x80, 0x80, 0x80, 0x80, 0x80, 0x80, 0x80, 0x80, 0x80, 0x80, 0x80,
  0x80, 0x80, 0x80, 0x80, 0x80, 0x80, 0x80, 0x80, 0x80, 0x80, 0x80, 0x80,
  0x80, 0x80, 0x80, 0x80, 0x80, 0x80, 0x80, 0x80, 0x80, 0x80, 0x80, 0x80,
  0x80, 0x80, 0x80, 0x80, 0x80, 0x80, 0x80, 0x80, 0x80, 0x80, 0x80, 0x80,
  0x80, 0x80, 0x80, 0x80, 0x80, 0x80, 0x80, 0x80, 0x80, 0x80, 0x80, 0x80,
  0x80, 0x80, 0x80, 0x80, 0x80, 0x80, 0x80, 0x80, 0x80, 0x80, 0x80, 0x80,
  0x80, 0x80, 0x80, 0x80, 0x80, 0x80, 0x80, 0x80, 0x80, 0x80, 0x80, 0x80,
  0x80, 0x80, 0x80, 0x80, 0x80, 0x80, 0x80, 0x80, 0x80, 0x80, 0x80, 0x80,
  0x80, 0x80, 0x80, 0x80, 0x80, 0x80, 0x80, 0x80, 0x80, 0x80, 0x80, 0x80,
  0x80, 0x80, 0x80, 0x80, 0x80, 0x80, 0x80, 0x80, 0x80, 0x80, 0x80, 0x80,
  0x80, 0x80, 0x80, 0x80, 0x80, 0x80, 0x80, 0x80, 0x80, 0x80, 0x80, 0x80,
  0x80, 0x80, 0x80, 0x80, 0x80, 0x80, 0x80, 0x80, 0x80, 0x80, 0x80, 0x80,
  0x80, 0x80, 0x80, 0x80, 0x80, 0x80, 0x80, 0x80, 0x80, 0x80, 0x80, 0x80,
  0x80, 0x80, 0x80, 0x80, 0x80, 0x80, 0x80, 0x80, 0x80, 0x80, 0x80, 0x80,
  0x80, 0x80, 0x80, 0x80, 0x80, 0x80, 0x80, 0x80, 0x80, 0x80, 0x80, 0x80,
  0x80, 0x80, 0x80, 0x80, 0x80, 0x80, 0x80, 0x80, 0x80, 0x80, 0x80, 0x80,
  0x80, 0x80, 0x80, 0x80, 0x80, 0x80, 0x80, 0x80, 0x80, 0x80, 0x80, 0x80,
  0x80, 0x80, 0x80, 0x80, 0x80, 0x80, 0x80, 0x80, 0x80, 0x80, 0x80, 0x80,
  0x80, 0x80, 0x80, 0x80, 0x80, 0x80, 0x80, 0x80, 0x80, 0x80, 0x80, 0x80,
  0x80, 0x80, 0x80, 0x80, 0x80, 0x80, 0x80, 0x80, 0x80, 0x80, 0x80, 0x80,
  0x80, 0x80, 0x80, 0x80, 0x80, 0x80, 0x80, 0x80, 0x80, 0x80, 0x80, 0x80,
  0x80, 0x80, 0x80, 0x80, 0x80, 0x80, 0x80, 0x80, 0x80, 0x80, 0x80, 0x80,
  0x80, 0x80, 0x80, 0x80, 0x80, 0x80, 0x80, 0x80, 0x80, 0x80, 0x80, 0x80,
  0x80, 0x80, 0x80, 0x80, 0x80, 0x80, 0x80, 0x80, 0x80, 0x80, 0x80, 0x80,
  0x80, 0x80, 0x80, 0x80, 0x80, 0x80, 0x80, 0x80, 0x80, 0x80, 0x80, 0x80,
  0x80, 0x80, 0x80, 0x80, 0x80, 0x80, 0x80, 0x80, 0x80, 0x80, 0x80, 0x80,
  0x80, 0x80, 0x80, 0x80, 0x80, 0x80, 0x80, 0x80, 0x80, 0x80, 0x80, 0x80,
  0x80, 0x80, 0x80, 0x80, 0x80, 0x80, 0x80, 0x80, 0x80, 0x80, 0x80, 0x80,
  0x80, 0x80, 0x80, 0x80, 0x80, 0x80, 0x80, 0x80, 0x80, 0x80, 0x80, 0x80,
  0x80, 0x80, 0x80, 0x80, 0x80, 0x80, 0x80, 0x80, 0x80, 0x80, 0x80, 0x80,
  0x80, 0x80, 0x80, 0x80, 0x80, 0x80, 0x80, 0x80, 0x80, 0x80, 0x80, 0x80,
  0x80, 0x80, 0x80, 0x80, 0x80, 0x80, 0x80, 0x80, 0x80, 0x80, 0x80, 0x80,
  0x80, 0x80, 0x80, 0x80, 0x80, 0x80, 0x80, 0x80, 0x80, 0x80, 0x80, 0x80,
  0x80, 0x80, 0x80, 0x80, 0x80, 0x80, 0x80, 0x80, 0x80, 0x80, 0x80, 0x80,
  0x80, 0x80, 0x80, 0x80, 0x80, 0x80, 0x80, 0x80, 0x80, 0x80, 0x80, 0x80,
  0x80, 0x80, 0x80, 0x80, 0x80, 0x80, 0x80, 0x80, 0x80, 0x80, 0x80, 0x80,
  0x80, 0x80, 0x80, 0x80, 0x80, 0x80, 0x80, 0x80, 0x80, 0x80, 0x80, 0x80,
  0x80, 0x80, 0x80, 0x80, 0x80, 0x80, 0x80, 0x80, 0x80, 0x80, 0x80, 0x80,
  0x80, 0x80, 0x80, 0x80, 0x80, 0x80, 0x80, 0x80, 0x80, 0x80, 0x80, 0x80,
  0x80, 0x80, 0x80, 0x80, 0x80, 0x80, 0x80, 0x80, 0x80, 0x80, 0x80, 0x80,
  0x80, 0x80, 0x80, 0x80, 0x80, 0x80, 0x80, 0x80, 0x80, 0x80, 0x80, 0x80,
  0x80, 0x80, 0x80, 0x80, 0x80, 0x80, 0x80, 0x80, 0x80, 0x80, 0x80, 0x80,
  0x80, 0x80, 0x80, 0x80, 0x80, 0x80, 0x80, 0x80, 0x80, 0x80, 0x80, 0x80,
  0x80, 0x80, 0x80, 0x80, 0x80, 0x80, 0x80, 0x80, 0x80, 0x80, 0x80, 0x80,
  0x80, 0x80, 0x80, 0x80, 0x80, 0x80, 0x80, 0x80, 0x80, 0x80, 0x80, 0x80,
  0x80, 0x80, 0x80, 0x80, 0x80, 0x80, 0x80, 0x80, 0x80, 0x80, 0x80, 0x80,
  0x80, 0x80, 0x80, 0x80, 0x80, 0x80, 0x80, 0x80, 0x80, 0x80, 0x80, 0x80,
  0x80, 0x80, 0x80, 0x80, 0x80, 0x80, 0x80, 0x80, 0x80, 0x80, 0x80, 0x80,
  0x80, 0x80, 0x80, 0x80, 0x80, 0x80, 0x80, 0x80, 0x80, 0x80, 0x80, 0x80,
  0x80, 0x80, 0x80, 0x80, 0x80, 0x80, 0x80, 0x80, 0x80, 0x80, 0x80, 0x80,
  0x80, 0x80, 0x80, 0x80, 0x80, 0x80, 0x80, 0x80, 0x80, 0x80, 0x80, 0x80,
  0x80, 0x80, 0x80, 0x80, 0x80, 0x80, 0x80, 0x80, 0x80, 0x80, 0x80, 0x80,
  0x80, 0x80, 0x80, 0x80, 0x80, 0x80, 0x80, 0x80, 0x80, 0x80, 0x80, 0x80,
  0x80, 0x80, 0x80, 0x80, 0x80, 0x80, 0x80, 0x80, 0x80, 0x80, 0x80, 0x80,
  0x80, 0x80, 0x80, 0x80, 0x80, 0x80, 0x80, 0x80, 0x80, 0x80, 0x80, 0x80,
  0x80, 0x80, 0x80, 0x80, 0x80, 0x80, 0x80, 0x80, 0x80, 0x80, 0x80, 0x80,
  0x80, 0x80, 0x80, 0x80, 0x80, 0x80, 0x80, 0x80, 0x80, 0x80, 0x80, 0x80,
  0x80, 0x80, 0x80, 0x80, 0x80, 0x80, 0x80, 0x80, 0x80, 0x80, 0x80, 0x80,
  0x80, 0x80, 0x80, 0x80, 0x80, 0x80, 0x80, 0x80, 0x80, 0x80, 0x80, 0x80,
  0x80, 0x80, 0x80, 0x80, 0x80, 0x80, 0x80, 0x80, 0x80, 0x80, 0x80, 0x80,
  0x80, 0x80, 0x80, 0x80, 0x80, 0x80, 0x80, 0x80, 0x80, 0x80, 0x80, 0x80,
  0x80, 0x80, 0x80, 0x80, 0x80, 0x80, 0x80, 0x80, 0x80, 0x80, 0x80, 0x80,
  0x80, 0x80, 0x80, 0x80, 0x80, 0x80, 0x80, 0x80, 0x80, 0x80, 0x80, 0x80,
  0x80, 0x80, 0x80, 0x80, 0x80, 0x80, 0x80, 0x80, 0x80, 0x80, 0x80, 0x80,
  0x80, 0x80, 0x80, 0x80, 0x80, 0x80, 0x80, 0x80, 0x80, 0x80, 0x80, 0x80,
  0x80, 0x80, 0x80, 0x80, 0x80, 0x80, 0x80, 0x80, 0x80, 0x80, 0x80, 0x80,
  0x80, 0x80, 0x80, 0x80, 0x80, 0x80, 0x80, 0x80, 0x80, 0x80, 0x80, 0x80,
  0x80, 0x80, 0x80, 0x80, 0x80, 0x80, 0x80, 0x80, 0x80, 0x80, 0x80, 0x80,
  0x80, 0x80, 0x80, 0x80, 0x80, 0x80, 0x80, 0x80, 0x80, 0x80, 0x80, 0x80,
  0x80, 0x80, 0x80, 0x80, 0x80, 0x80, 0x80, 0x80, 0x80, 0x80, 0x80, 0x80,
  0x80, 0x80, 0x80, 0x80, 0x80, 0x80, 0x80, 0x80, 0x80, 0x80, 0x80, 0x80,
  0x80, 0x80, 0x80, 0x80, 0x80, 0x80, 0x80, 0x80, 0x80, 0x80, 0x80, 0x80,
  0x80, 0x80, 0x80, 0x80, 0x80, 0x80, 0x80, 0x80, 0x80, 0x80, 0x80, 0x80,
  0x80, 0x80, 0x80, 0x80, 0x80, 0x80, 0x80, 0x80, 0x80, 0x80, 0x80, 0x80,
  0x80, 0x80, 0x80, 0x80, 0x80, 0x80, 0x80, 0x80, 0x80, 0x80, 0x80, 0x80,
  0x80, 0x80, 0x80, 0x80, 0x80, 0x80, 0x80, 0x80, 0x80, 0x80, 0x80, 0x80,
  0x80, 0x80, 0x80, 0x80, 0x80, 0x80, 0x80, 0x80, 0x80, 0x80, 0x80, 0x80,
  0x80, 0x80, 0x80, 0x80, 0x80, 0x80, 0x80, 0x80, 0x80, 0x80, 0x80, 0x80,
  0x80, 0x80, 0x80, 0x80, 0x80, 0x80, 0x80, 0x80, 0x80, 0x80, 0x80, 0x80,
  0x80, 0x80, 0x80, 0x80, 0x80, 0x80, 0x80, 0x80, 0x80, 0x80, 0x80, 0x80,
  0x80, 0x80, 0x80, 0x80, 0x80, 0x80, 0x80, 0x80, 0x80, 0x80, 0x80, 0x80,
  0x80, 0x80, 0x80, 0x80, 0x80, 0x80, 0x80, 0x80, 0x80, 0x80, 0x80, 0x80,
  0x80, 0x80, 0x80, 0x80, 0x80, 0x80, 0x80, 0x80, 0x80, 0x80, 0x80, 0x80,
  0x80, 0x80, 0x80, 0x80, 0x80, 0x80, 0x80, 0x80, 0x80, 0x80, 0x80, 0x80,
  0x80, 0x80, 0x80, 0x80, 0x80, 0x80, 0x80, 0x80, 0x80, 0x80, 0x80, 0x80,
  0x80, 0x80, 0x80, 0x80, 0x80, 0x80, 0x80, 0x80, 0x80, 0x80, 0x80, 0x80,
  0x80, 0x80, 0x80, 0x80, 0x80, 0x80, 0x80, 0x80, 0x80, 0x80, 0x80, 0x80,
  0x80, 0x80, 0x80, 0x80, 0x80, 0x80, 0x80, 0x80, 0x80, 0x80, 0x80, 0x80,
  0x80, 0x80, 0x80, 0x80, 0x80, 0x80, 0x80, 0x80, 0x80, 0x80, 0x80, 0x80,
  0x80, 0x80, 0x80, 0x80, 0x80, 0x80, 0x80, 0x80, 0x80, 0x80, 0x80, 0x80,
  0x80, 0x80, 0x80, 0x80, 0x80, 0x80, 0x80, 0x80, 0x80, 0x80, 0x80, 0x80,
  0x80, 0x80, 0x80, 0x80, 0x80, 0x80, 0x80, 0x80, 0x80, 0x80, 0x80, 0x80,
  0x80, 0x80, 0x80, 0x80, 0x80, 0x80, 0x80, 0x80, 0x80, 0x80, 0x80, 0x80,
  0x80, 0x80, 0x80, 0x80, 0x80, 0x80, 0x80, 0x80, 0x80, 0x80, 0x80, 0x80,
  0x80, 0x80, 0x80, 0x80, 0x80, 0x80, 0x80, 0x80, 0x80, 0x80, 0x80, 0x80,
  0x80, 0x80, 0x80, 0x80, 0x80, 0x80, 0x80, 0x80, 0x80, 0x80, 0x80, 0x80,
  0x80, 0x80, 0x80, 0x80, 0x80, 0x80, 0x80, 0x80, 0x80, 0x80, 0x80, 0x80,
  0x80, 0x80, 0x80, 0x80, 0x80, 0x80, 0x80, 0x80, 0x80, 0x80, 0x80, 0x80,
  0x80, 0x80, 0x80, 0x80, 0x80, 0x80, 0x80, 0x80, 0x80, 0x80, 0x80, 0x80,
  0x80, 0x80, 0x80, 0x80, 0x80, 0x80, 0x80, 0x80, 0x80, 0x80, 0x80, 0x80,
  0x80, 0x80, 0x80, 0x80, 0x80, 0x80, 0x80, 0x80, 0x80, 0x80, 0x80, 0x80,
  0x80, 0x80, 0x80, 0x80, 0x80, 0x80, 0x80, 0x80, 0x80, 0x80, 0x80, 0x80,
  0x80, 0x80, 0x80, 0x80, 0x80, 0x80, 0x80, 0x80, 0x80, 0x80, 0x80, 0x80,
  0x80, 0x80, 0x80, 0x80, 0x80, 0x80, 0x80, 0x80, 0x80, 0x80, 0x80, 0x80,
  0x80, 0x80, 0x80, 0x80, 0x80, 0x80, 0x80, 0x80, 0x80, 0x80, 0x80, 0x80,
  0x80, 0x80, 0x80, 0x80, 0x80, 0x80, 0x80, 0x80, 0x80, 0x80, 0x80, 0x80,
  0x80, 0x80, 0x80, 0x80, 0x80, 0x80, 0x80, 0x80, 0x80, 0x80, 0x80, 0x80,
  0x80, 0x80, 0x80, 0x80, 0x80, 0x80, 0x80, 0x80, 0x80, 0x80, 0x80, 0x80,
  0x80, 0x80, 0x80, 0x80, 0x80, 0x80, 0x80, 0x80, 0x80, 0x80, 0x80, 0x80,
  0x80, 0x80, 0x80, 0x80, 0x80, 0x80, 0x80, 0x80, 0x80, 0x80, 0x80, 0x80,
  0x80, 0x80, 0x80, 0x80, 0x80, 0x80, 0x80, 0x80, 0x80, 0x80, 0x80, 0x80,
  0x80, 0x80, 0x80, 0x80, 0x80, 0x80, 0x80, 0x80, 0x80, 0x80, 0x80, 0x80,
  0x80, 0x80, 0x80, 0x80, 0x80, 0x80, 0x80, 0x80, 0x80, 0x80, 0x80, 0x80,
  0x80, 0x80, 0x80, 0x80, 0x80, 0x80, 0x80, 0x80, 0x80, 0x80, 0x80, 0x80,
  0x80, 0x80, 0x80, 0x80, 0x80, 0x80, 0x80, 0x80, 0x80, 0x80, 0x80, 0x80,
  0x80, 0x80, 0x80, 0x80, 0x80, 0x80, 0x80, 0x80, 0x80, 0x80, 0x80, 0x80,
  0x80, 0x80, 0x80, 0x80, 0x80, 0x80, 0x80, 0x80, 0x80, 0x80, 0x80, 0x80,
  0x80, 0x80, 0x80, 0x80, 0x80, 0x80, 0x80, 0x80, 0x80, 0x80, 0x80, 0x80,
  0x80, 0x80, 0x80, 0x80, 0x80, 0x80, 0x80, 0x80, 0x80, 0x80, 0x80, 0x80,
  0x80, 0x80, 0x80, 0x80, 0x80, 0x80, 0x80, 0x80, 0x80, 0x80, 0x80, 0x80,
  0x80, 0x80, 0x80, 0x80, 0x80, 0x80, 0x80, 0x80, 0x80, 0x80, 0x80, 0x80,
  0x80, 0x80, 0x80, 0x80, 0x80, 0x80, 0x80, 0x80, 0x80, 0x80, 0x80, 0x80,
  0x80, 0x80, 0x80, 0x80, 0x80, 0x80, 0x80, 0x80, 0x80, 0x80, 0x80, 0x80,
  0x80, 0x80, 0x80, 0x80, 0x80, 0x80, 0x80, 0x80, 0x80, 0x80, 0x80, 0x80,
  0x80, 0x80, 0x80, 0x80, 0x80, 0x80, 0x80, 0x80, 0x80, 0x80, 0x80, 0x80,
  0x80, 0x80, 0x80, 0x80, 0x80, 0x80, 0x80, 0x80, 0x80, 0x80, 0x80, 0x80,
  0x80, 0x80, 0x80, 0x80, 0x80, 0x80, 0x80, 0x80, 0x80, 0x80, 0x80, 0x80,
  0x80, 0x80, 0x80, 0x80, 0x80, 0x80, 0x80, 0x80, 0x80, 0x80, 0x80, 0x80,
  0x80, 0x80, 0x80, 0x80, 0x80, 0x80, 0x80, 0x80, 0x80, 0x80, 0x80, 0x80,
  0x80, 0x80, 0x80, 0x80, 0x80, 0x80, 0x80, 0x80, 0x80, 0x80, 0x80, 0x80,
  0x80, 0x80, 0x80, 0x80, 0x80, 0x80, 0x80, 0x80, 0x80, 0x80, 0x80, 0x80,
  0x80, 0x80, 0x80, 0x80, 0x80, 0x80, 0x80, 0x80, 0x80, 0x80, 0x80, 0x80,
  0x80, 0x80, 0x80, 0x80, 0x80, 0x80, 0x80, 0x80, 0x80, 0x80, 0x80, 0x80,
  0x80, 0x80, 0x80, 0x80, 0x80, 0x80, 0x80, 0x80, 0x80, 0x80, 0x80, 0x80,
  0x80, 0x80, 0x80, 0x80, 0x80, 0x80, 0x80, 0x80, 0x80, 0x80, 0x80, 0x80,
  0x80, 0x80, 0x80, 0x80, 0x80, 0x80, 0x80, 0x80, 0x80, 0x80, 0x80, 0x80,
  0x80, 0x80, 0x80, 0x80, 0x80, 0x80, 0x80, 0x80, 0x80, 0x80, 0x80, 0x80,
  0x80, 0x80, 0x80, 0x80, 0x80, 0x80, 0x80, 0x80, 0x80, 0x80, 0x80, 0x80,
  0x80, 0x80, 0x80, 0x80, 0x80, 0x80, 0x80, 0x80, 0x80, 0x80, 0x80, 0x80,
  0x80, 0x80, 0x80, 0x80, 0x80, 0x80, 0x80, 0x80, 0x80, 0x80, 0x80, 0x80,
  0x80, 0x80, 0x80, 0x7f, 0x7f, 0x7f, 0x80, 0x81, 0x81, 0x82, 0x81, 0x81,
  0x81, 0x82, 0x82, 0x83, 0x84, 0x85, 0x85, 0x86, 0x85, 0x85, 0x86, 0x87,
  0x88, 0x89, 0x89, 0x8a, 0x8a, 0x8b, 0x8a, 0x89, 0x89, 0x89, 0x89, 0x89,
  0x87, 0x87, 0x85, 0x85, 0x83, 0x80, 0x7d, 0x7b, 0x7c, 0x7e, 0x7d, 0x7b,
  0x76, 0x72, 0x71, 0x70, 0x71, 0x73, 0x74, 0x75, 0x73, 0x71, 0x6f, 0x6e,
  0x6f, 0x70, 0x72, 0x74, 0x76, 0x76, 0x75, 0x74, 0x72, 0x72, 0x75, 0x77,
  0x7b, 0x7e, 0x7e, 0x7e, 0x7c, 0x7a, 0x78, 0x78, 0x7b, 0x7d, 0x7f, 0x7f,
  0x7c, 0x7c, 0x7b, 0x7c, 0x7b, 0x78, 0x78, 0x79, 0x7a, 0x7c, 0x7b, 0x7b,
  0x7a, 0x77, 0x76, 0x73, 0x74, 0x76, 0x77, 0x79, 0x77, 0x75, 0x74, 0x72,
  0x72, 0x74, 0x76, 0x78, 0x78, 0x76, 0x74, 0x73, 0x75, 0x76, 0x78, 0x79,
  0x79, 0x77, 0x76, 0x75, 0x76, 0x77, 0x78, 0x78, 0x77, 0x75, 0x73, 0x72,
  0x71, 0x72, 0x72, 0x72, 0x79, 0x80, 0x84, 0x85, 0x80, 0x7e, 0x81, 0x87,
  0x90, 0x99, 0xa1, 0xa5, 0xa7, 0xa5, 0xa0, 0xa1, 0xa4, 0xab, 0xb5, 0xb9,
  0xbb, 0xb9, 0xb2, 0xad, 0xaa, 0xa9, 0xaa, 0xab, 0xac, 0xac, 0xab, 0xa5,
  0xa0, 0x98, 0x90, 0x8e, 0x8d, 0x8e, 0x8f, 0x8d, 0x8b, 0x87, 0x80, 0x79,
  0x72, 0x70, 0x73, 0x79, 0x7c, 0x7b, 0x77, 0x70, 0x6c, 0x69, 0x69, 0x6c,
  0x6d, 0x71, 0x74, 0x75, 0x74, 0x6f, 0x6b, 0x6a, 0x6d, 0x71, 0x74, 0x77,
  0x76, 0x76, 0x77, 0x73, 0x72, 0x71, 0x70, 0x75, 0x77, 0x78, 0x78, 0x75,
  0x76, 0x74, 0x72, 0x71, 0x70, 0x70, 0x72, 0x75, 0x74, 0x72, 0x70, 0x6b,
  0x6a, 0x6b, 0x6d, 0x6d, 0x6d, 0x6d, 0x6d, 0x6c, 0x6a, 0x69, 0x68, 0x69,
  0x6b, 0x6c, 0x6d, 0x6e, 0x6d, 0x6d, 0x6c, 0x6c, 0x6e, 0x6f, 0x70, 0x70,
  0x71, 0x71, 0x72, 0x73, 0x72, 0x6f, 0x6d, 0x6e, 0x70, 0x73, 0x71, 0x6d,
  0x69, 0x67, 0x67, 0x66, 0x6b, 0x74, 0x7d, 0x85, 0x82, 0x7a, 0x74, 0x76,
  0x84, 0x93, 0xa2, 0xac, 0xad, 0xa9, 0xa4, 0xa2, 0xa5, 0xae, 0xba, 0xc2,
  0xc7, 0xc5, 0xbf, 0xbb, 0xb8, 0xb7, 0xb6, 0xb4, 0xb5, 0xb6, 0xb7, 0xb7,
  0xb5, 0xaf, 0xa7, 0x9d, 0x96, 0x94, 0x97, 0x9d, 0x9f, 0x9f, 0x98, 0x8d,
  0x84, 0x7c, 0x7c, 0x82, 0x88, 0x8c, 0x89, 0x83, 0x7d, 0x78, 0x77, 0x77,
  0x77, 0x78, 0x7a, 0x7b, 0x7d, 0x7c, 0x78, 0x75, 0x73, 0x73, 0x73, 0x73,
  0x74, 0x75, 0x77, 0x78, 0x75, 0x6f, 0x6a, 0x68, 0x69, 0x6e, 0x72, 0x70,
  0x6d, 0x6a, 0x67, 0x66, 0x66, 0x65, 0x64, 0x66, 0x67, 0x67, 0x66, 0x63,
  0x62, 0x61, 0x61, 0x63, 0x62, 0x61, 0x62, 0x64, 0x65, 0x64, 0x64, 0x63,
  0x64, 0x66, 0x66, 0x68, 0x69, 0x6a, 0x6e, 0x6e, 0x6c, 0x6b, 0x6c, 0x70,
  0x72, 0x72, 0x71, 0x6f, 0x71, 0x74, 0x74, 0x70, 0x6f, 0x6e, 0x6e, 0x71,
  0x6f, 0x6b, 0x68, 0x63, 0x66, 0x70, 0x7b, 0x83, 0x85, 0x7e, 0x79, 0x7b,
  0x81, 0x8c, 0x99, 0xa2, 0xac, 0xb0, 0xae, 0xab, 0xa8, 0xac, 0xb5, 0xbe,
  0xc4, 0xc3, 0xc1, 0xbf, 0xbf, 0xc0, 0xbe, 0xb8, 0xb1, 0xaf, 0xb0, 0xb4,
  0xb7, 0xb5, 0xae, 0xa6, 0x9e, 0x98, 0x94, 0x95, 0x99, 0x9c, 0x9d, 0x97,
  0x8e, 0x84, 0x81, 0x83, 0x85, 0x88, 0x87, 0x84, 0x83, 0x81, 0x7f, 0x7c,
  0x7b, 0x7b, 0x7a, 0x7a, 0x7b, 0x7c, 0x7c, 0x7c, 0x7b, 0x77, 0x74, 0x72,
  0x70, 0x72, 0x75, 0x75, 0x75, 0x70, 0x6c, 0x69, 0x67, 0x68, 0x68, 0x68,
  0x68, 0x66, 0x65, 0x63, 0x61, 0x61, 0x5f, 0x5f, 0x60, 0x60, 0x60, 0x5f,
  0x5f, 0x5f, 0x5f, 0x5f, 0x60, 0x5f, 0x5f, 0x60, 0x61, 0x63, 0x66, 0x65,
  0x63, 0x64, 0x65, 0x69, 0x6c, 0x6a, 0x6a, 0x6c, 0x6e, 0x72, 0x71, 0x6e,
  0x6f, 0x71, 0x74, 0x75, 0x73, 0x71, 0x71, 0x74, 0x73, 0x72, 0x71, 0x6c,
  0x6e, 0x6f, 0x6c, 0x6b, 0x63, 0x63, 0x70, 0x7a, 0x85, 0x88, 0x7e, 0x7b,
  0x7d, 0x84, 0x90, 0x9a, 0xa3, 0xac, 0xb2, 0xb3, 0xb2, 0xb0, 0xb2, 0xb8,
  0xbe, 0xc2, 0xc3, 0xc2, 0xc2, 0xc3, 0xc4, 0xc2, 0xbb, 0xb3, 0xad, 0xab,
  0xaf, 0xb3, 0xb3, 0xb0, 0xa8, 0x9f, 0x98, 0x93, 0x92, 0x93, 0x94, 0x96,
  0x95, 0x90, 0x89, 0x84, 0x82, 0x83, 0x86, 0x85, 0x82, 0x81, 0x81, 0x81,
  0x81, 0x80, 0x7d, 0x7b, 0x7a, 0x79, 0x7a, 0x7c, 0x7e, 0x7e, 0x7b, 0x77,
  0x75, 0x73, 0x72, 0x73, 0x73, 0x72, 0x71, 0x6f, 0x6b, 0x68, 0x67, 0x65,
  0x65, 0x65, 0x64, 0x62, 0x60, 0x60, 0x5f, 0x5f, 0x5e, 0x5d, 0x5c, 0x5c,
  0x5e, 0x5e, 0x5d, 0x5d, 0x5e, 0x60, 0x60, 0x5f, 0x5f, 0x60, 0x64, 0x66,
  0x66, 0x65, 0x66, 0x68, 0x6c, 0x6c, 0x6b, 0x6c, 0x6d, 0x70, 0x73, 0x71,
  0x71, 0x71, 0x73, 0x74, 0x74, 0x73, 0x71, 0x73, 0x74, 0x73, 0x72, 0x70,
  0x70, 0x6f, 0x6e, 0x6e, 0x68, 0x66, 0x64, 0x65, 0x70, 0x7c, 0x87, 0x8a,
  0x85, 0x82, 0x81, 0x8a, 0x96, 0xa0, 0xa9, 0xaf, 0xb6, 0xba, 0xbd, 0xbd,
  0xbb, 0xbe, 0xc1, 0xc3, 0xc4, 0xc1, 0xc2, 0xc5, 0xc7, 0xc5, 0xbc, 0xb1,
  0xaa, 0xa7, 0xa7, 0xa8, 0xa8, 0xa6, 0xa2, 0x9c, 0x94, 0x8e, 0x8b, 0x8b,
  0x8b, 0x89, 0x85, 0x83, 0x81, 0x82, 0x83, 0x7f, 0x7e, 0x7d, 0x7c, 0x7c,
  0x7a, 0x79, 0x7a, 0x7e, 0x80, 0x7e, 0x7b, 0x77, 0x78, 0x7c, 0x7c, 0x7c,
  0x7a, 0x77, 0x78, 0x77, 0x75, 0x75, 0x73, 0x71, 0x71, 0x6e, 0x6c, 0x6a,
  0x68, 0x67, 0x66, 0x66, 0x65, 0x62, 0x61, 0x5f, 0x61, 0x61, 0x5f, 0x5f,
  0x5d, 0x5e, 0x60, 0x5f, 0x5f, 0x5f, 0x60, 0x63, 0x63, 0x62, 0x62, 0x63,
  0x66, 0x68, 0x69, 0x67, 0x69, 0x6b, 0x6d, 0x6f, 0x6e, 0x6e, 0x71, 0x72,
  0x72, 0x72, 0x73, 0x74, 0x76, 0x74, 0x73, 0x74, 0x75, 0x75, 0x74, 0x71,
  0x71, 0x72, 0x72, 0x6f, 0x6c, 0x6b, 0x6b, 0x69, 0x64, 0x63, 0x6b, 0x78,
  0x84, 0x89, 0x86, 0x85, 0x88, 0x8e, 0x96, 0x9b, 0x9f, 0xa7, 0xb1, 0xb7,
  0xba, 0xbc, 0xbd, 0xc1, 0xc2, 0xc0, 0xbc, 0xb9, 0xb9, 0xbd, 0xc1, 0xc2,
  0xbf, 0xb9, 0xb3, 0xad, 0xaa, 0xa8, 0xa5, 0xa3, 0xa2, 0xa0, 0x9d, 0x9a,
  0x97, 0x96, 0x95, 0x92, 0x8d, 0x88, 0x84, 0x84, 0x85, 0x84, 0x83, 0x83,
  0x81, 0x80, 0x7d, 0x79, 0x77, 0x78, 0x79, 0x79, 0x78, 0x76, 0x75, 0x77,
  0x78, 0x79, 0x77, 0x73, 0x72, 0x72, 0x72, 0x73, 0x71, 0x6f, 0x6e, 0x6f,
  0x6f, 0x6d, 0x6a, 0x67, 0x68, 0x69, 0x69, 0x68, 0x65, 0x64, 0x66, 0x67,
  0x68, 0x66, 0x65, 0x65, 0x66, 0x68, 0x68, 0x67, 0x67, 0x67, 0x69, 0x6a,
  0x6a, 0x69, 0x68, 0x69, 0x6a, 0x6b, 0x6a, 0x69, 0x69, 0x6a, 0x6b, 0x6b,
  0x6a, 0x6a, 0x6a, 0x6b, 0x6b, 0x6b, 0x6b, 0x6b, 0x6c, 0x6c, 0x6b, 0x6a,
  0x6a, 0x6a, 0x6a, 0x69, 0x67, 0x65, 0x63, 0x63, 0x66, 0x6c, 0x72, 0x77,
  0x79, 0x7b, 0x7e, 0x82, 0x86, 0x89, 0x8d, 0x92, 0x98, 0x9d, 0xa0, 0xa4,
  0xa7, 0xaa, 0xac, 0xad, 0xad, 0xad, 0xae, 0xb0, 0xb2, 0xb4, 0xb5, 0xb5,
  0xb5, 0xb6, 0xb7, 0xb8, 0xb8, 0xb8, 0xb8, 0xb8, 0xb9, 0xb8, 0xb8, 0xb7,
  0xb5, 0xb2, 0xae, 0xab, 0xa8, 0xa5, 0xa1, 0x9d, 0x99, 0x94, 0x91, 0x8d,
  0x8a, 0x86, 0x82, 0x7f, 0x7d, 0x7a, 0x78, 0x76, 0x74, 0x73, 0x72, 0x71,
  0x6f, 0x6d, 0x6b, 0x6a, 0x6a, 0x69, 0x67, 0x65, 0x64, 0x63, 0x63, 0x62,
  0x61, 0x60, 0x60, 0x60, 0x60, 0x60, 0x5f, 0x60, 0x61, 0x61, 0x62, 0x62,
  0x62, 0x63, 0x64, 0x64, 0x64, 0x65, 0x65, 0x66, 0x66, 0x66, 0x66, 0x66,
  0x66, 0x67, 0x67, 0x67, 0x67, 0x67, 0x67, 0x68, 0x68, 0x68, 0x68, 0x68,
  0x69, 0x69, 0x69, 0x69, 0x69, 0x69, 0x69, 0x69, 0x69, 0x69, 0x68, 0x67,
  0x66, 0x65, 0x64, 0x62, 0x62, 0x63, 0x66, 0x69, 0x6c, 0x6e, 0x70, 0x73,
  0x75, 0x77, 0x7a, 0x7e, 0x83, 0x87, 0x8a, 0x8d, 0x91, 0x95, 0x98, 0x9b,
  0x9d, 0x9f, 0xa0, 0xa1, 0xa3, 0xa5, 0xa8, 0xaa, 0xac, 0xae, 0xb1, 0xb2,
  0xb4, 0xb6, 0xb9, 0xbb, 0xbd, 0xbe, 0xbf, 0xbf, 0xc0, 0xc1, 0xc1, 0xc1,
  0xc0, 0xbe, 0xbc, 0xba, 0xb6, 0xb3, 0xb0, 0xad, 0xaa, 0xa6, 0xa2, 0x9d,
  0x9a, 0x97, 0x94, 0x91, 0x8d, 0x8a, 0x88, 0x85, 0x82, 0x7f, 0x7d, 0x7b,
  0x79, 0x76, 0x73, 0x71, 0x6f, 0x6d, 0x6b, 0x68, 0x66, 0x64, 0x63, 0x61,
  0x60, 0x5e, 0x5e, 0x5d, 0x5c, 0x5b, 0x5b, 0x5a, 0x5a, 0x5b, 0x5b, 0x5b,
  0x5b, 0x5c, 0x5c, 0x5c, 0x5d, 0x5d, 0x5e, 0x5e, 0x5f, 0x5f, 0x5f, 0x60,
  0x60, 0x60, 0x61, 0x61, 0x62, 0x62, 0x62, 0x63, 0x64, 0x64, 0x65, 0x65,
  0x66, 0x67, 0x67, 0x68, 0x68, 0x69, 0x6a, 0x6a, 0x6b, 0x6b, 0x6a, 0x6b,
  0x6b, 0x6b, 0x6b, 0x6a, 0x6a, 0x6a, 0x69, 0x68, 0x68, 0x69, 0x6b, 0x6d,
  0x70, 0x72, 0x74, 0x76, 0x78, 0x7a, 0x7c, 0x80, 0x83, 0x87, 0x8a, 0x8d,
  0x90, 0x93, 0x96, 0x99, 0x9b, 0x9d, 0x9f, 0xa1, 0xa2, 0xa4, 0xa6, 0xa9,
  0xab, 0xad, 0xaf, 0xb0, 0xb1, 0xb4, 0xb6, 0xb8, 0xba, 0xbb, 0xbc, 0xbd,
  0xbe, 0xbf, 0xbf, 0xbf, 0xbf, 0xbe, 0xbc, 0xba, 0xb7, 0xb5, 0xb2, 0xaf,
  0xac, 0xa9, 0xa5, 0xa2, 0x9f, 0x9c, 0x99, 0x95, 0x92, 0x8f, 0x8c, 0x89,
  0x86, 0x84, 0x81, 0x7f, 0x7d, 0x7a, 0x78, 0x75, 0x73, 0x71, 0x6f, 0x6d,
  0x6b, 0x68, 0x66, 0x65, 0x63, 0x61, 0x60, 0x5f, 0x5d, 0x5c, 0x5b, 0x5a,
  0x5a, 0x5a, 0x59, 0x59, 0x59, 0x59, 0x59, 0x59, 0x5a, 0x5a, 0x5a, 0x5b,
  0x5b, 0x5c, 0x5c, 0x5c, 0x5d, 0x5e, 0x5e, 0x5f, 0x5f, 0x60, 0x60, 0x61,
  0x62, 0x62, 0x63, 0x64, 0x65, 0x66, 0x67, 0x67, 0x68, 0x69, 0x69, 0x6a,
  0x6b, 0x6b, 0x6c, 0x6d, 0x6d, 0x6d, 0x6e, 0x6e, 0x6e, 0x6e, 0x6e, 0x6d,
  0x6d, 0x6e, 0x6f, 0x70, 0x72, 0x73, 0x75, 0x77, 0x78, 0x7a, 0x7c, 0x7f,
  0x81, 0x84, 0x87, 0x8a, 0x8d, 0x8f, 0x92, 0x95, 0x98, 0x9a, 0x9c, 0x9e,
  0x9f, 0xa1, 0xa3, 0xa5, 0xa7, 0xa9, 0xab, 0xac, 0xad, 0xaf, 0xb1, 0xb2,
  0xb4, 0xb6, 0xb7, 0xb8, 0xb9, 0xb9, 0xba, 0xbb, 0xbb, 0xba, 0xb9, 0xb8,
  0xb7, 0xb6, 0xb4, 0xb3, 0xb1, 0xae, 0xab, 0xa8, 0xa5, 0xa2, 0x9f, 0x9c,
  0x99, 0x96, 0x93, 0x90, 0x8d, 0x8b, 0x89, 0x86, 0x84, 0x82, 0x7f, 0x7d,
  0x7b, 0x79, 0x77, 0x75, 0x73, 0x71, 0x6f, 0x6d, 0x6b, 0x69, 0x67, 0x66,
  0x64, 0x63, 0x61, 0x60, 0x5f, 0x5e, 0x5d, 0x5c, 0x5c, 0x5b, 0x5b, 0x5a,
  0x5a, 0x5a, 0x5a, 0x5a, 0x5a, 0x5a, 0x5b, 0x5b, 0x5b, 0x5b, 0x5c, 0x5c,
  0x5d, 0x5e, 0x5e, 0x5f, 0x5f, 0x60, 0x60, 0x61, 0x62, 0x62, 0x63, 0x64,
  0x64, 0x65, 0x66, 0x67, 0x68, 0x69, 0x69, 0x6a, 0x6b, 0x6c, 0x6c, 0x6d,
  0x6d, 0x6d, 0x6d, 0x6e, 0x6f, 0x70, 0x71, 0x72, 0x73, 0x74, 0x76, 0x77,
  0x79, 0x7a, 0x7c, 0x7e, 0x81, 0x83, 0x85, 0x87, 0x89, 0x8b, 0x8d, 0x8f,
  0x91, 0x93, 0x95, 0x96, 0x98, 0x9a, 0x9c, 0x9d, 0x9f, 0xa0, 0xa2, 0xa3,
  0xa5, 0xa6, 0xa7, 0xa9, 0xaa, 0xab, 0xac, 0xad, 0xae, 0xae, 0xaf, 0xaf,
  0xaf, 0xb0, 0xaf, 0xaf, 0xae, 0xad, 0xac, 0xab, 0xa9, 0xa8, 0xa6, 0xa4,
  0xa3, 0xa1, 0x9f, 0x9d, 0x9b, 0x99, 0x97, 0x95, 0x93, 0x91, 0x8f, 0x8d,
  0x8b, 0x89, 0x87, 0x86, 0x84, 0x82, 0x80, 0x7e, 0x7c, 0x7b, 0x79, 0x77,
  0x75, 0x74, 0x72, 0x70, 0x6f, 0x6d, 0x6c, 0x6a, 0x69, 0x68, 0x67, 0x66,
  0x65, 0x64, 0x63, 0x62, 0x62, 0x61, 0x61, 0x60, 0x60, 0x60, 0x60, 0x60,
  0x60, 0x60, 0x60, 0x60, 0x60, 0x60, 0x60, 0x60, 0x61, 0x61, 0x61, 0x62,
  0x63, 0x63, 0x64, 0x65, 0x65, 0x66, 0x67, 0x68, 0x69, 0x6a, 0x6a, 0x6b,
  0x6c, 0x6d, 0x6d, 0x6e, 0x6f, 0x70, 0x71, 0x71, 0x72, 0x73, 0x74, 0x75,
  0x77, 0x78, 0x79, 0x7a, 0x7b, 0x7d, 0x7e, 0x7f, 0x80, 0x82, 0x83, 0x84,
  0x86, 0x87, 0x88, 0x8a, 0x8b, 0x8c, 0x8d, 0x8e, 0x8f, 0x91, 0x92, 0x93,
  0x94, 0x95, 0x96, 0x97, 0x98, 0x99, 0x99, 0x9a, 0x9b, 0x9c, 0x9d, 0x9d,
  0x9e, 0x9f, 0x9f, 0x9f, 0x9f, 0x9f, 0x9f, 0x9f, 0x9f, 0x9e, 0x9e, 0x9d,
  0x9c, 0x9c, 0x9b, 0x9a, 0x99, 0x98, 0x97, 0x96, 0x94, 0x93, 0x92, 0x91,
  0x90, 0x8e, 0x8d, 0x8c, 0x8b, 0x89, 0x88, 0x87, 0x85, 0x84, 0x83, 0x82,
  0x80, 0x7f, 0x7e, 0x7d, 0x7c, 0x7a, 0x79, 0x78, 0x77, 0x76, 0x75, 0x74,
  0x73, 0x72, 0x71, 0x70, 0x70, 0x6f, 0x6e, 0x6e, 0x6d, 0x6c, 0x6c, 0x6c,
  0x6b, 0x6b, 0x6b, 0x6b, 0x6a, 0x6a, 0x6a, 0x6a, 0x6a, 0x6a, 0x6b, 0x6b,
  0x6b, 0x6b, 0x6c, 0x6c, 0x6d, 0x6d, 0x6e, 0x6e, 0x6f, 0x6f, 0x70, 0x70,
  0x71, 0x71, 0x72, 0x72, 0x73, 0x73, 0x74, 0x74, 0x75, 0x75, 0x76, 0x76,
  0x77, 0x78, 0x78, 0x79, 0x79, 0x7a, 0x7b, 0x7c, 0x7c, 0x7d, 0x7e, 0x7f,
  0x80, 0x80, 0x81, 0x82, 0x83, 0x84, 0x85, 0x86, 0x87, 0x87, 0x88, 0x89,
  0x8a, 0x8b, 0x8b, 0x8c, 0x8d, 0x8d, 0x8e, 0x8e, 0x8f, 0x90, 0x90, 0x91,
  0x91, 0x92, 0x92, 0x93, 0x93, 0x93, 0x94, 0x94, 0x94, 0x94, 0x94, 0x94,
  0x94, 0x94, 0x93, 0x93, 0x93, 0x93, 0x92, 0x92, 0x91, 0x91, 0x90, 0x90,
  0x8f, 0x8e, 0x8e, 0x8d, 0x8c, 0x8b, 0x8b, 0x8a, 0x89, 0x88, 0x87, 0x87,
  0x86, 0x85, 0x84, 0x83, 0x82, 0x81, 0x81, 0x80, 0x7f, 0x7e, 0x7d, 0x7c,
  0x7b, 0x7b, 0x7a, 0x79, 0x78, 0x78, 0x77, 0x77, 0x76, 0x75, 0x75, 0x74,
  0x74, 0x73, 0x73, 0x72, 0x72, 0x72, 0x72, 0x71, 0x71, 0x71, 0x71, 0x71,
  0x71, 0x71, 0x71, 0x71, 0x71, 0x71, 0x71, 0x72, 0x72, 0x72, 0x72, 0x73,
  0x73, 0x73, 0x73, 0x74, 0x74, 0x74, 0x74, 0x74, 0x75, 0x75, 0x75, 0x76,
  0x76, 0x76, 0x76, 0x77, 0x77, 0x78, 0x78, 0x79, 0x79, 0x7a, 0x7a, 0x7b,
  0x7b, 0x7c, 0x7d, 0x7d, 0x7e, 0x7e, 0x7f, 0x80, 0x80, 0x81, 0x82, 0x82,
  0x83, 0x84, 0x84, 0x85, 0x85, 0x86, 0x87, 0x87, 0x88, 0x89, 0x89, 0x8a,
  0x8a, 0x8b, 0x8b, 0x8b, 0x8c, 0x8c, 0x8d, 0x8d, 0x8d, 0x8d, 0x8e, 0x8e,
  0x8e, 0x8e, 0x8e, 0x8e, 0x8e, 0x8e, 0x8e, 0x8e, 0x8e, 0x8d, 0x8d, 0x8d,
  0x8d, 0x8d, 0x8c, 0x8c, 0x8c, 0x8b, 0x8b, 0x8a, 0x8a, 0x8a, 0x89, 0x89,
  0x88, 0x88, 0x87, 0x87, 0x86, 0x86, 0x85, 0x85, 0x84, 0x83, 0x83, 0x82,
  0x82, 0x82, 0x81, 0x80, 0x80, 0x7f, 0x7f, 0x7e, 0x7e, 0x7d, 0x7d, 0x7c,
  0x7c, 0x7c, 0x7b, 0x7a, 0x7a, 0x7a, 0x79, 0x79, 0x79, 0x79, 0x78, 0x78,
  0x78, 0x77, 0x77, 0x77, 0x77, 0x77, 0x77, 0x77, 0x76, 0x76, 0x76, 0x76,
  0x76, 0x76, 0x76, 0x76, 0x76, 0x76, 0x76, 0x76, 0x76, 0x76, 0x76, 0x76,
  0x76, 0x76, 0x76, 0x76, 0x76, 0x77, 0x77, 0x77, 0x77, 0x77, 0x78, 0x77,
  0x78, 0x78, 0x78, 0x79, 0x79, 0x79, 0x7a, 0x7a, 0x7b, 0x7b, 0x7b, 0x7c,
  0x7c, 0x7d, 0x7d, 0x7e, 0x7e, 0x7e, 0x7f, 0x7f, 0x80, 0x80, 0x81, 0x81,
  0x82, 0x83, 0x83, 0x83, 0x84, 0x84, 0x85, 0x85, 0x86, 0x86, 0x86, 0x87,
  0x87, 0x87, 0x87, 0x88, 0x88, 0x88, 0x89, 0x89, 0x89, 0x89, 0x89, 0x89,
  0x89, 0x8a, 0x8a, 0x8a, 0x89, 0x8a, 0x8a, 0x8a, 0x8a, 0x89, 0x8a, 0x89,
  0x89, 0x8a, 0x89, 0x89, 0x89, 0x89, 0x88, 0x88, 0x88, 0x87, 0x88, 0x87,
  0x86, 0x87, 0x86, 0x86, 0x86, 0x85, 0x85, 0x84, 0x84, 0x84, 0x83, 0x83,
  0x82, 0x83, 0x82, 0x81, 0x82, 0x81, 0x81, 0x80, 0x80, 0x80, 0x7f, 0x7f,
  0x7f, 0x7e, 0x7e, 0x7d, 0x7d, 0x7d, 0x7c, 0x7d, 0x7c, 0x7c, 0x7c, 0x7b,
  0x7c, 0x7b, 0x7b, 0x7b, 0x7a, 0x7b, 0x7a, 0x7a, 0x7a, 0x79, 0x7a, 0x7a,
  0x79, 0x79, 0x79, 0x79, 0x79, 0x79, 0x78, 0x79, 0x7a, 0x78, 0x79, 0x78,
  0x78, 0x79, 0x78, 0x7a, 0x78, 0x78, 0x7a, 0x77, 0x79, 0x79, 0x78, 0x79,
  0x78, 0x7b, 0x7b, 0x79, 0x7b, 0x7a, 0x7b, 0x7b, 0x7a, 0x7b, 0x7a, 0x7c,
  0x7c, 0x7c, 0x7e, 0x7d, 0x7d, 0x7e, 0x7e, 0x7f, 0x7e, 0x7f, 0x7f, 0x7f,
  0x81, 0x80, 0x81, 0x81, 0x81, 0x83, 0x81, 0x82, 0x83, 0x82, 0x84, 0x82,
  0x85, 0x84, 0x84, 0x87, 0x84, 0x86, 0x85, 0x84, 0x87, 0x84, 0x87, 0x86,
  0x85, 0x88, 0x86, 0x89, 0x88, 0x87, 0x88, 0x85, 0x8a, 0x88, 0x86, 0x87,
  0x86, 0x89, 0x87, 0x88, 0x89, 0x86, 0x87, 0x86, 0x87, 0x87, 0x86, 0x86,
  0x86, 0x88, 0x85, 0x87, 0x87, 0x83, 0x86, 0x85, 0x84, 0x85, 0x83, 0x85,
  0x83, 0x82, 0x84, 0x82, 0x82, 0x83, 0x82, 0x83, 0x81, 0x80, 0x81, 0x80,
  0x80, 0x80, 0x7f, 0x80, 0x7f, 0x7f, 0x80, 0x7e, 0x7f, 0x7c, 0x7e, 0x80,
  0x7b, 0x7d, 0x7d, 0x7d, 0x7e, 0x7b, 0x7e, 0x7c, 0x79, 0x7b, 0x78, 0x7b,
  0x7b, 0x79, 0x7b, 0x7a, 0x7d, 0x7c, 0x79, 0x7c, 0x77, 0x78, 0x7a, 0x79,
  0x7a, 0x77, 0x79, 0x7b, 0x7a, 0x7c, 0x7a, 0x79, 0x77, 0x79, 0x79, 0x77,
  0x79, 0x79, 0x7a, 0x7b, 0x7b, 0x7c, 0x78, 0x7a, 0x79, 0x78, 0x7a, 0x77,
  0x7b, 0x7a, 0x78, 0x7c, 0x79, 0x7c, 0x7b, 0x7a, 0x7d, 0x7b, 0x7c, 0x79,
  0x7a, 0x7d, 0x7e, 0x85, 0x82, 0x81, 0x84, 0x81, 0x83, 0x82, 0x84, 0x84,
  0x80, 0x83, 0x84, 0x87, 0x89, 0x87, 0x89, 0x89, 0x89, 0x89, 0x87, 0x85,
  0x86, 0x89, 0x8a, 0x8d, 0x8e, 0x8b, 0x8b, 0x8b, 0x8c, 0x8c, 0x8b, 0x89,
  0x89, 0x89, 0x8a, 0x8c, 0x8b, 0x8b, 0x8e, 0x8c, 0x8c, 0x8a, 0x88, 0x8a,
  0x89, 0x8a, 0x8a, 0x8a, 0x89, 0x87, 0x89, 0x88, 0x88, 0x89, 0x84, 0x87,
  0x85, 0x83, 0x85, 0x83, 0x84, 0x84, 0x82, 0x82, 0x81, 0x81, 0x80, 0x7e,
  0x7f, 0x7c, 0x7e, 0x7d, 0x7c, 0x7c, 0x7a, 0x7a, 0x7a, 0x79, 0x78, 0x78,
  0x77, 0x77, 0x77, 0x75, 0x75, 0x75, 0x74, 0x76, 0x76, 0x75, 0x76, 0x74,
  0x74, 0x74, 0x73, 0x73, 0x71, 0x71, 0x72, 0x72, 0x74, 0x74, 0x73, 0x73,
  0x73, 0x73, 0x72, 0x72, 0x71, 0x72, 0x74, 0x74, 0x76, 0x75, 0x73, 0x73,
  0x72, 0x73, 0x74, 0x73, 0x73, 0x73, 0x73, 0x74, 0x74, 0x74, 0x74, 0x73,
  0x73, 0x74, 0x74, 0x73, 0x72, 0x72, 0x71, 0x71, 0x73, 0x72, 0x74, 0x77,
  0x79, 0x7e, 0x83, 0x86, 0x8a, 0x8c, 0x91, 0x95, 0x99, 0x9a, 0x9a, 0x9c,
  0x9d, 0x9f, 0xa0, 0x9f, 0xa0, 0xa0, 0xa1, 0xa3, 0xa3, 0xa4, 0xa3, 0xa3,
  0xa4, 0xa4, 0xa4, 0xa3, 0xa1, 0x9f, 0x9e, 0x9d, 0x9c, 0x9a, 0x98, 0x97,
  0x96, 0x94, 0x94, 0x92, 0x91, 0x91, 0x90, 0x90, 0x8f, 0x8f, 0x8f, 0x8d,
  0x8c, 0x8b, 0x8a, 0x8a, 0x89, 0x86, 0x83, 0x80, 0x7d, 0x7d, 0x7c, 0x7b,
  0x79, 0x75, 0x73, 0x72, 0x71, 0x71, 0x70, 0x6f, 0x6e, 0x6d, 0x6c, 0x6a,
  0x68, 0x67, 0x66, 0x67, 0x68, 0x68, 0x67, 0x65, 0x65, 0x66, 0x68, 0x6b,
  0x6b, 0x6b, 0x6a, 0x6a, 0x6c, 0x6d, 0x6e, 0x6e, 0x6d, 0x6c, 0x6d, 0x6e,
  0x6f, 0x6d, 0x6c, 0x6c, 0x6c, 0x6e, 0x6e, 0x6e, 0x6d, 0x6c, 0x6d, 0x6e,
  0x6f, 0x70, 0x6e, 0x6d, 0x6e, 0x70, 0x71, 0x70, 0x6f, 0x6f, 0x6f, 0x71,
  0x71, 0x71, 0x70, 0x6f, 0x6f, 0x70, 0x71, 0x71, 0x6f, 0x6d, 0x6c, 0x6d,
  0x6e, 0x6d, 0x6b, 0x66, 0x63, 0x62, 0x64, 0x6c, 0x72, 0x79, 0x81, 0x89,
  0x95, 0xa2, 0xaf, 0xbb, 0xc4, 0xcd, 0xd2, 0xd5, 0xd6, 0xd3, 0xcd, 0xc6,
  0xc0, 0xbb, 0xb5, 0xac, 0xa2, 0x9a, 0x94, 0x91, 0x92, 0x92, 0x92, 0x90,
  0x8d, 0x8b, 0x8c, 0x8d, 0x8f, 0x8e, 0x8c, 0x8a, 0x89, 0x89, 0x8a, 0x8c,
  0x8c, 0x8e, 0x91, 0x93, 0x95, 0x94, 0x92, 0x91, 0x8f, 0x8f, 0x8e, 0x89,
  0x82, 0x7a, 0x76, 0x73, 0x70, 0x6e, 0x6a, 0x66, 0x65, 0x65, 0x67, 0x69,
  0x6a, 0x6a, 0x6c, 0x6f, 0x71, 0x71, 0x70, 0x6f, 0x70, 0x70, 0x71, 0x71,
  0x6f, 0x6e, 0x6e, 0x6f, 0x71, 0x72, 0x72, 0x72, 0x72, 0x72, 0x73, 0x73,
  0x72, 0x72, 0x70, 0x70, 0x6e, 0x6d, 0x6c, 0x6c, 0x6d, 0x6c, 0x6c, 0x6c,
  0x6d, 0x6f, 0x6f, 0x70, 0x72, 0x73, 0x74, 0x74, 0x74, 0x75, 0x75, 0x74,
  0x74, 0x75, 0x74, 0x73, 0x72, 0x71, 0x72, 0x72, 0x71, 0x70, 0x6f, 0x6e,
  0x6e, 0x6e, 0x6d, 0x6d, 0x6b, 0x69, 0x68, 0x66, 0x64, 0x61, 0x60, 0x66,
  0x71, 0x7e, 0x8b, 0x95, 0xa0, 0xac, 0xbb, 0xcc, 0xd9, 0xe2, 0xe2, 0xdc,
  0xd5, 0xce, 0xc7, 0xbc, 0xb0, 0xa2, 0x94, 0x88, 0x7f, 0x78, 0x75, 0x74,
  0x76, 0x79, 0x7e, 0x83, 0x87, 0x8b, 0x8f, 0x92, 0x95, 0x98, 0x98, 0x97,
  0x95, 0x93, 0x91, 0x92, 0x93, 0x94, 0x95, 0x95, 0x94, 0x94, 0x93, 0x93,
  0x92, 0x8f, 0x8b, 0x85, 0x7e, 0x78, 0x71, 0x6d, 0x69, 0x64, 0x61, 0x5f,
  0x5f, 0x61, 0x63, 0x66, 0x6b, 0x6f, 0x73, 0x77, 0x79, 0x7b, 0x7c, 0x7c,
  0x7c, 0x7b, 0x79, 0x77, 0x75, 0x74, 0x72, 0x71, 0x71, 0x72, 0x72, 0x72,
  0x73, 0x73, 0x74, 0x74, 0x72, 0x73, 0x72, 0x72, 0x71, 0x6e, 0x6d, 0x6c,
  0x6c, 0x6d, 0x6d, 0x6e, 0x6f, 0x70, 0x73, 0x76, 0x78, 0x7a, 0x7b, 0x7c,
  0x7c, 0x7d, 0x7d, 0x7d, 0x7c, 0x79, 0x77, 0x76, 0x75, 0x74, 0x72, 0x71,
  0x70, 0x71, 0x6f, 0x6f, 0x70, 0x71, 0x71, 0x6f, 0x6e, 0x6e, 0x70, 0x6f,
  0x6c, 0x69, 0x66, 0x68, 0x73, 0x80, 0x8f, 0x9b, 0xa3, 0xae, 0xbd, 0xcd,
  0xdb, 0xe4, 0xe2, 0xdb, 0xd0, 0xc3, 0xb8, 0xab, 0x99, 0x88, 0x77, 0x6a,
  0x62, 0x5c, 0x5a, 0x5c, 0x61, 0x6a, 0x76, 0x82, 0x8b, 0x92, 0x98, 0x9f,
  0xa7, 0xaa, 0xa8, 0xa2, 0x9b, 0x95, 0x92, 0x91, 0x8e, 0x8b, 0x87, 0x85,
  0x89, 0x8d, 0x90, 0x90, 0x8f, 0x8e, 0x8d, 0x8b, 0x85, 0x7f, 0x76, 0x6d,
  0x67, 0x63, 0x5f, 0x5c, 0x58, 0x59, 0x5d, 0x64, 0x6c, 0x72, 0x77, 0x7c,
  0x81, 0x86, 0x8a, 0x8a, 0x87, 0x83, 0x80, 0x7c, 0x79, 0x74, 0x6f, 0x6c,
  0x6b, 0x6c, 0x6d, 0x6e, 0x6f, 0x70, 0x73, 0x75, 0x77, 0x77, 0x77, 0x76,
  0x75, 0x73, 0x70, 0x6e, 0x6e, 0x6e, 0x6d, 0x6c, 0x6c, 0x6e, 0x72, 0x76,
  0x7a, 0x7b, 0x7c, 0x7e, 0x80, 0x84, 0x86, 0x84, 0x7f, 0x7c, 0x7b, 0x7b,
  0x7a, 0x76, 0x72, 0x70, 0x6f, 0x71, 0x73, 0x72, 0x72, 0x71, 0x72, 0x75,
  0x76, 0x77, 0x75, 0x74, 0x73, 0x71, 0x70, 0x6d, 0x6c, 0x71, 0x7c, 0x8b,
  0x98, 0xa2, 0xab, 0xb6, 0xc5, 0xd3, 0xde, 0xe0, 0xda, 0xcf, 0xc1, 0xb5,
  0xa7, 0x97, 0x86, 0x76, 0x67, 0x5d, 0x57, 0x55, 0x58, 0x5f, 0x6a, 0x77,
  0x83, 0x8e, 0x97, 0xa0, 0xa8, 0xad, 0xaf, 0xac, 0xa5, 0x9c, 0x93, 0x8d,
  0x88, 0x84, 0x81, 0x7e, 0x7f, 0x81, 0x85, 0x8a, 0x8f, 0x93, 0x94, 0x93,
  0x91, 0x8c, 0x87, 0x7f, 0x76, 0x6d, 0x64, 0x5e, 0x59, 0x56, 0x56, 0x58,
  0x5d, 0x63, 0x6b, 0x73, 0x7b, 0x80, 0x84, 0x87, 0x8a, 0x8a, 0x87, 0x82,
  0x7c, 0x77, 0x73, 0x6f, 0x6b, 0x68, 0x66, 0x66, 0x69, 0x6c, 0x70, 0x71,
  0x73, 0x76, 0x7a, 0x7c, 0x7b, 0x79, 0x76, 0x74, 0x73, 0x72, 0x6f, 0x6c,
  0x6a, 0x6a, 0x6d, 0x70, 0x73, 0x75, 0x77, 0x7b, 0x7f, 0x82, 0x84, 0x85,
  0x83, 0x81, 0x80, 0x7f, 0x7d, 0x7a, 0x76, 0x73, 0x72, 0x72, 0x71, 0x71,
  0x71, 0x72, 0x73, 0x75, 0x77, 0x78, 0x77, 0x77, 0x77, 0x78, 0x75, 0x71,
  0x6d, 0x6d, 0x74, 0x7e, 0x8b, 0x96, 0x9e, 0xa8, 0xb4, 0xc3, 0xd1, 0xd9,
  0xdc, 0xd6, 0xcc, 0xc0, 0xb2, 0xa5, 0x96, 0x85, 0x74, 0x64, 0x5a, 0x55,
  0x54, 0x57, 0x5e, 0x68, 0x75, 0x83, 0x91, 0x9b, 0xa4, 0xaa, 0xaf, 0xb2,
  0xaf, 0xa8, 0x9d, 0x92, 0x8a, 0x84, 0x80, 0x7c, 0x78, 0x78, 0x7b, 0x81,
  0x88, 0x8d, 0x90, 0x92, 0x94, 0x95, 0x91, 0x89, 0x7f, 0x76, 0x6f, 0x68,
  0x61, 0x59, 0x54, 0x52, 0x56, 0x5c, 0x63, 0x69, 0x6f, 0x77, 0x7f, 0x86,
  0x8a, 0x8a, 0x89, 0x87, 0x83, 0x7e, 0x79, 0x73, 0x6d, 0x67, 0x66, 0x66,
  0x66, 0x66, 0x67, 0x6b, 0x71, 0x76, 0x79, 0x7a, 0x7b, 0x7b, 0x7d, 0x7c,
  0x78, 0x74, 0x70, 0x6d, 0x6d, 0x6c, 0x6c, 0x6b, 0x6c, 0x6f, 0x75, 0x7a,
  0x7d, 0x7f, 0x81, 0x84, 0x86, 0x87, 0x86, 0x83, 0x7f, 0x7c, 0x7a, 0x78,
  0x76, 0x73, 0x70, 0x6f, 0x71, 0x72, 0x75, 0x75, 0x75, 0x75, 0x78, 0x7b,
  0x7c, 0x7a, 0x76, 0x73, 0x71, 0x71, 0x76, 0x7f, 0x89, 0x93, 0x9b, 0xa5,
  0xb1, 0xbe, 0xca, 0xd4, 0xd9, 0xd6, 0xcc, 0xc0, 0xb3, 0xa6, 0x97, 0x87,
  0x76, 0x66, 0x59, 0x53, 0x52, 0x57, 0x5e, 0x67, 0x73, 0x82, 0x91, 0x9e,
  0xa7, 0xad, 0xb1, 0xb4, 0xb1, 0xaa, 0x9f, 0x93, 0x88, 0x81, 0x7c, 0x79,
  0x77, 0x75, 0x77, 0x7c, 0x83, 0x8b, 0x91, 0x95, 0x96, 0x94, 0x91, 0x8d,
  0x87, 0x7e, 0x72, 0x68, 0x61, 0x5c, 0x58, 0x56, 0x56, 0x59, 0x60, 0x67,
  0x70, 0x78, 0x7f, 0x84, 0x88, 0x8b, 0x8c, 0x8a, 0x86, 0x7f, 0x79, 0x74,
  0x6e, 0x6a, 0x66, 0x62, 0x61, 0x63, 0x67, 0x6b, 0x6d, 0x70, 0x74, 0x7a,
  0x7e, 0x7e, 0x7d, 0x7a, 0x79, 0x77, 0x75, 0x73, 0x6e, 0x69, 0x68, 0x6a,
  0x6e, 0x71, 0x71, 0x72, 0x76, 0x7d, 0x82, 0x85, 0x85, 0x83, 0x83, 0x83,
  0x83, 0x80, 0x7c, 0x78, 0x74, 0x72, 0x72, 0x72, 0x72, 0x71, 0x71, 0x72,
  0x75, 0x77, 0x78, 0x79, 0x78, 0x76, 0x74, 0x73, 0x78, 0x82, 0x8e, 0x98,
  0x9e, 0xa5, 0xb0, 0xbd, 0xcb, 0xd3, 0xd5, 0xcf, 0xc5, 0xb9, 0xad, 0xa1,
  0x92, 0x81, 0x70, 0x61, 0x58, 0x54, 0x54, 0x59, 0x62, 0x6e, 0x7d, 0x8c,
  0x9a, 0xa6, 0xaf, 0xb5, 0xb8, 0xb7, 0xb2, 0xa8, 0x9c, 0x8f, 0x84, 0x7c,
  0x77, 0x74, 0x71, 0x71, 0x75, 0x7b, 0x82, 0x8a, 0x91, 0x95, 0x96, 0x94,
  0x90, 0x8b, 0x84, 0x7c, 0x73, 0x6a, 0x62, 0x5b, 0x58, 0x57, 0x59, 0x5d,
  0x62, 0x69, 0x70, 0x77, 0x7e, 0x83, 0x87, 0x88, 0x87, 0x85, 0x81, 0x7d,
  0x77, 0x70, 0x6a, 0x66, 0x63, 0x62, 0x62, 0x62, 0x64, 0x68, 0x6d, 0x71,
  0x75, 0x78, 0x7a, 0x7c, 0x7d, 0x7c, 0x7a, 0x76, 0x73, 0x70, 0x6d, 0x6c,
  0x6b, 0x69, 0x6a, 0x6c, 0x6f, 0x74, 0x78, 0x7a, 0x7c, 0x80, 0x82, 0x85,
  0x85, 0x82, 0x80, 0x7e, 0x7c, 0x7a, 0x78, 0x75, 0x73, 0x71, 0x70, 0x71,
  0x73, 0x74, 0x73, 0x72, 0x6f, 0x71, 0x78, 0x83, 0x8e, 0x97, 0x9e, 0xa6,
  0xb1, 0xbd, 0xc8, 0xd1, 0xd3, 0xce, 0xc5, 0xb9, 0xad, 0xa2, 0x93, 0x83,
  0x73, 0x65, 0x5b, 0x57, 0x57, 0x5c, 0x64, 0x6f, 0x7c, 0x8c, 0x9b, 0xa6,
  0xae, 0xb4, 0xb9, 0xbb, 0xb7, 0xae, 0xa2, 0x95, 0x8c, 0x85, 0x80, 0x7b,
  0x77, 0x73, 0x74, 0x7b, 0x81, 0x88, 0x8b, 0x8c, 0x8f, 0x8f, 0x8c, 0x89,
  0x83, 0x7b, 0x75, 0x6d, 0x67, 0x64, 0x60, 0x5e, 0x60, 0x63, 0x67, 0x6d,
  0x72, 0x77, 0x7c, 0x7f, 0x82, 0x83, 0x81, 0x7f, 0x7c, 0x78, 0x73, 0x6e,
  0x69, 0x66, 0x65, 0x64, 0x64, 0x64, 0x66, 0x69, 0x6d, 0x71, 0x74, 0x76,
  0x77, 0x78, 0x78, 0x78, 0x77, 0x73, 0x70, 0x6e, 0x6d, 0x6d, 0x6c, 0x6a,
  0x6b, 0x6d, 0x70, 0x75, 0x77, 0x79, 0x7b, 0x7c, 0x7e, 0x81, 0x81, 0x7e,
  0x7c, 0x79, 0x79, 0x79, 0x76, 0x73, 0x70, 0x70, 0x70, 0x70, 0x6d, 0x6b,
  0x6e, 0x78, 0x84, 0x91, 0x99, 0xa0, 0xa9, 0xb6, 0xc3, 0xcf, 0xd5, 0xd1,
  0xc9, 0xbf, 0xb5, 0xab, 0x9e, 0x8d, 0x7d, 0x6e, 0x63, 0x5d, 0x5a, 0x5a,
  0x60, 0x6b, 0x77, 0x85, 0x91, 0x9b, 0xa6, 0xaf, 0xb7, 0xbb, 0xb8, 0xb1,
  0xa8, 0x9e, 0x97, 0x90, 0x89, 0x81, 0x7b, 0x77, 0x78, 0x7b, 0x7e, 0x82,
  0x85, 0x87, 0x89, 0x8b, 0x8a, 0x87, 0x82, 0x7c, 0x77, 0x72, 0x6d, 0x68,
  0x63, 0x61, 0x62, 0x64, 0x68, 0x6b, 0x6f, 0x73, 0x77, 0x7a, 0x7d, 0x7f,
  0x7f, 0x7d, 0x79, 0x75, 0x72, 0x6e, 0x6b, 0x69, 0x66, 0x64, 0x62, 0x64,
  0x68, 0x6b, 0x6d, 0x6e, 0x70, 0x73, 0x76, 0x78, 0x77, 0x75, 0x73, 0x71,
  0x71, 0x70, 0x6e, 0x6c, 0x6a, 0x6a, 0x6c, 0x6f, 0x71, 0x72, 0x74, 0x77,
  0x7a, 0x7c, 0x7d, 0x7d, 0x7e, 0x7d, 0x7c, 0x7a, 0x78, 0x76, 0x75, 0x74,
  0x72, 0x6f, 0x6b, 0x6a, 0x6e, 0x77, 0x81, 0x8c, 0x94, 0x9d, 0xa8, 0xb6,
  0xc2, 0xcd, 0xd3, 0xd1, 0xcb, 0xc3, 0xb8, 0xae, 0xa1, 0x92, 0x82, 0x73,
  0x66, 0x5f, 0x5c, 0x5e, 0x63, 0x6a, 0x74, 0x80, 0x8e, 0x99, 0xa3, 0xac,
  0xb2, 0xb6, 0xb7, 0xb2, 0xaa, 0xa1, 0x97, 0x90, 0x8b, 0x84, 0x7e, 0x7a,
  0x77, 0x78, 0x7d, 0x81, 0x85, 0x88, 0x87, 0x88, 0x89, 0x87, 0x84, 0x7f,
  0x78, 0x74, 0x6e, 0x68, 0x65, 0x62, 0x61, 0x63, 0x65, 0x68, 0x6d, 0x70,
  0x73, 0x78, 0x7b, 0x7d, 0x7e, 0x7c, 0x79, 0x77, 0x74, 0x70, 0x6d, 0x6a,
  0x67, 0x66, 0x65, 0x65, 0x67, 0x69, 0x6c, 0x6e, 0x70, 0x72, 0x74, 0x75,
  0x76, 0x76, 0x74, 0x73, 0x72, 0x70, 0x6f, 0x6d, 0x6b, 0x6c, 0x6c, 0x6e,
  0x70, 0x71, 0x73, 0x76, 0x78, 0x7b, 0x7d, 0x7d, 0x7d, 0x7c, 0x7b, 0x7b,
  0x7a, 0x78, 0x75, 0x71, 0x6e, 0x6d, 0x6c, 0x70, 0x77, 0x81, 0x8b, 0x94,
  0x9d, 0xaa, 0xb7, 0xc4, 0xcf, 0xd3, 0xd2, 0xcc, 0xc2, 0xba, 0xb0, 0xa3,
  0x93, 0x83, 0x72, 0x68, 0x62, 0x5e, 0x60, 0x63, 0x69, 0x74, 0x7f, 0x8a,
  0x96, 0xa0, 0xa8, 0xb0, 0xb4, 0xb3, 0xaf, 0xa7, 0x9f, 0x9a, 0x94, 0x8d,
  0x86, 0x7e, 0x79, 0x79, 0x7b, 0x7f, 0x83, 0x84, 0x86, 0x88, 0x8a, 0x8c,
  0x8b, 0x86, 0x81, 0x7b, 0x75, 0x71, 0x6c, 0x67, 0x63, 0x5f, 0x61, 0x64,
  0x67, 0x6a, 0x6d, 0x70, 0x76, 0x7a, 0x7d, 0x7f, 0x7d, 0x7a, 0x78, 0x76,
  0x73, 0x70, 0x6b, 0x67, 0x65, 0x65, 0x66, 0x67, 0x67, 0x69, 0x6b, 0x6f,
  0x72, 0x74, 0x74, 0x74, 0x74, 0x75, 0x75, 0x73, 0x70, 0x6d, 0x6d, 0x6d,
  0x6e, 0x6d, 0x6c, 0x6c, 0x6e, 0x72, 0x76, 0x77, 0x77, 0x77, 0x78, 0x7b,
  0x7c, 0x7a, 0x78, 0x75, 0x73, 0x72, 0x71, 0x6c, 0x69, 0x6b, 0x71, 0x7c,
  0x85, 0x8d, 0x95, 0xa1, 0xaf, 0xbf, 0xcc, 0xd2, 0xd1, 0xce, 0xc9, 0xc3,
  0xbb, 0xae, 0x9f, 0x8e, 0x7e, 0x72, 0x6a, 0x65, 0x64, 0x65, 0x69, 0x71,
  0x7a, 0x84, 0x8e, 0x99, 0xa1, 0xa9, 0xae, 0xae, 0xac, 0xa6, 0xa0, 0x9c,
  0x97, 0x91, 0x8a, 0x82, 0x7e, 0x7d, 0x80, 0x83, 0x85, 0x86, 0x87, 0x89,
  0x8c, 0x8e, 0x8d, 0x88, 0x83, 0x7e, 0x79, 0x74, 0x6d, 0x66, 0x62, 0x60,
  0x61, 0x62, 0x63, 0x65, 0x68, 0x6e, 0x74, 0x78, 0x7a, 0x7a, 0x7a, 0x7b,
  0x7b, 0x78, 0x74, 0x70, 0x6d, 0x6a, 0x68, 0x67, 0x66, 0x65, 0x67, 0x69,
  0x6b, 0x6d, 0x6f, 0x70, 0x73, 0x74, 0x74, 0x74, 0x73, 0x71, 0x70, 0x6e,
  0x6e, 0x6d, 0x6c, 0x6b, 0x6b, 0x6c, 0x6e, 0x70, 0x72, 0x74, 0x76, 0x78,
  0x78, 0x7a, 0x7a, 0x7a, 0x7a, 0x78, 0x76, 0x72, 0x6e, 0x6b, 0x6c, 0x70,
  0x75, 0x7c, 0x83, 0x8b, 0x96, 0xa3, 0xb1, 0xbf, 0xc8, 0xcd, 0xce, 0xcc,
  0xca, 0xc5, 0xbd, 0xb1, 0xa2, 0x92, 0x83, 0x77, 0x6f, 0x6a, 0x67, 0x67,
  0x69, 0x6e, 0x76, 0x7f, 0x8a, 0x93, 0x9c, 0xa2, 0xa6, 0xa6, 0xa5, 0xa3,
  0xa0, 0x9b, 0x95, 0x8f, 0x88, 0x84, 0x81, 0x80, 0x80, 0x81, 0x82, 0x85,
  0x87, 0x8a, 0x8c, 0x8d, 0x8d, 0x8b, 0x89, 0x85, 0x7e, 0x77, 0x71, 0x6c,
  0x67, 0x63, 0x5f, 0x5c, 0x5b, 0x5d, 0x62, 0x66, 0x69, 0x6d, 0x70, 0x75,
  0x7a, 0x7c, 0x7c, 0x7b, 0x79, 0x77, 0x76, 0x74, 0x71, 0x6d, 0x6b, 0x6b,
  0x6c, 0x6c, 0x6d, 0x6d, 0x6e, 0x70, 0x73, 0x74, 0x74, 0x73, 0x73, 0x73,
  0x72, 0x70, 0x6f, 0x6d, 0x6c, 0x6c, 0x6c, 0x6c, 0x6d, 0x6e, 0x70, 0x72,
  0x74, 0x76, 0x77, 0x78, 0x7a, 0x7c, 0x7c, 0x7a, 0x76, 0x73, 0x71, 0x72,
  0x75, 0x78, 0x7b, 0x7f, 0x86, 0x90, 0x9d, 0xaa, 0xb6, 0xbf, 0xc6, 0xcb,
  0xce, 0xcf, 0xcc, 0xc5, 0xbc, 0xaf, 0xa2, 0x93, 0x83, 0x78, 0x6f, 0x69,
  0x66, 0x64, 0x64, 0x67, 0x6d, 0x79, 0x85, 0x90, 0x97, 0x9a, 0x9d, 0xa1,
  0xa3, 0xa4, 0x9f, 0x98, 0x91, 0x8a, 0x85, 0x82, 0x7f, 0x7c, 0x7b, 0x7c,
  0x7e, 0x82, 0x84, 0x88, 0x8b, 0x8e, 0x8f, 0x8d, 0x8a, 0x87, 0x82, 0x7d,
  0x77, 0x70, 0x6a, 0x64, 0x5f, 0x5d, 0x5c, 0x5c, 0x5e, 0x60, 0x63, 0x68,
  0x6d, 0x71, 0x75, 0x78, 0x7a, 0x7b, 0x7c, 0x7b, 0x79, 0x77, 0x74, 0x72,
  0x72, 0x70, 0x6f, 0x6d, 0x6d, 0x6e, 0x70, 0x71, 0x72, 0x72, 0x73, 0x73,
  0x74, 0x73, 0x73, 0x71, 0x70, 0x6f, 0x6d, 0x6d, 0x6c, 0x6c, 0x6d, 0x6d,
  0x6f, 0x70, 0x72, 0x73, 0x75, 0x77, 0x78, 0x78, 0x77, 0x75, 0x73, 0x74,
  0x77, 0x7b, 0x7f, 0x82, 0x86, 0x8e, 0x98, 0xa5, 0xb1, 0xb9, 0xbf, 0xc4,
  0xc7, 0xcb, 0xcb, 0xc8, 0xc0, 0xb6, 0xaa, 0x9d, 0x91, 0x85, 0x7b, 0x73,
  0x6c, 0x68, 0x66, 0x66, 0x6b, 0x72, 0x7b, 0x84, 0x8b, 0x91, 0x96, 0x9a,
  0x9e, 0xa0, 0xa0, 0x9d, 0x97, 0x90, 0x8b, 0x88, 0x85, 0x83, 0x80, 0x7e,
  0x7e, 0x7f, 0x83, 0x86, 0x89, 0x8a, 0x8a, 0x8a, 0x89, 0x88, 0x84, 0x7f,
  0x7a, 0x75, 0x70, 0x6c, 0x67, 0x63, 0x60, 0x5f, 0x60, 0x61, 0x63, 0x64,
  0x67, 0x6a, 0x6f, 0x72, 0x74, 0x76, 0x76, 0x77, 0x77, 0x77, 0x76, 0x74,
  0x72, 0x71, 0x70, 0x70, 0x6f, 0x6d, 0x6e, 0x6f, 0x70, 0x71, 0x71, 0x70,
  0x70, 0x70, 0x71, 0x70, 0x6f, 0x6d, 0x6c, 0x6c, 0x6c, 0x6d, 0x6d, 0x6d,
  0x6d, 0x6e, 0x70, 0x72, 0x74, 0x75, 0x74, 0x73, 0x72, 0x71, 0x73, 0x77,
  0x7a, 0x7e, 0x81, 0x85, 0x8d, 0x97, 0xa3, 0xad, 0xb5, 0xbb, 0xc0, 0xc4,
  0xc8, 0xca, 0xc7, 0xc2, 0xba, 0xb0, 0xa6, 0x9c, 0x93, 0x8a, 0x83, 0x7b,
  0x75, 0x70, 0x6f, 0x72, 0x77, 0x7c, 0x81, 0x85, 0x8a, 0x8e, 0x93, 0x97,
  0x98, 0x98, 0x96, 0x92, 0x90, 0x8d, 0x89, 0x87, 0x84, 0x83, 0x83, 0x81,
  0x81, 0x82, 0x84, 0x88, 0x89, 0x88, 0x87, 0x84, 0x83, 0x82, 0x7e, 0x7a,
  0x74, 0x6f, 0x6c, 0x68, 0x66, 0x63, 0x62, 0x62, 0x63, 0x64, 0x65, 0x67,
  0x69, 0x6c, 0x6e, 0x70, 0x71, 0x71, 0x72, 0x72, 0x72, 0x72, 0x70, 0x70,
  0x6f, 0x6e, 0x6f, 0x6e, 0x6e, 0x6f, 0x6f, 0x70, 0x70, 0x70, 0x70, 0x70,
  0x70, 0x70, 0x6e, 0x6d, 0x6d, 0x6c, 0x6c, 0x6b, 0x6b, 0x6b, 0x6b, 0x6c,
  0x6e, 0x6e, 0x6e, 0x6f, 0x6f, 0x6e, 0x6e, 0x6e, 0x70, 0x73, 0x78, 0x7c,
  0x7f, 0x85, 0x8c, 0x96, 0xa1, 0xaa, 0xb1, 0xb6, 0xbb, 0xc0, 0xc5, 0xc7,
  0xc6, 0xc1, 0xbb, 0xb5, 0xaf, 0xa8, 0xa1, 0x9b, 0x93, 0x8e, 0x89, 0x85,
  0x85, 0x85, 0x87, 0x89, 0x89, 0x8b, 0x8c, 0x8e, 0x90, 0x91, 0x90, 0x8e,
  0x8c, 0x8a, 0x87, 0x85, 0x83, 0x81, 0x80, 0x7f, 0x80, 0x7f, 0x80, 0x81,
  0x82, 0x84, 0x85, 0x85, 0x84, 0x82, 0x80, 0x7f, 0x7d, 0x7b, 0x77, 0x72,
  0x6f, 0x6d, 0x6c, 0x6b, 0x69, 0x68, 0x67, 0x67, 0x69, 0x6b, 0x6b, 0x6b,
  0x6b, 0x6c, 0x6d, 0x6d, 0x6d, 0x6d, 0x6c, 0x6b, 0x6b, 0x6c, 0x6c, 0x6c,
  0x6c, 0x6c, 0x6d, 0x6e, 0x6e, 0x6e, 0x6e, 0x6f, 0x6f, 0x6f, 0x6e, 0x6d,
  0x6d, 0x6d, 0x6c, 0x6d, 0x6c, 0x6c, 0x6b, 0x6c, 0x6d, 0x6e, 0x6f, 0x6f,
  0x6f, 0x6f, 0x6f, 0x6f, 0x6e, 0x6e, 0x70, 0x72, 0x76, 0x78, 0x7b, 0x81,
  0x86, 0x90, 0x99, 0xa0, 0xa7, 0xac, 0xb1, 0xb7, 0xbb, 0xbf, 0xbe, 0xbc,
  0xb9, 0xb5, 0xb1, 0xad, 0xa8, 0xa3, 0x9f, 0x9b, 0x97, 0x95, 0x94, 0x94,
  0x94, 0x94, 0x94, 0x94, 0x93, 0x93, 0x93, 0x91, 0x8f, 0x8d, 0x8b, 0x89,
  0x87, 0x86, 0x84, 0x82, 0x82, 0x83, 0x83, 0x84, 0x83, 0x83, 0x83, 0x84,
  0x84, 0x82, 0x81, 0x7f, 0x7d, 0x7c, 0x7a, 0x78, 0x75, 0x73, 0x73, 0x73,
  0x73, 0x72, 0x70, 0x6f, 0x6f, 0x70, 0x71, 0x70, 0x6e, 0x6d, 0x6c, 0x6c,
  0x6c, 0x6c, 0x6a, 0x6a, 0x69, 0x6a, 0x6a, 0x6a, 0x6a, 0x6a, 0x6b, 0x6c,
  0x6c, 0x6c, 0x6b, 0x6b, 0x6c, 0x6c, 0x6c, 0x6b, 0x6a, 0x6b, 0x6b, 0x6c,
  0x6c, 0x6c, 0x6c, 0x6c, 0x6d, 0x6e, 0x6d, 0x6d, 0x6d, 0x6d, 0x6d, 0x6d,
  0x6e, 0x6f, 0x70, 0x73, 0x75, 0x78, 0x7b, 0x7f, 0x83, 0x86, 0x89, 0x8c,
  0x8e, 0x90, 0x92, 0x93, 0x94, 0x94, 0x94, 0x94, 0x94, 0x95, 0x96, 0x97,
  0x97, 0x98, 0x99, 0x9a, 0x9c, 0x9c, 0x9d, 0x9d, 0x9d, 0x9d, 0x9c, 0x9b,
  0x9a, 0x99, 0x98, 0x97, 0x95, 0x94, 0x93, 0x93, 0x92, 0x92, 0x91, 0x90,
  0x90, 0x8f, 0x8e, 0x8e, 0x8d, 0x8c, 0x8b, 0x8a, 0x89, 0x88, 0x87, 0x86,
  0x84, 0x83, 0x82, 0x81, 0x80, 0x7f, 0x7e, 0x7d, 0x7c, 0x7b, 0x7a, 0x7a,
  0x79, 0x78, 0x78, 0x77, 0x77, 0x76, 0x75, 0x75, 0x74, 0x73, 0x72, 0x72,
  0x71, 0x70, 0x70, 0x6f, 0x6f, 0x6f, 0x6f, 0x6e, 0x6e, 0x6e, 0x6e, 0x6e,
  0x6e, 0x6e, 0x6e, 0x6e, 0x6e, 0x6e, 0x6e, 0x6e, 0x6e, 0x6e, 0x6e, 0x6e,
  0x6e, 0x6f, 0x6f, 0x6f, 0x70, 0x71, 0x72, 0x73, 0x74, 0x75, 0x76, 0x77,
  0x79, 0x7a, 0x7b, 0x7c, 0x7d, 0x7e, 0x7f, 0x80, 0x81, 0x82, 0x83, 0x84,
  0x85, 0x86, 0x87, 0x88, 0x89, 0x8a, 0x8b, 0x8c, 0x8c, 0x8d, 0x8d, 0x8e,
  0x8f, 0x8f, 0x90, 0x90, 0x91, 0x91, 0x91, 0x91, 0x91, 0x92, 0x92, 0x92,
  0x92, 0x92, 0x92, 0x92, 0x92, 0x92, 0x91, 0x91, 0x91, 0x90, 0x90, 0x8f,
  0x8f, 0x8e, 0x8d, 0x8d, 0x8c, 0x8c, 0x8b, 0x8a, 0x89, 0x89, 0x88, 0x87,
  0x86, 0x86, 0x85, 0x84, 0x84, 0x83, 0x82, 0x81, 0x80, 0x80, 0x7f, 0x7e,
  0x7e, 0x7d, 0x7c, 0x7b, 0x7b, 0x7a, 0x79, 0x79, 0x78, 0x78, 0x77, 0x76,
  0x76, 0x75, 0x75, 0x74, 0x74, 0x74, 0x73, 0x73, 0x73, 0x72, 0x72, 0x72,
  0x72, 0x72, 0x71, 0x71, 0x71, 0x71, 0x71, 0x71, 0x70, 0x70, 0x71, 0x71,
  0x71, 0x71, 0x71, 0x71, 0x72, 0x72, 0x73, 0x73, 0x74, 0x74, 0x75, 0x75,
  0x76, 0x77, 0x77, 0x78, 0x79, 0x7a, 0x7a, 0x7b, 0x7c, 0x7c, 0x7d, 0x7e,
  0x7f, 0x80, 0x80, 0x81, 0x82, 0x83, 0x83, 0x84, 0x85, 0x85, 0x86, 0x87,
  0x87, 0x88, 0x89, 0x89, 0x8a, 0x8a, 0x8b, 0x8c, 0x8c, 0x8d, 0x8d, 0x8d,
  0x8d, 0x8e, 0x8e, 0x8e, 0x8e, 0x8e, 0x8e, 0x8f, 0x8f, 0x8f, 0x8f, 0x8e,
  0x8e, 0x8e, 0x8e, 0x8e, 0x8e, 0x8d, 0x8d, 0x8c, 0x8c, 0x8c, 0x8b, 0x8b,
  0x8a, 0x89, 0x89, 0x88, 0x88, 0x87, 0x87, 0x86, 0x85, 0x85, 0x84, 0x83,
  0x83, 0x82, 0x82, 0x81, 0x80, 0x80, 0x7f, 0x7f, 0x7e, 0x7d, 0x7d, 0x7d,
  0x7c, 0x7b, 0x7b, 0x7b, 0x7a, 0x7a, 0x79, 0x79, 0x78, 0x78, 0x78, 0x77,
  0x77, 0x77, 0x76, 0x76, 0x76, 0x76, 0x76, 0x75, 0x75, 0x75, 0x75, 0x75,
  0x75, 0x75, 0x74, 0x75, 0x75, 0x74, 0x74, 0x75, 0x74, 0x74, 0x75, 0x75,
  0x76, 0x76, 0x76, 0x77, 0x77, 0x77, 0x77, 0x78, 0x78, 0x78, 0x79, 0x7a,
  0x7a, 0x7b, 0x7b, 0x7c, 0x7c, 0x7d, 0x7d, 0x7d, 0x7e, 0x7e, 0x7f, 0x80,
  0x80, 0x81, 0x81, 0x81, 0x83, 0x83, 0x83, 0x83, 0x85, 0x85, 0x85, 0x86,
  0x86, 0x86, 0x87, 0x87, 0x88, 0x88, 0x89, 0x89, 0x89, 0x8a, 0x89, 0x89,
  0x8a, 0x8a, 0x8a, 0x8a, 0x8b, 0x8a, 0x8b, 0x8b, 0x8a, 0x8b, 0x8b, 0x8a,
  0x8b, 0x8a, 0x8a, 0x8a, 0x89, 0x8a, 0x89, 0x89, 0x89, 0x88, 0x88, 0x87,
  0x87, 0x87, 0x86, 0x86, 0x85, 0x85, 0x85, 0x84, 0x84, 0x83, 0x83, 0x82,
  0x82, 0x82, 0x81, 0x81, 0x81, 0x80, 0x80, 0x7f, 0x7f, 0x7f, 0x7e, 0x7e,
  0x7d, 0x7d, 0x7c, 0x7c, 0x7d, 0x7c, 0x7c, 0x7b, 0x7b, 0x7b, 0x7b, 0x7a,
  0x7a, 0x7a, 0x7a, 0x79, 0x7a, 0x79, 0x79, 0x7a, 0x78, 0x79, 0x7a, 0x78,
  0x78, 0x78, 0x78, 0x78, 0x78, 0x78, 0x78, 0x78, 0x78, 0x78, 0x78, 0x78,
  0x78, 0x78, 0x78, 0x79, 0x78, 0x79, 0x7a, 0x79, 0x79, 0x7b, 0x7a, 0x7a,
  0x7b, 0x7a, 0x7b, 0x7b, 0x7c, 0x7c, 0x7d, 0x7d, 0x7d, 0x7d, 0x7d, 0x7f,
  0x7e, 0x7e, 0x7f, 0x7f, 0x80, 0x80, 0x80, 0x81, 0x81, 0x81, 0x81, 0x82,
  0x83, 0x82, 0x84, 0x83, 0x84, 0x85, 0x84, 0x85, 0x84, 0x85, 0x85, 0x85,
  0x86, 0x85, 0x86, 0x86, 0x86, 0x87, 0x86, 0x87, 0x87, 0x86, 0x88, 0x86,
  0x87, 0x87, 0x87, 0x87, 0x87, 0x87, 0x87, 0x87, 0x87, 0x86, 0x86, 0x86,
  0x86, 0x85, 0x86, 0x86, 0x85, 0x84, 0x85, 0x84, 0x84, 0x84, 0x83, 0x83,
  0x83, 0x83, 0x83, 0x82, 0x82, 0x82, 0x82, 0x82, 0x81, 0x81, 0x81, 0x80,
  0x80, 0x80, 0x80, 0x80, 0x7f, 0x7f, 0x7f, 0x7f, 0x7e, 0x7e, 0x7e, 0x7e,
  0x7e, 0x7d, 0x7d, 0x7d, 0x7c, 0x7d, 0x7d, 0x7c, 0x7d, 0x7c, 0x7c, 0x7c,
  0x7c, 0x7c, 0x7c, 0x7b, 0x7b, 0x7b, 0x7b, 0x7b, 0x7b, 0x7b, 0x7b, 0x7b,
  0x7b, 0x7b, 0x7b, 0x7b, 0x7b, 0x7b, 0x7b, 0x7b, 0x7b, 0x7b, 0x7b, 0x7b,
  0x7c, 0x7b, 0x7b, 0x7c, 0x7b, 0x7d, 0x7c, 0x7c, 0x7d, 0x7d, 0x7d, 0x7d,
  0x7d, 0x7d, 0x7d, 0x7e, 0x7e, 0x7e, 0x7f, 0x7e, 0x7f, 0x7f, 0x7f, 0x80,
  0x7f, 0x80, 0x80, 0x80, 0x81, 0x80, 0x81, 0x81, 0x81, 0x82, 0x82, 0x82,
  0x82, 0x82, 0x83, 0x83, 0x83, 0x83, 0x83, 0x83, 0x83, 0x84, 0x84, 0x84,
  0x84, 0x84, 0x84, 0x84, 0x84, 0x84, 0x84, 0x84, 0x85, 0x84, 0x84, 0x84,
  0x84, 0x84, 0x84, 0x84, 0x84, 0x84, 0x84, 0x84, 0x84, 0x84, 0x84, 0x84,
  0x83, 0x83, 0x83, 0x83, 0x83, 0x83, 0x83, 0x82, 0x82, 0x82, 0x82, 0x82,
  0x82, 0x82, 0x82, 0x81, 0x81, 0x81, 0x81, 0x81, 0x80, 0x80, 0x80, 0x80,
  0x80, 0x80, 0x80, 0x7f, 0x7f, 0x7f, 0x7f, 0x7f, 0x7f, 0x7f, 0x7f, 0x7e,
  0x7e, 0x7e, 0x7e, 0x7e, 0x7e, 0x7e, 0x7e, 0x7e, 0x7e, 0x7e, 0x7d, 0x7d,
  0x7d, 0x7d, 0x7d, 0x7d, 0x7d, 0x7d, 0x7d, 0x7d, 0x7d, 0x7d, 0x7d, 0x7d,
  0x7d, 0x7d, 0x7d, 0x7d, 0x7d, 0x7d, 0x7d, 0x7d, 0x7d, 0x7d, 0x7d, 0x7e,
  0x7e, 0x7d, 0x7e, 0x7e, 0x7e, 0x7e, 0x7e, 0x7e, 0x7e, 0x7e, 0x7e, 0x7e,
  0x7e, 0x7f, 0x7f, 0x7f, 0x7f, 0x7f, 0x7f, 0x7f, 0x7f, 0x7f, 0x80, 0x7f,
  0x80, 0x80, 0x80, 0x80, 0x80, 0x80, 0x80, 0x81, 0x81, 0x81, 0x81, 0x81,
  0x81, 0x81, 0x81, 0x81, 0x81, 0x82, 0x82, 0x82, 0x82, 0x82, 0x82, 0x82,
  0x82, 0x82, 0x82, 0x82, 0x82, 0x82, 0x82, 0x82, 0x82, 0x82, 0x82, 0x82,
  0x82, 0x82, 0x82, 0x82, 0x82, 0x82, 0x82, 0x82, 0x82, 0x82, 0x82, 0x82,
  0x82, 0x82, 0x82, 0x82, 0x82, 0x81, 0x81, 0x81, 0x81, 0x81, 0x81, 0x81,
  0x81, 0x81, 0x81, 0x81, 0x81, 0x80, 0x80, 0x80, 0x80, 0x80, 0x80, 0x80,
  0x80, 0x80, 0x80, 0x80, 0x7f, 0x7f, 0x7f, 0x7f, 0x7f, 0x7f, 0x7f, 0x7f,
  0x7f, 0x7f, 0x7f, 0x7f, 0x7f, 0x7f, 0x7f, 0x7f, 0x7f, 0x7f, 0x7f, 0x7f,
  0x7f, 0x7f, 0x7f, 0x7f, 0x7e, 0x7e, 0x7f, 0x7e, 0x7e, 0x7f, 0x7e, 0x7e,
  0x7f, 0x7e, 0x7e, 0x7f, 0x7f, 0x7e, 0x7f, 0x7e, 0x7e, 0x7f, 0x7e, 0x7e,
  0x7f, 0x7e, 0x7e, 0x7f, 0x7f, 0x7f, 0x7f, 0x7f, 0x7f, 0x7f, 0x7f, 0x7f,
  0x7f, 0x7f, 0x7f, 0x7f, 0x7f, 0x7f, 0x7f, 0x7f, 0x80, 0x80, 0x80, 0x80,
  0x80, 0x80, 0x81, 0x80, 0x80, 0x81, 0x80, 0x80, 0x80, 0x80, 0x81, 0x81,
  0x81, 0x81, 0x81, 0x81, 0x80, 0x81, 0x81, 0x80, 0x81, 0x80, 0x82, 0x83,
  0x82, 0x82, 0x81, 0x80, 0x7e, 0x7c, 0x7f, 0x7f, 0x7e, 0x7f, 0x80, 0x7f,
  0x7f, 0x81, 0x7f, 0x7e, 0x80, 0x7f, 0x7f, 0x80, 0x81, 0x81, 0x80, 0x81,
  0x82, 0x80, 0x80, 0x82, 0x81, 0x81, 0x81, 0x81, 0x81, 0x7d, 0x7e, 0x82,
  0x7d, 0x81, 0x84, 0x7e, 0x83, 0x85, 0x83, 0x83, 0x81, 0x81, 0x80, 0x81,
  0x82, 0x7e, 0x7d, 0x7f, 0x7f, 0x81, 0x80, 0x7f, 0x7f, 0x80, 0x81, 0x7e,
  0x7e, 0x7f, 0x7f, 0x81, 0x80, 0x80, 0x81, 0x80, 0x80, 0x80, 0x7e, 0x7b,
  0x7f, 0x84, 0x7f, 0x7f, 0x81, 0x7d, 0x80, 0x82, 0x80, 0x7e, 0x7f, 0x82,
  0x7f, 0x81, 0x80, 0x7b, 0x7f, 0x82, 0x86, 0x83, 0x7e, 0x84, 0x81, 0x7f,
  0x80, 0x7c, 0x81, 0x80, 0x82, 0x85, 0x7d, 0x7d, 0x81, 0x84, 0x84, 0x81,
  0x83, 0x7e, 0x7c, 0x7e, 0x7e, 0x81, 0x80, 0x82, 0x81, 0x7e, 0x81, 0x82,
  0x83, 0x84, 0x80, 0x80, 0x7f, 0x7f, 0x7e, 0x7e, 0x81, 0x80, 0x80, 0x80,
  0x7c, 0x80, 0x82, 0x80, 0x81, 0x7e, 0x81, 0x80, 0x7f, 0x83, 0x82, 0x82,
  0x83, 0x84, 0x82, 0x7f, 0x82, 0x84, 0x83, 0x80, 0x7e, 0x7f, 0x7d, 0x80,
  0x82, 0x79, 0x7a, 0x7d, 0x7b, 0x7e, 0x7f, 0x7c, 0x7f, 0x81, 0x7e, 0x83,
  0x84, 0x7f, 0x83, 0x87, 0x86, 0x82, 0x7d, 0x7e, 0x83, 0x82, 0x80, 0x84,
  0x82, 0x7d, 0x82, 0x83, 0x7f, 0x80, 0x7f, 0x7f, 0x82, 0x81, 0x82, 0x83,
  0x82, 0x84, 0x82, 0x7e, 0x80, 0x80, 0x7e, 0x80, 0x81, 0x7e, 0x7e, 0x82,
  0x81, 0x7f, 0x80, 0x7e, 0x7e, 0x79, 0x77, 0x7c, 0x7d, 0x7d, 0x7f, 0x7f,
  0x7f, 0x7e, 0x7f, 0x7b, 0x7a, 0x7d, 0x7b, 0x7e, 0x7f, 0x7e, 0x80, 0x7e,
  0x82, 0x85, 0x82, 0x7f, 0x80, 0x85, 0x80, 0x7c, 0x81, 0x81, 0x7f, 0x81,
  0x83, 0x81, 0x80, 0x83, 0x83, 0x81, 0x7f, 0x7c, 0x7b, 0x7c, 0x7d, 0x7b,
  0x7c, 0x7f, 0x7c, 0x7d, 0x7e, 0x7a, 0x7a, 0x79, 0x78, 0x79, 0x78, 0x79,
  0x7a, 0x79, 0x7a, 0x7a, 0x7a, 0x7a, 0x77, 0x76, 0x77, 0x78, 0x78, 0x78,
  0x79, 0x77, 0x78, 0x7b, 0x78, 0x79, 0x79, 0x77, 0x79, 0x79, 0x79, 0x79,
  0x77, 0x7a, 0x7f, 0x81, 0x83, 0x84, 0x85, 0x86, 0x88, 0x8b, 0x8a, 0x8a,
  0x8c, 0x8e, 0x90, 0x92, 0x92, 0x93, 0x94, 0x95, 0x97, 0x98, 0x96, 0x96,
  0x98, 0x97, 0x96, 0x97, 0x97, 0x98, 0x99, 0x99, 0x98, 0x96, 0x94, 0x93,
  0x93, 0x92, 0x90, 0x90, 0x8f, 0x8e, 0x8d, 0x8c, 0x8b, 0x8b, 0x8a, 0x88,
  0x85, 0x82, 0x82, 0x83, 0x82, 0x81, 0x80, 0x7f, 0x7f, 0x7e, 0x7c, 0x7a,
  0x7a, 0x7a, 0x7b, 0x79, 0x76, 0x75, 0x76, 0x76, 0x77, 0x76, 0x72, 0x73,
  0x72, 0x73, 0x74, 0x70, 0x6f, 0x70, 0x70, 0x70, 0x6f, 0x6e, 0x6c, 0x6e,
  0x6d, 0x6c, 0x6e, 0x6a, 0x6b, 0x6c, 0x6a, 0x6b, 0x69, 0x68, 0x69, 0x69,
  0x69, 0x67, 0x66, 0x67, 0x68, 0x6a, 0x68, 0x66, 0x66, 0x65, 0x67, 0x68,
  0x66, 0x66, 0x66, 0x67, 0x66, 0x66, 0x63, 0x62, 0x66, 0x64, 0x63, 0x61,
  0x5e, 0x66, 0x6f, 0x77, 0x7f, 0x7f, 0x83, 0x88, 0x8c, 0x92, 0x93, 0x97,
  0x9b, 0x9e, 0xa3, 0xa2, 0xa7, 0xae, 0xb7, 0xc0, 0xc2, 0xbe, 0xb9, 0xb7,
  0xb7, 0xb7, 0xb8, 0xb4, 0xb4, 0xb2, 0xb0, 0xb0, 0xae, 0xad, 0xae, 0xab,
  0xa6, 0x9f, 0x94, 0x8e, 0x8b, 0x88, 0x89, 0x87, 0x83, 0x83, 0x81, 0x80,
  0x80, 0x7e, 0x7d, 0x7c, 0x7b, 0x78, 0x74, 0x72, 0x71, 0x74, 0x79, 0x7a,
  0x7c, 0x7c, 0x79, 0x7b, 0x7b, 0x7c, 0x7d, 0x7b, 0x7a, 0x78, 0x77, 0x77,
  0x7a, 0x7b, 0x7a, 0x7b, 0x79, 0x79, 0x78, 0x75, 0x73, 0x72, 0x72, 0x72,
  0x70, 0x6d, 0x6b, 0x6c, 0x6d, 0x6e, 0x6e, 0x6a, 0x6a, 0x68, 0x68, 0x68,
  0x66, 0x67, 0x66, 0x66, 0x67, 0x64, 0x67, 0x66, 0x66, 0x69, 0x66, 0x68,
  0x69, 0x66, 0x68, 0x67, 0x69, 0x6a, 0x69, 0x68, 0x66, 0x68, 0x68, 0x69,
  0x68, 0x64, 0x63, 0x60, 0x5e, 0x5f, 0x64, 0x6e, 0x78, 0x81, 0x85, 0x89,
  0x90, 0x95, 0x9e, 0xa2, 0xa4, 0xa7, 0xa6, 0xaa, 0xac, 0xb1, 0xb7, 0xbf,
  0xc7, 0xc8, 0xc6, 0xc0, 0xba, 0xb8, 0xb6, 0xb6, 0xb3, 0xad, 0xaa, 0xa5,
  0xa4, 0xa4, 0xa3, 0xa2, 0x9d, 0x96, 0x8d, 0x84, 0x7e, 0x7b, 0x7c, 0x7c,
  0x7c, 0x79, 0x77, 0x77, 0x77, 0x7b, 0x7c, 0x7c, 0x7b, 0x78, 0x78, 0x77,
  0x78, 0x7a, 0x7c, 0x7f, 0x80, 0x82, 0x82, 0x80, 0x81, 0x80, 0x82, 0x84,
  0x80, 0x7e, 0x7a, 0x77, 0x79, 0x78, 0x78, 0x76, 0x72, 0x72, 0x71, 0x6f,
  0x6f, 0x6c, 0x6d, 0x6c, 0x6a, 0x68, 0x66, 0x68, 0x67, 0x66, 0x66, 0x66,
  0x67, 0x67, 0x67, 0x66, 0x66, 0x67, 0x67, 0x68, 0x67, 0x68, 0x69, 0x67,
  0x6a, 0x6b, 0x6c, 0x6e, 0x6c, 0x6c, 0x6d, 0x6e, 0x6f, 0x6f, 0x6e, 0x6d,
  0x6d, 0x6e, 0x6d, 0x6d, 0x6b, 0x6b, 0x6b, 0x67, 0x66, 0x63, 0x60, 0x64,
  0x6b, 0x76, 0x80, 0x85, 0x89, 0x8e, 0x95, 0x9d, 0xa2, 0xa5, 0xa7, 0xa8,
  0xaa, 0xab, 0xae, 0xb1, 0xb6, 0xbc, 0xbf, 0xc2, 0xc3, 0xbe, 0xb9, 0xb3,
  0xb1, 0xb1, 0xb0, 0xaa, 0xa2, 0x9e, 0x9b, 0x9d, 0x9d, 0x9a, 0x97, 0x91,
  0x8d, 0x8a, 0x84, 0x82, 0x7d, 0x7b, 0x7b, 0x7a, 0x7b, 0x79, 0x77, 0x79,
  0x7a, 0x7e, 0x7f, 0x7d, 0x7c, 0x79, 0x7a, 0x7b, 0x7c, 0x7d, 0x7c, 0x7d,
  0x7e, 0x7f, 0x7f, 0x7e, 0x7f, 0x7f, 0x7e, 0x7c, 0x79, 0x77, 0x74, 0x73,
  0x70, 0x6e, 0x6f, 0x6d, 0x6c, 0x6b, 0x69, 0x6a, 0x69, 0x67, 0x67, 0x66,
  0x67, 0x67, 0x64, 0x64, 0x64, 0x66, 0x68, 0x67, 0x67, 0x67, 0x68, 0x6a,
  0x6b, 0x6c, 0x6c, 0x6c, 0x6c, 0x6d, 0x70, 0x71, 0x71, 0x71, 0x70, 0x73,
  0x75, 0x76, 0x76, 0x73, 0x74, 0x75, 0x75, 0x76, 0x73, 0x73, 0x72, 0x71,
  0x72, 0x70, 0x6e, 0x6b, 0x68, 0x69, 0x6c, 0x72, 0x78, 0x7d, 0x83, 0x89,
  0x90, 0x96, 0x99, 0x9c, 0xa0, 0xa3, 0xa6, 0xa6, 0xa7, 0xa8, 0xaa, 0xaf,
  0xb3, 0xb9, 0xbb, 0xb9, 0xb6, 0xb4, 0xb4, 0xb3, 0xaf, 0xaa, 0xa5, 0xa2,
  0xa1, 0xa0, 0x9d, 0x9b, 0x99, 0x98, 0x96, 0x94, 0x90, 0x8c, 0x88, 0x85,
  0x83, 0x82, 0x81, 0x7f, 0x7d, 0x7c, 0x7d, 0x7e, 0x7f, 0x7f, 0x7e, 0x7d,
  0x7d, 0x7d, 0x7d, 0x7c, 0x7c, 0x7c, 0x7d, 0x7c, 0x7c, 0x7c, 0x7b, 0x7b,
  0x7a, 0x79, 0x78, 0x76, 0x75, 0x74, 0x73, 0x72, 0x72, 0x71, 0x71, 0x71,
  0x70, 0x6f, 0x6e, 0x6d, 0x6d, 0x6d, 0x6c, 0x6b, 0x6b, 0x6b, 0x6b, 0x6c,
  0x6c, 0x6c, 0x6c, 0x6c, 0x6c, 0x6c, 0x6d, 0x6d, 0x6d, 0x6d, 0x6d, 0x6e,
  0x6f, 0x6f, 0x70, 0x70, 0x70, 0x71, 0x71, 0x72, 0x72, 0x72, 0x72, 0x72,
  0x72, 0x72, 0x72, 0x71, 0x71, 0x72, 0x72, 0x73, 0x73, 0x72, 0x72, 0x73,
  0x74, 0x76, 0x78, 0x7a, 0x7c, 0x7e, 0x80, 0x82, 0x83, 0x85, 0x87, 0x88,
  0x8a, 0x8c, 0x8e, 0x8f, 0x90, 0x91, 0x93, 0x94, 0x95, 0x95, 0x95, 0x96,
  0x96, 0x96, 0x97, 0x97, 0x97, 0x97, 0x97, 0x97, 0x97, 0x96, 0x96, 0x96,
  0x96, 0x95, 0x95, 0x94, 0x93, 0x92, 0x92, 0x91, 0x91, 0x90, 0x8f, 0x8e,
  0x8d, 0x8c, 0x8c, 0x8b, 0x8a, 0x89, 0x89, 0x88, 0x87, 0x87, 0x86, 0x85,
  0x85, 0x84, 0x83, 0x82, 0x82, 0x81, 0x80, 0x7f, 0x7f, 0x7e, 0x7e, 0x7d,
  0x7d, 0x7c, 0x7c, 0x7b, 0x7a, 0x7a, 0x79, 0x79, 0x78, 0x78, 0x78, 0x77,
  0x77, 0x76, 0x76, 0x76, 0x76, 0x75, 0x75, 0x75, 0x75, 0x75, 0x75, 0x75,
  0x75, 0x75, 0x75, 0x74, 0x74, 0x74, 0x74, 0x74, 0x74, 0x74, 0x74, 0x74,
  0x74, 0x75, 0x75, 0x75, 0x75, 0x75, 0x75, 0x75, 0x75, 0x76, 0x76, 0x76,
  0x76, 0x77, 0x77, 0x78, 0x78, 0x79, 0x79, 0x7a, 0x7a, 0x7b, 0x7b, 0x7c,
  0x7c, 0x7d, 0x7d, 0x7e, 0x7e, 0x7f, 0x80, 0x80, 0x81, 0x81, 0x82, 0x83,
  0x83, 0x84, 0x84, 0x85, 0x85, 0x86, 0x86, 0x86, 0x87, 0x87, 0x87, 0x88,
  0x88, 0x88, 0x88, 0x89, 0x89, 0x89, 0x89, 0x89, 0x89, 0x89, 0x8a, 0x8a,
  0x8a, 0x8a, 0x8a, 0x8a, 0x89, 0x89, 0x89, 0x89, 0x89, 0x89, 0x88, 0x88,
  0x88, 0x88, 0x87, 0x87, 0x87, 0x87, 0x86, 0x86, 0x86, 0x85, 0x85, 0x85,
  0x84, 0x84, 0x84, 0x83, 0x83, 0x83, 0x82, 0x82, 0x82, 0x81, 0x81, 0x81,
  0x80, 0x80, 0x80, 0x7f, 0x7f, 0x7f, 0x7f, 0x7e, 0x7e, 0x7e, 0x7d, 0x7d,
  0x7d, 0x7d, 0x7c, 0x7c, 0x7c, 0x7c, 0x7c, 0x7b, 0x7b, 0x7b, 0x7b, 0x7b,
  0x7b, 0x7b, 0x7b, 0x7a, 0x7a, 0x7a, 0x7a, 0x7a, 0x7a, 0x7a, 0x7a, 0x7a,
  0x7a, 0x7a, 0x7a, 0x7a, 0x7a, 0x7a, 0x7a, 0x7a, 0x7a, 0x7a, 0x7a, 0x7a,
  0x7b, 0x7b, 0x7b, 0x7b, 0x7b, 0x7b, 0x7c, 0x7c, 0x7c, 0x7c, 0x7c, 0x7d,
  0x7d, 0x7d, 0x7d, 0x7d, 0x7e, 0x7e, 0x7e, 0x7e, 0x7f, 0x7f, 0x7f, 0x80,
  0x80, 0x80, 0x81, 0x81, 0x81, 0x81, 0x82, 0x82, 0x82, 0x83, 0x83, 0x83,
  0x83, 0x83, 0x84, 0x84, 0x84, 0x84, 0x84, 0x84, 0x85, 0x85, 0x85, 0x85,
  0x85, 0x85, 0x85, 0x85, 0x85, 0x85, 0x85, 0x85, 0x85, 0x85, 0x85, 0x85,
  0x85, 0x85, 0x85, 0x85, 0x84, 0x84, 0x84, 0x84, 0x84, 0x84, 0x84, 0x83,
  0x83, 0x83, 0x83, 0x83, 0x83, 0x83, 0x82, 0x82, 0x82, 0x82, 0x82, 0x81,
  0x81, 0x81, 0x81, 0x81, 0x80, 0x80, 0x80, 0x80, 0x80, 0x80, 0x7f, 0x7f,
  0x7f, 0x7f, 0x7f, 0x7f, 0x7e, 0x7e, 0x7e, 0x7e, 0x7e, 0x7e, 0x7e, 0x7d,
  0x7d, 0x7d, 0x7d, 0x7d, 0x7d, 0x7d, 0x7d, 0x7d, 0x7d, 0x7d, 0x7d, 0x7c,
  0x7c, 0x7c, 0x7c, 0x7c, 0x7c, 0x7d, 0x7d, 0x7d, 0x7d, 0x7d, 0x7d, 0x7d,
  0x7d, 0x7d, 0x7d, 0x7d, 0x7d, 0x7d, 0x7d, 0x7d, 0x7d, 0x7d, 0x7d, 0x7d,
  0x7e, 0x7e, 0x7e, 0x7e, 0x7e, 0x7e, 0x7e, 0x7e, 0x7f, 0x7f, 0x7f, 0x7f,
  0x7f, 0x7f, 0x80, 0x80, 0x80, 0x80, 0x80, 0x81, 0x81, 0x81, 0x81, 0x81,
  0x81, 0x82, 0x82, 0x82, 0x82, 0x82, 0x82, 0x82, 0x82, 0x83, 0x83, 0x83,
  0x83, 0x83, 0x83, 0x83, 0x83, 0x83, 0x83, 0x83, 0x83, 0x83, 0x83, 0x83,
  0x83, 0x83, 0x83, 0x83, 0x83, 0x83, 0x83, 0x83, 0x83, 0x83, 0x83, 0x82,
  0x82, 0x82, 0x82, 0x82, 0x82, 0x82, 0x82, 0x82, 0x82, 0x82, 0x81, 0x81,
  0x81, 0x81, 0x81, 0x81, 0x81, 0x81, 0x81, 0x80, 0x80, 0x80, 0x80, 0x80,
  0x80, 0x80, 0x80, 0x7f, 0x7f, 0x7f, 0x7f, 0x7f, 0x7f, 0x7f, 0x7f, 0x7f,
  0x7f, 0x7f, 0x7e, 0x7e, 0x7e, 0x7e, 0x7e, 0x7e, 0x7e, 0x7e, 0x7e, 0x7e,
  0x7e, 0x7e, 0x7e, 0x7e, 0x7e, 0x7e, 0x7e, 0x7e, 0x7e, 0x7e, 0x7e, 0x7e,
  0x7e, 0x7e, 0x7e, 0x7e, 0x7e, 0x7e, 0x7e, 0x7e, 0x7e, 0x7e, 0x7e, 0x7e,
  0x7e, 0x7e, 0x7e, 0x7f, 0x7f, 0x7f, 0x7f, 0x7f, 0x7f, 0x7f, 0x7f, 0x7f,
  0x7f, 0x7f, 0x7f, 0x7f, 0x7f, 0x7f, 0x80, 0x80, 0x80, 0x80, 0x80, 0x80,
  0x80, 0x80, 0x80, 0x80, 0x81, 0x81, 0x81, 0x81, 0x81, 0x81, 0x81, 0x81,
  0x81, 0x81, 0x81, 0x81, 0x82, 0x82, 0x82, 0x82, 0x82, 0x82, 0x82, 0x82,
  0x82, 0x82, 0x82, 0x82, 0x82, 0x82, 0x82, 0x82, 0x82, 0x82, 0x82, 0x82,
  0x82, 0x82, 0x82, 0x82, 0x81, 0x81, 0x81, 0x81, 0x81, 0x81, 0x81, 0x81,
  0x81, 0x81, 0x81, 0x81, 0x81, 0x81, 0x81, 0x81, 0x81, 0x80, 0x80, 0x80,
  0x80, 0x80, 0x80, 0x80, 0x80, 0x80, 0x80, 0x80, 0x80, 0x80, 0x80, 0x7f,
  0x7f, 0x7f, 0x7f, 0x7f, 0x7f, 0x7f, 0x7f, 0x7f, 0x7f, 0x7f, 0x7f, 0x7f,
  0x7f, 0x7f, 0x7f, 0x7f, 0x7f, 0x7f, 0x7f, 0x7f, 0x7f, 0x7f, 0x7f, 0x7f,
  0x7f, 0x7f, 0x7f, 0x7f, 0x7f, 0x7f, 0x7f, 0x7f, 0x7f, 0x7f, 0x7f, 0x7f,
  0x7f, 0x7f, 0x7f, 0x7f, 0x7f, 0x7f, 0x7f, 0x7f, 0x7f, 0x7f, 0x7f, 0x7f,
  0x7f, 0x7f, 0x7f, 0x7f, 0x7f, 0x7f, 0x7f, 0x80, 0x80, 0x80, 0x80, 0x80,
  0x80, 0x80, 0x80, 0x80, 0x80, 0x80, 0x80, 0x80, 0x80, 0x80, 0x80, 0x80,
  0x80, 0x80, 0x80, 0x81, 0x81, 0x81, 0x81, 0x81, 0x81, 0x81, 0x81, 0x81,
  0x81, 0x81, 0x81, 0x81, 0x81, 0x81, 0x81, 0x81, 0x81, 0x81, 0x81, 0x80,
  0x80, 0x80, 0x80, 0x80, 0x80, 0x80, 0x80, 0x80, 0x80, 0x80, 0x80, 0x80,
  0x80, 0x80, 0x80, 0x80, 0x80, 0x80, 0x80, 0x80, 0x80, 0x80, 0x80, 0x80,
  0x80, 0x80, 0x80, 0x80, 0x80, 0x80, 0x80, 0x80, 0x80, 0x80, 0x80, 0x80,
  0x80, 0x80, 0x80, 0x80, 0x80, 0x80, 0x80, 0x80, 0x80, 0x80, 0x80, 0x80,
  0x80, 0x80, 0x80, 0x80, 0x80, 0x80, 0x80, 0x80, 0x80, 0x80, 0x80, 0x80,
  0x80, 0x80, 0x80, 0x80, 0x80, 0x80, 0x80, 0x80, 0x80, 0x80, 0x80, 0x80,
  0x80, 0x80, 0x80, 0x80, 0x80, 0x80, 0x80, 0x80, 0x80, 0x80, 0x80, 0x80,
  0x80, 0x80, 0x80, 0x80, 0x80, 0x80, 0x80, 0x80, 0x80, 0x80, 0x80, 0x80,
  0x80, 0x80, 0x80, 0x80, 0x80, 0x80, 0x80, 0x80, 0x80, 0x80, 0x80, 0x80,
  0x80, 0x80, 0x80, 0x80, 0x80, 0x80, 0x80, 0x80, 0x80, 0x80, 0x80, 0x80,
  0x80, 0x80, 0x80, 0x80, 0x80, 0x80, 0x80, 0x80, 0x80, 0x80, 0x80, 0x80,
  0x80, 0x80, 0x80, 0x80, 0x80, 0x80, 0x80, 0x80, 0x80, 0x80, 0x80, 0x81,
  0x80, 0x81, 0x81, 0x80, 0x81, 0x80, 0x80, 0x80, 0x80, 0x80, 0x80, 0x80,
  0x80, 0x80, 0x81, 0x80, 0x80, 0x80, 0x80, 0x80, 0x80, 0x80, 0x80, 0x80,
  0x80, 0x80, 0x80, 0x80, 0x80, 0x80, 0x80, 0x80, 0x7f, 0x80, 0x80, 0x80,
  0x80, 0x80, 0x80, 0x7f, 0x80, 0x80, 0x80, 0x80, 0x80, 0x80, 0x80, 0x7f,
  0x7f, 0x7f, 0x80, 0x80, 0x81, 0x81, 0x80, 0x81, 0x80, 0x80, 0x80, 0x80,
  0x80, 0x80, 0x80, 0x81, 0x80, 0x80, 0x80, 0x80, 0x80, 0x80, 0x80, 0x7f,
  0x7e, 0x7e, 0x7e, 0x7f, 0x7f, 0x7e, 0x7f, 0x80, 0x80, 0x80, 0x7f, 0x7f,
  0x7f, 0x80, 0x80, 0x80, 0x80, 0x80, 0x80, 0x80, 0x80, 0x81, 0x80, 0x7f,
  0x7f, 0x7f, 0x7f, 0x7f, 0x7f, 0x7f, 0x81, 0x81, 0x81, 0x81, 0x81, 0x80,
  0x80, 0x80, 0x7f, 0x80, 0x81, 0x80, 0x80, 0x81, 0x80, 0x80, 0x80, 0x80,
  0x7f, 0x80, 0x80, 0x80, 0x81, 0x80, 0x82, 0x82, 0x83, 0x83, 0x81, 0x82,
  0x80, 0x80, 0x80, 0x80, 0x82, 0x7e, 0x7e, 0x7f, 0x7e, 0x80, 0x7e, 0x7e,
  0x7f, 0x7e, 0x80, 0x7f, 0x80, 0x80, 0x7d, 0x80, 0x81, 0x84, 0x84, 0x81,
  0x83, 0x82, 0x82, 0x82, 0x80, 0x81, 0x7f, 0x7e, 0x80, 0x7f, 0x81, 0x80,
  0x7f, 0x80, 0x7f, 0x80, 0x7f, 0x7e, 0x7f, 0x7e, 0x7f, 0x80, 0x80, 0x81,
  0x80, 0x80, 0x81, 0x81, 0x81, 0x7f, 0x7e, 0x7f, 0x7f, 0x82, 0x82, 0x81,
  0x80, 0x7f, 0x80, 0x80, 0x7f, 0x7f, 0x7f, 0x80, 0x80, 0x80, 0x7f, 0x7e,
  0x7f, 0x80, 0x81, 0x82, 0x82, 0x80, 0x7f, 0x7e, 0x7e, 0x7f, 0x7e, 0x7d,
  0x7d, 0x7d, 0x7f, 0x80, 0x80, 0x7f, 0x7f, 0x7f, 0x80, 0x82, 0x82, 0x80,
  0x80, 0x81, 0x82, 0x83, 0x83, 0x83, 0x81, 0x80, 0x81, 0x82, 0x81, 0x7f,
  0x80, 0x80, 0x81, 0x80, 0x7f, 0x7e, 0x7f, 0x81, 0x82, 0x81, 0x80, 0x80,
  0x7f, 0x7e, 0x7e, 0x7d, 0x7c, 0x7e, 0x80, 0x83, 0x84, 0x84, 0x83, 0x81,
  0x82, 0x80, 0x7e, 0x7d, 0x7d, 0x80, 0x81, 0x84, 0x84, 0x82, 0x81, 0x7f,
  0x7d, 0x7b, 0x78, 0x79, 0x7b, 0x7f, 0x82, 0x83, 0x83, 0x80, 0x7f, 0x7c,
  0x7b, 0x7d, 0x7e, 0x81, 0x84, 0x86, 0x87, 0x85, 0x84, 0x82, 0x81, 0x81,
  0x7f, 0x7f, 0x80, 0x80, 0x81, 0x80, 0x80, 0x7f, 0x7e, 0x7e, 0x7e, 0x7e,
  0x7e, 0x7e, 0x7f, 0x80, 0x81, 0x80, 0x7f, 0x7f, 0x81, 0x82, 0x83, 0x84,
  0x84, 0x83, 0x82, 0x81, 0x80, 0x7d, 0x7a, 0x79, 0x7a, 0x7f, 0x82, 0x82,
  0x82, 0x81, 0x80, 0x7d, 0x7b, 0x7a, 0x7c, 0x7f, 0x82, 0x86, 0x8a, 0x89,
  0x85, 0x82, 0x80, 0x80, 0x7e, 0x7d, 0x7d, 0x7f, 0x80, 0x83, 0x83, 0x83,
  0x81, 0x7e, 0x7d, 0x7c, 0x7f, 0x80, 0x7f, 0x80, 0x7f, 0x7f, 0x80, 0x80,
  0x83, 0x84, 0x85, 0x84, 0x82, 0x81, 0x7e, 0x7c, 0x7b, 0x79, 0x7a, 0x7b,
  0x7d, 0x80, 0x81, 0x81, 0x7f, 0x7f, 0x80, 0x7f, 0x7e, 0x7d, 0x7e, 0x81,
  0x84, 0x86, 0x86, 0x87, 0x85, 0x83, 0x81, 0x7e, 0x7d, 0x7b, 0x7a, 0x7d,
  0x81, 0x85, 0x85, 0x84, 0x82, 0x7f, 0x7d, 0x7c, 0x7d, 0x80, 0x81, 0x82,
  0x82, 0x82, 0x82, 0x81, 0x80, 0x81, 0x81, 0x81, 0x80, 0x7f, 0x7e, 0x7d,
  0x7d, 0x7e, 0x7f, 0x80, 0x7e, 0x7d, 0x7e, 0x7e, 0x7f, 0x7e, 0x7e, 0x7f,
  0x80, 0x81, 0x82, 0x82, 0x85, 0x86, 0x87, 0x86, 0x82, 0x7e, 0x7c, 0x7d,
  0x80, 0x82, 0x84, 0x84, 0x84, 0x82, 0x7f, 0x7b, 0x78, 0x76, 0x75, 0x78,
  0x7d, 0x82, 0x83, 0x83, 0x83, 0x83, 0x83, 0x7e, 0x7c, 0x7c, 0x7d, 0x81,
  0x85, 0x8b, 0x8b, 0x88, 0x85, 0x81, 0x7f, 0x7d, 0x79, 0x78, 0x78, 0x7c,
  0x80, 0x81, 0x82, 0x80, 0x7f, 0x7e, 0x7e, 0x7f, 0x7e, 0x7e, 0x7e, 0x7e,
  0x82, 0x84, 0x83, 0x83, 0x83, 0x84, 0x84, 0x83, 0x81, 0x7e, 0x7d, 0x7e,
  0x81, 0x83, 0x85, 0x83, 0x81, 0x81, 0x81, 0x80, 0x7c, 0x7b, 0x7d, 0x7f,
  0x81, 0x80, 0x7f, 0x7f, 0x7e, 0x7e, 0x7b, 0x78, 0x76, 0x77, 0x7e, 0x86,
  0x8b, 0x8b, 0x85, 0x81, 0x80, 0x80, 0x7f, 0x7e, 0x81, 0x85, 0x89, 0x8a,
  0x85, 0x7e, 0x76, 0x74, 0x78, 0x7b, 0x7e, 0x7d, 0x7d, 0x7f, 0x80, 0x80,
  0x7c, 0x7b, 0x7e, 0x81, 0x85, 0x84, 0x80, 0x7d, 0x7a, 0x7c, 0x7d, 0x7e,
  0x7e, 0x7d, 0x7f, 0x83, 0x84, 0x81, 0x7a, 0x74, 0x74, 0x7a, 0x81, 0x83,
  0x84, 0x85, 0x86, 0x86, 0x83, 0x7d, 0x76, 0x72, 0x75, 0x7f, 0x88, 0x8c,
  0x87, 0x81, 0x7e, 0x81, 0x89, 0x8a, 0x87, 0x82, 0x7f, 0x82, 0x85, 0x88,
  0x87, 0x85, 0x89, 0x8c, 0x8d, 0x8b, 0x83, 0x7c, 0x77, 0x7a, 0x82, 0x86,
  0x89, 0x89, 0x8a, 0x8b, 0x8a, 0x87, 0x82, 0x7f, 0x7f, 0x82, 0x87, 0x8d,
  0x90, 0x90, 0x8e, 0x8a, 0x84, 0x7f, 0x7c, 0x7c, 0x7e, 0x83, 0x87, 0x89,
  0x87, 0x83, 0x7e, 0x7a, 0x78, 0x78, 0x78, 0x7a, 0x7b, 0x7e, 0x7f, 0x7e,
  0x7a, 0x77, 0x76, 0x76, 0x76, 0x74, 0x73, 0x74, 0x76, 0x7a, 0x7b, 0x79,
  0x75, 0x6e, 0x6b, 0x6b, 0x71, 0x76, 0x75, 0x74, 0x73, 0x71, 0x70, 0x6d,
  0x6c, 0x6d, 0x6e, 0x71, 0x73, 0x74, 0x72, 0x6f, 0x6d, 0x6e, 0x71, 0x74,
  0x76, 0x77, 0x76, 0x75, 0x74, 0x74, 0x75, 0x76, 0x78, 0x7d, 0x82, 0x84,
  0x85, 0x84, 0x82, 0x80, 0x7f, 0x82, 0x86, 0x8a, 0x8e, 0x90, 0x91, 0x91,
  0x90, 0x8e, 0x8c, 0x8d, 0x91, 0x95, 0x9a, 0x9d, 0x9e, 0x9c, 0x99, 0x96,
  0x96, 0x97, 0x9a, 0x9c, 0x9f, 0xa0, 0xa0, 0x9f, 0x9c, 0x99, 0x97, 0x97,
  0x99, 0x9c, 0x9d, 0x9d, 0x9a, 0x98, 0x96, 0x96, 0x96, 0x95, 0x93, 0x91,
  0x92, 0x92, 0x91, 0x8f, 0x8d, 0x8b, 0x8a, 0x89, 0x88, 0x85, 0x83, 0x81,
  0x80, 0x7f, 0x7e, 0x7c, 0x7a, 0x78, 0x77, 0x76, 0x74, 0x71, 0x6e, 0x6d,
  0x6d, 0x6d, 0x6d, 0x6a, 0x68, 0x66, 0x66, 0x65, 0x62, 0x60, 0x5e, 0x5f,
  0x62, 0x63, 0x61, 0x5d, 0x5a, 0x58, 0x5a, 0x5d, 0x5e, 0x5c, 0x5a, 0x5b,
  0x5d, 0x5f, 0x5d, 0x5a, 0x58, 0x58, 0x5b, 0x5c, 0x5d, 0x5e, 0x5d, 0x5c,
  0x5c, 0x5d, 0x61, 0x64, 0x67, 0x69, 0x6b, 0x6e, 0x70, 0x71, 0x74, 0x76,
  0x7a, 0x7f, 0x83, 0x88, 0x8c, 0x8e, 0x90, 0x91, 0x92, 0x95, 0x98, 0x9a,
  0x9e, 0xa0, 0xa3, 0xa5, 0xa4, 0xa4, 0xa3, 0xa1, 0xa1, 0xa0, 0xa4, 0xa7,
  0xa9, 0xaa, 0xa8, 0xa7, 0xa6, 0xa3, 0xa2, 0xa2, 0xa4, 0xa8, 0xa9, 0xa8,
  0xa5, 0xa3, 0xa1, 0x9e, 0x9f, 0xa1, 0xa2, 0xa1, 0x9c, 0x99, 0x98, 0x97,
  0x96, 0x93, 0x91, 0x90, 0x91, 0x91, 0x8e, 0x8a, 0x86, 0x83, 0x83, 0x84,
  0x84, 0x82, 0x7f, 0x7c, 0x78, 0x77, 0x77, 0x75, 0x74, 0x71, 0x71, 0x71,
  0x71, 0x70, 0x6d, 0x69, 0x67, 0x68, 0x6a, 0x6b, 0x69, 0x66, 0x65, 0x64,
  0x65, 0x65, 0x63, 0x62, 0x61, 0x60, 0x62, 0x61, 0x61, 0x60, 0x5c, 0x5c,
  0x5e, 0x61, 0x64, 0x61, 0x5d, 0x5b, 0x5e, 0x61, 0x61, 0x61, 0x5f, 0x5f,
  0x62, 0x62, 0x62, 0x5f, 0x5b, 0x5c, 0x5b, 0x5c, 0x5d, 0x5d, 0x63, 0x6d,
  0x76, 0x7e, 0x7f, 0x7d, 0x7c, 0x7b, 0x81, 0x8a, 0x95, 0xa1, 0xa8, 0xac,
  0xaf, 0xaf, 0xac, 0xa8, 0xa4, 0xa7, 0xb0, 0xb7, 0xba, 0xb8, 0xb0, 0xab,
  0xa6, 0xa1, 0xa2, 0xa0, 0x9f, 0xa4, 0xa5, 0xa7, 0xa7, 0x9d, 0x97, 0x92,
  0x91, 0x97, 0x9b, 0x9c, 0x9e, 0x9c, 0x99, 0x96, 0x92, 0x8f, 0x91, 0x92,
  0x93, 0x96, 0x93, 0x8f, 0x8b, 0x86, 0x85, 0x85, 0x85, 0x85, 0x83, 0x83,
  0x83, 0x82, 0x7e, 0x78, 0x75, 0x75, 0x76, 0x78, 0x76, 0x73, 0x72, 0x70,
  0x72, 0x71, 0x6d, 0x6b, 0x6a, 0x6b, 0x6f, 0x70, 0x6e, 0x6c, 0x69, 0x68,
  0x6a, 0x6b, 0x6c, 0x6b, 0x69, 0x67, 0x68, 0x69, 0x69, 0x68, 0x64, 0x62,
  0x63, 0x65, 0x67, 0x66, 0x61, 0x60, 0x60, 0x62, 0x65, 0x64, 0x62, 0x63,
  0x62, 0x64, 0x67, 0x66, 0x65, 0x62, 0x60, 0x64, 0x67, 0x67, 0x65, 0x5e,
  0x59, 0x59, 0x59, 0x5a, 0x61, 0x69, 0x78, 0x86, 0x89, 0x8b, 0x88, 0x84,
  0x88, 0x8c, 0x96, 0xa7, 0xb4, 0xc0, 0xc7, 0xc5, 0xc0, 0xb9, 0xb2, 0xaf,
  0xb3, 0xba, 0xbd, 0xbd, 0xb7, 0xb0, 0xab, 0xa2, 0x9b, 0x97, 0x94, 0x95,
  0x97, 0x94, 0x90, 0x8a, 0x85, 0x84, 0x84, 0x85, 0x87, 0x88, 0x87, 0x88,
  0x87, 0x87, 0x88, 0x87, 0x88, 0x8a, 0x8e, 0x91, 0x91, 0x8e, 0x88, 0x83,
  0x82, 0x83, 0x86, 0x87, 0x86, 0x86, 0x82, 0x7e, 0x7c, 0x78, 0x75, 0x72,
  0x6e, 0x6f, 0x71, 0x71, 0x72, 0x6e, 0x6a, 0x6a, 0x69, 0x6b, 0x6d, 0x6c,
  0x6c, 0x6d, 0x6d, 0x6f, 0x72, 0x73, 0x72, 0x72, 0x71, 0x73, 0x76, 0x74,
  0x73, 0x71, 0x6d, 0x6f, 0x70, 0x6f, 0x6f, 0x6c, 0x6a, 0x6a, 0x69, 0x69,
  0x69, 0x68, 0x68, 0x68, 0x68, 0x6a, 0x6b, 0x6c, 0x6b, 0x68, 0x69, 0x6b,
  0x6d, 0x6f, 0x6b, 0x68, 0x69, 0x69, 0x6a, 0x69, 0x64, 0x5f, 0x5b, 0x57,
  0x59, 0x63, 0x6d, 0x7d, 0x8c, 0x92, 0x99, 0x9b, 0x94, 0x92, 0x93, 0x99,
  0xac, 0xbe, 0xca, 0xd6, 0xd7, 0xd1, 0xca, 0xbc, 0xb1, 0xaf, 0xae, 0xb0,
  0xb3, 0xb1, 0xad, 0xa9, 0xa0, 0x95, 0x8d, 0x86, 0x82, 0x82, 0x81, 0x81,
  0x81, 0x7c, 0x78, 0x79, 0x79, 0x7d, 0x80, 0x7e, 0x80, 0x81, 0x83, 0x87,
  0x86, 0x86, 0x88, 0x8a, 0x90, 0x92, 0x91, 0x8f, 0x88, 0x84, 0x83, 0x84,
  0x86, 0x85, 0x81, 0x80, 0x7e, 0x7c, 0x79, 0x72, 0x6c, 0x6a, 0x69, 0x6c,
  0x6f, 0x6c, 0x6b, 0x6a, 0x68, 0x6b, 0x6a, 0x69, 0x6b, 0x6b, 0x6d, 0x71,
  0x73, 0x74, 0x74, 0x73, 0x74, 0x75, 0x77, 0x76, 0x74, 0x74, 0x73, 0x74,
  0x74, 0x71, 0x70, 0x70, 0x70, 0x71, 0x6f, 0x6d, 0x6d, 0x6c, 0x6d, 0x6f,
  0x6f, 0x6e, 0x6e, 0x6c, 0x6f, 0x72, 0x71, 0x70, 0x6e, 0x6d, 0x71, 0x72,
  0x71, 0x6f, 0x6c, 0x6b, 0x6c, 0x6b, 0x6a, 0x68, 0x65, 0x61, 0x60, 0x5b,
  0x5a, 0x60, 0x6b, 0x7e, 0x92, 0x9d, 0xa4, 0xa6, 0xa1, 0xa0, 0x9f, 0xa0,
  0xa9, 0xb8, 0xc7, 0xd7, 0xdf, 0xdc, 0xd2, 0xc0, 0xb0, 0xa6, 0xa0, 0x9f,
  0xa0, 0xa1, 0xa3, 0xa4, 0x9e, 0x95, 0x88, 0x7c, 0x75, 0x72, 0x73, 0x77,
  0x78, 0x79, 0x79, 0x79, 0x7a, 0x7d, 0x7f, 0x80, 0x80, 0x82, 0x85, 0x89,
  0x8b, 0x8b, 0x8a, 0x8c, 0x8f, 0x92, 0x93, 0x90, 0x8a, 0x85, 0x82, 0x80,
  0x7f, 0x7d, 0x7b, 0x7c, 0x7a, 0x78, 0x76, 0x70, 0x6b, 0x67, 0x64, 0x65,
  0x67, 0x69, 0x6a, 0x6a, 0x6a, 0x6a, 0x6c, 0x6b, 0x6a, 0x6a, 0x6c, 0x71,
  0x74, 0x75, 0x75, 0x76, 0x77, 0x79, 0x79, 0x77, 0x77, 0x76, 0x76, 0x78,
  0x76, 0x76, 0x75, 0x73, 0x74, 0x74, 0x74, 0x75, 0x73, 0x71, 0x71, 0x72,
  0x75, 0x76, 0x74, 0x73, 0x73, 0x75, 0x77, 0x77, 0x74, 0x74, 0x73, 0x74,
  0x75, 0x73, 0x74, 0x74, 0x71, 0x70, 0x6e, 0x6e, 0x70, 0x6e, 0x69, 0x67,
  0x68, 0x69, 0x67, 0x60, 0x5b, 0x60, 0x6d, 0x7f, 0x94, 0xa2, 0xae, 0xb5,
  0xb5, 0xb2, 0xac, 0xa8, 0xa7, 0xae, 0xbb, 0xcb, 0xd9, 0xde, 0xd8, 0xca,
  0xb7, 0xa6, 0x98, 0x8d, 0x86, 0x84, 0x88, 0x8f, 0x95, 0x93, 0x8a, 0x7f,
  0x74, 0x6e, 0x6b, 0x6a, 0x6b, 0x6e, 0x73, 0x7a, 0x82, 0x89, 0x8c, 0x8b,
  0x8a, 0x8b, 0x8d, 0x8f, 0x8e, 0x8c, 0x8c, 0x8e, 0x93, 0x97, 0x96, 0x93,
  0x8d, 0x88, 0x83, 0x7d, 0x78, 0x74, 0x71, 0x72, 0x73, 0x74, 0x73, 0x6f,
  0x6a, 0x66, 0x64, 0x61, 0x60, 0x61, 0x63, 0x66, 0x69, 0x6b, 0x6d, 0x6e,
  0x6e, 0x6f, 0x6f, 0x70, 0x72, 0x73, 0x76, 0x78, 0x7a, 0x7b, 0x7b, 0x7b,
  0x7a, 0x7a, 0x79, 0x76, 0x74, 0x73, 0x74, 0x75, 0x74, 0x72, 0x72, 0x73,
  0x75, 0x74, 0x72, 0x71, 0x72, 0x73, 0x75, 0x75, 0x75, 0x77, 0x77, 0x78,
  0x79, 0x79, 0x79, 0x78, 0x76, 0x76, 0x77, 0x79, 0x78, 0x76, 0x74, 0x73,
  0x73, 0x74, 0x73, 0x71, 0x6f, 0x6e, 0x6e, 0x6f, 0x6f, 0x6e, 0x6c, 0x68,
  0x67, 0x65, 0x67, 0x6f, 0x7a, 0x8b, 0x9e, 0xad, 0xba, 0xc1, 0xc1, 0xbf,
  0xb8, 0xb1, 0xad, 0xae, 0xb5, 0xc0, 0xc9, 0xce, 0xce, 0xc6, 0xb9, 0xaa,
  0x99, 0x89, 0x7d, 0x73, 0x71, 0x75, 0x7c, 0x82, 0x83, 0x80, 0x7d, 0x7a,
  0x76, 0x71, 0x6c, 0x6b, 0x6e, 0x76, 0x80, 0x8b, 0x93, 0x99, 0x9d, 0x9d,
  0x9b, 0x98, 0x94, 0x91, 0x8e, 0x8d, 0x8f, 0x92, 0x92, 0x91, 0x8c, 0x86,
  0x80, 0x79, 0x72, 0x6d, 0x69, 0x67, 0x66, 0x67, 0x67, 0x67, 0x66, 0x64,
  0x62, 0x61, 0x60, 0x61, 0x63, 0x65, 0x68, 0x6b, 0x6f, 0x73, 0x75, 0x76,
  0x77, 0x77, 0x77, 0x78, 0x79, 0x79, 0x7b, 0x7b, 0x7c, 0x7d, 0x7b, 0x7a,
  0x79, 0x76, 0x74, 0x72, 0x71, 0x72, 0x71, 0x71, 0x71, 0x71, 0x73, 0x74,
  0x74, 0x73, 0x71, 0x72, 0x75, 0x76, 0x77, 0x77, 0x77, 0x7a, 0x7b, 0x7c,
  0x7d, 0x7b, 0x7b, 0x7b, 0x7a, 0x7a, 0x7a, 0x79, 0x79, 0x78, 0x77, 0x77,
  0x76, 0x75, 0x74, 0x73, 0x72, 0x72, 0x71, 0x71, 0x71, 0x71, 0x72, 0x71,
  0x70, 0x6e, 0x6d, 0x6c, 0x6d, 0x72, 0x7d, 0x8d, 0x9e, 0xae, 0xbd, 0xc6,
  0xcb, 0xcb, 0xc3, 0xb9, 0xb0, 0xab, 0xab, 0xaf, 0xb7, 0xbf, 0xc5, 0xc5,
  0xbf, 0xb4, 0xa5, 0x94, 0x81, 0x70, 0x67, 0x66, 0x6b, 0x71, 0x78, 0x7e,
  0x84, 0x86, 0x84, 0x7e, 0x76, 0x72, 0x71, 0x74, 0x7a, 0x82, 0x8d, 0x98,
  0xa0, 0xa7, 0xa8, 0xa5, 0xa1, 0x9a, 0x94, 0x90, 0x8d, 0x8a, 0x8a, 0x88,
  0x87, 0x88, 0x85, 0x7f, 0x79, 0x71, 0x6c, 0x69, 0x66, 0x64, 0x62, 0x62,
  0x62, 0x65, 0x65, 0x65, 0x65, 0x64, 0x64, 0x65, 0x67, 0x6a, 0x6e, 0x70,
  0x70, 0x73, 0x76, 0x78, 0x79, 0x77, 0x76, 0x77, 0x79, 0x7a, 0x79, 0x78,
  0x77, 0x77, 0x78, 0x76, 0x74, 0x72, 0x70, 0x70, 0x70, 0x6f, 0x6f, 0x70,
  0x70, 0x71, 0x72, 0x72, 0x72, 0x73, 0x74, 0x74, 0x75, 0x75, 0x76, 0x78,
  0x79, 0x79, 0x79, 0x79, 0x7a, 0x7a, 0x7a, 0x79, 0x78, 0x78, 0x77, 0x78,
  0x78, 0x77, 0x75, 0x74, 0x74, 0x74, 0x74, 0x74, 0x72, 0x72, 0x72, 0x73,
  0x73, 0x73, 0x72, 0x71, 0x70, 0x72, 0x72, 0x71, 0x6f, 0x6b, 0x6a, 0x6e,
  0x77, 0x84, 0x93, 0xa1, 0xb0, 0xbf, 0xca, 0xcf, 0xcb, 0xc1, 0xb6, 0xad,
  0xa9, 0xa8, 0xac, 0xb1, 0xb9, 0xc1, 0xc4, 0xc2, 0xb9, 0xaa, 0x98, 0x85,
  0x74, 0x6a, 0x66, 0x69, 0x6f, 0x78, 0x82, 0x8c, 0x93, 0x94, 0x91, 0x8a,
  0x83, 0x7f, 0x7d, 0x7f, 0x84, 0x8c, 0x96, 0xa0, 0xa8, 0xad, 0xad, 0xa9,
  0xa1, 0x99, 0x92, 0x8c, 0x86, 0x82, 0x80, 0x80, 0x81, 0x81, 0x7f, 0x7b,
  0x76, 0x72, 0x6f, 0x6c, 0x6a, 0x66, 0x64, 0x64, 0x64, 0x66, 0x65, 0x64,
  0x63, 0x62, 0x65, 0x68, 0x6a, 0x6c, 0x6d, 0x6f, 0x71, 0x73, 0x73, 0x71,
  0x70, 0x6e, 0x6f, 0x70, 0x72, 0x74, 0x74, 0x74, 0x74, 0x74, 0x73, 0x71,
  0x6f, 0x6c, 0x6b, 0x6a, 0x6b, 0x6c, 0x6d, 0x6e, 0x70, 0x72, 0x73, 0x73,
  0x73, 0x74, 0x74, 0x74, 0x74, 0x74, 0x76, 0x77, 0x78, 0x79, 0x78, 0x78,
  0x79, 0x79, 0x79, 0x77, 0x76, 0x75, 0x74, 0x74, 0x73, 0x73, 0x71, 0x71,
  0x71, 0x71, 0x72, 0x72, 0x72, 0x72, 0x72, 0x72, 0x73, 0x74, 0x74, 0x74,
  0x73, 0x74, 0x75, 0x76, 0x76, 0x76, 0x75, 0x73, 0x72, 0x71, 0x72, 0x77,
  0x80, 0x8c, 0x98, 0xa7, 0xb6, 0xc3, 0xcc, 0xcd, 0xc9, 0xc1, 0xb9, 0xb0,
  0xa9, 0xa5, 0xa4, 0xa8, 0xae, 0xb4, 0xbb, 0xbd, 0xba, 0xb1, 0xa2, 0x93,
  0x84, 0x79, 0x6f, 0x69, 0x6a, 0x70, 0x7b, 0x86, 0x8f, 0x95, 0x97, 0x97,
  0x94, 0x91, 0x8c, 0x89, 0x88, 0x89, 0x8e, 0x94, 0x99, 0x9e, 0xa0, 0xa1,
  0x9f, 0x9b, 0x96, 0x90, 0x8a, 0x84, 0x7f, 0x7a, 0x77, 0x75, 0x72, 0x70,
  0x6e, 0x6d, 0x6d, 0x6c, 0x6b, 0x69, 0x68, 0x67, 0x65, 0x63, 0x61, 0x60,
  0x60, 0x61, 0x63, 0x67, 0x6a, 0x6e, 0x71, 0x74, 0x76, 0x77, 0x77, 0x75,
  0x73, 0x72, 0x71, 0x71, 0x71, 0x72, 0x72, 0x73, 0x74, 0x75, 0x75, 0x73,
  0x72, 0x71, 0x70, 0x6f, 0x6f, 0x6f, 0x70, 0x71, 0x72, 0x74, 0x75, 0x77,
  0x78, 0x79, 0x79, 0x79, 0x7a, 0x7b, 0x7b, 0x7b, 0x7a, 0x7a, 0x7a, 0x7a,
  0x79, 0x79, 0x78, 0x77, 0x77, 0x76, 0x75, 0x74, 0x74, 0x73, 0x72, 0x72,
  0x72, 0x71, 0x71, 0x71, 0x72, 0x73, 0x73, 0x73, 0x74, 0x74, 0x74, 0x75,
  0x75, 0x75, 0x75, 0x75, 0x76, 0x76, 0x76, 0x76, 0x76, 0x75, 0x75, 0x75,
  0x73, 0x70, 0x6d, 0x6b, 0x6e, 0x73, 0x7b, 0x86, 0x93, 0xa4, 0xb5, 0xc5,
  0xd1, 0xd7, 0xd7, 0xd1, 0xc7, 0xbd, 0xb3, 0xab, 0xa5, 0xa2, 0xa3, 0xa9,
  0xb1, 0xb6, 0xb8, 0xb4, 0xac, 0xa3, 0x97, 0x8a, 0x7e, 0x74, 0x6f, 0x6f,
  0x73, 0x7a, 0x81, 0x88, 0x8d, 0x90, 0x93, 0x93, 0x92, 0x91, 0x8e, 0x8e,
  0x8f, 0x91, 0x94, 0x95, 0x96, 0x97, 0x96, 0x95, 0x93, 0x90, 0x8c, 0x87,
  0x83, 0x7e, 0x7b, 0x78, 0x74, 0x71, 0x6e, 0x6d, 0x6c, 0x6c, 0x6c, 0x6a,
  0x6a, 0x69, 0x67, 0x66, 0x64, 0x63, 0x62, 0x61, 0x63, 0x65, 0x69, 0x6c,
  0x70, 0x73, 0x75, 0x77, 0x78, 0x78, 0x77, 0x75, 0x74, 0x72, 0x72, 0x72,
  0x72, 0x73, 0x73, 0x73, 0x74, 0x74, 0x74, 0x73, 0x71, 0x71, 0x71, 0x71,
  0x72, 0x72, 0x72, 0x73, 0x74, 0x75, 0x76, 0x77, 0x78, 0x78, 0x78, 0x79,
  0x79, 0x79, 0x79, 0x79, 0x79, 0x78, 0x78, 0x78, 0x77, 0x77, 0x76, 0x76,
  0x75, 0x74, 0x74, 0x73, 0x72, 0x71, 0x70, 0x71, 0x71, 0x71, 0x71, 0x72,
  0x72, 0x73, 0x73, 0x74, 0x74, 0x74, 0x75, 0x75, 0x75, 0x75, 0x76, 0x77,
  0x78, 0x78, 0x77, 0x78, 0x79, 0x79, 0x79, 0x79, 0x78, 0x78, 0x78, 0x77,
  0x77, 0x75, 0x73, 0x71, 0x6f, 0x6f, 0x73, 0x78, 0x82, 0x8d, 0x9b, 0xac,
  0xbc, 0xca, 0xd4, 0xd8, 0xd7, 0xd1, 0xc9, 0xbf, 0xb4, 0xac, 0xa5, 0xa3,
  0xa5, 0xa9, 0xae, 0xb2, 0xb2, 0xb0, 0xa9, 0xa2, 0x98, 0x8c, 0x81, 0x78,
  0x74, 0x73, 0x76, 0x7b, 0x80, 0x86, 0x8b, 0x8e, 0x90, 0x91, 0x91, 0x90,
  0x8e, 0x8e, 0x8f, 0x91, 0x92, 0x93, 0x94, 0x94, 0x94, 0x93, 0x91, 0x8d,
  0x89, 0x85, 0x82, 0x7d, 0x7a, 0x76, 0x73, 0x70, 0x6e, 0x6d, 0x6c, 0x6b,
  0x6b, 0x6b, 0x6a, 0x69, 0x68, 0x67, 0x65, 0x63, 0x62, 0x62, 0x63, 0x64,
  0x66, 0x69, 0x6c, 0x70, 0x73, 0x76, 0x77, 0x77, 0x77, 0x76, 0x76, 0x75,
  0x74, 0x73, 0x73, 0x73, 0x74, 0x75, 0x75, 0x75, 0x75, 0x74, 0x74, 0x75,
  0x74, 0x74, 0x73, 0x73, 0x74, 0x75, 0x76, 0x77, 0x77, 0x78, 0x79, 0x7a,
  0x7b, 0x7a, 0x7a, 0x7a, 0x7b, 0x7b, 0x7b, 0x7a, 0x79, 0x79, 0x79, 0x79,
  0x78, 0x77, 0x77, 0x76, 0x75, 0x75, 0x74, 0x74, 0x73, 0x72, 0x72, 0x72,
  0x72, 0x73, 0x72, 0x72, 0x73, 0x74, 0x74, 0x74, 0x74, 0x74, 0x74, 0x76,
  0x76, 0x75, 0x75, 0x75, 0x77, 0x77, 0x77, 0x77, 0x76, 0x77, 0x77, 0x76,
  0x76, 0x75, 0x75, 0x75, 0x75, 0x74, 0x74, 0x73, 0x71, 0x6f, 0x6d, 0x6d,
  0x71, 0x76, 0x7f, 0x8a, 0x99, 0xa9, 0xba, 0xc9, 0xd3, 0xd8, 0xd9, 0xd4,
  0xcd, 0xc4, 0xba, 0xb1, 0xa9, 0xa6, 0xa5, 0xa8, 0xac, 0xaf, 0xb0, 0xaf,
  0xaa, 0xa4, 0x9c, 0x92, 0x88, 0x7f, 0x79, 0x76, 0x77, 0x79, 0x7d, 0x81,
  0x86, 0x8b, 0x8f, 0x91, 0x91, 0x91, 0x90, 0x8f, 0x8f, 0x8f, 0x90, 0x90,
  0x91, 0x91, 0x91, 0x92, 0x91, 0x8f, 0x8c, 0x89, 0x86, 0x82, 0x7e, 0x7a,
  0x75, 0x72, 0x6f, 0x6d, 0x6c, 0x6a, 0x6a, 0x69, 0x69, 0x68, 0x67, 0x66,
  0x63, 0x62, 0x60, 0x5f, 0x60, 0x60, 0x61, 0x64, 0x67, 0x6b, 0x6e, 0x71,
  0x73, 0x74, 0x75, 0x75, 0x75, 0x74, 0x73, 0x72, 0x72, 0x72, 0x73, 0x73,
  0x74, 0x74, 0x75, 0x76, 0x76, 0x75, 0x74, 0x73, 0x73, 0x74, 0x74, 0x73,
  0x73, 0x74, 0x76, 0x77, 0x78, 0x79, 0x79, 0x7a, 0x7b, 0x7b, 0x7b, 0x7b,
  0x7b, 0x7b, 0x7a, 0x7a, 0x7b, 0x7a, 0x7a, 0x79, 0x78, 0x78, 0x78, 0x77,
  0x76, 0x75, 0x75, 0x75, 0x75, 0x74, 0x73, 0x74, 0x74, 0x74, 0x75, 0x75,
  0x75, 0x75, 0x76, 0x76, 0x77, 0x77, 0x77, 0x77, 0x77, 0x77, 0x78, 0x78,
  0x78, 0x79, 0x79, 0x79, 0x79, 0x79, 0x79, 0x79, 0x79, 0x78, 0x77, 0x77,
  0x76, 0x74, 0x72, 0x70, 0x70, 0x72, 0x76, 0x7d, 0x87, 0x94, 0xa2, 0xb2,
  0xc0, 0xca, 0xd1, 0xd2, 0xd0, 0xcb, 0xc3, 0xbb, 0xb4, 0xae, 0xac, 0xac,
  0xaf, 0xb3, 0xb6, 0xb8, 0xb5, 0xb0, 0xa7, 0x9d, 0x92, 0x86, 0x7c, 0x75,
  0x72, 0x72, 0x74, 0x78, 0x7d, 0x82, 0x86, 0x88, 0x89, 0x89, 0x89, 0x88,
  0x87, 0x86, 0x87, 0x88, 0x8b, 0x8c, 0x8d, 0x8f, 0x90, 0x91, 0x90, 0x8f,
  0x8d, 0x8a, 0x87, 0x83, 0x7f, 0x7d, 0x79, 0x76, 0x73, 0x71, 0x71, 0x70,
  0x6f, 0x6e, 0x6b, 0x6a, 0x67, 0x65, 0x62, 0x5f, 0x5e, 0x5d, 0x5e, 0x5f,
  0x61, 0x65, 0x68, 0x6b, 0x6d, 0x6e, 0x71, 0x71, 0x72, 0x72, 0x71, 0x71,
  0x72, 0x73, 0x75, 0x75, 0x76, 0x77, 0x77, 0x78, 0x78, 0x78, 0x77, 0x76,
  0x75, 0x75, 0x75, 0x75, 0x75, 0x75, 0x75, 0x76, 0x77, 0x77, 0x78, 0x78,
  0x78, 0x78, 0x79, 0x79, 0x78, 0x78, 0x78, 0x78, 0x78, 0x78, 0x78, 0x77,
  0x78, 0x78, 0x77, 0x77, 0x77, 0x77, 0x77, 0x76, 0x76, 0x76, 0x76, 0x76,
  0x76, 0x77, 0x77, 0x77, 0x77, 0x77, 0x78, 0x78, 0x78, 0x78, 0x78, 0x78,
  0x79, 0x79, 0x78, 0x78, 0x78, 0x79, 0x7a, 0x79, 0x79, 0x78, 0x78, 0x79,
  0x78, 0x78, 0x78, 0x78, 0x77, 0x76, 0x75, 0x74, 0x72, 0x70, 0x71, 0x75,
  0x7d, 0x87, 0x93, 0xa0, 0xad, 0xba, 0xc4, 0xca, 0xcb, 0xc8, 0xc3, 0xbe,
  0xb9, 0xb5, 0xb3, 0xb4, 0xb7, 0xba, 0xbe, 0xc0, 0xbf, 0xba, 0xb1, 0xa7,
  0x9c, 0x91, 0x88, 0x7f, 0x79, 0x77, 0x78, 0x7b, 0x7e, 0x7f, 0x81, 0x81,
  0x81, 0x81, 0x80, 0x80, 0x7f, 0x80, 0x82, 0x83, 0x86, 0x88, 0x8a, 0x8c,
  0x8d, 0x8e, 0x8f, 0x8f, 0x8f, 0x8d, 0x8c, 0x89, 0x86, 0x82, 0x7f, 0x7b,
  0x78, 0x75, 0x73, 0x72, 0x70, 0x6e, 0x6c, 0x6a, 0x67, 0x64, 0x60, 0x5e,
  0x5c, 0x5b, 0x5b, 0x5c, 0x5e, 0x60, 0x62, 0x65, 0x67, 0x69, 0x6b, 0x6c,
  0x6c, 0x6d, 0x6f, 0x70, 0x71, 0x72, 0x73, 0x75, 0x76, 0x77, 0x77, 0x77,
  0x78, 0x78, 0x78, 0x77, 0x76, 0x77, 0x77, 0x77, 0x76, 0x76, 0x77, 0x78,
  0x78, 0x78, 0x78, 0x78, 0x79, 0x79, 0x79, 0x79, 0x79, 0x79, 0x79, 0x79,
  0x79, 0x79, 0x7a, 0x79, 0x79, 0x79, 0x79, 0x7a, 0x79, 0x78, 0x78, 0x77,
  0x78, 0x77, 0x77, 0x77, 0x76, 0x77, 0x77, 0x77, 0x77, 0x76, 0x76, 0x76,
  0x76, 0x77, 0x77, 0x77, 0x77, 0x77, 0x77, 0x78, 0x78, 0x78, 0x78, 0x78,
  0x78, 0x79, 0x79, 0x78, 0x77, 0x77, 0x78, 0x78, 0x78, 0x77, 0x77, 0x76,
  0x77, 0x76, 0x76, 0x75, 0x73, 0x71, 0x6f, 0x70, 0x74, 0x7c, 0x86, 0x91,
  0x9d, 0xa9, 0xb4, 0xbe, 0xc2, 0xc3, 0xc1, 0xbd, 0xbc, 0xba, 0xb9, 0xba,
  0xb9, 0xbb, 0xbb, 0xbb, 0xbb, 0xb7, 0xb3, 0xad, 0xa6, 0xa1, 0x9b, 0x96,
  0x91, 0x8c, 0x89, 0x87, 0x87, 0x88, 0x87, 0x88, 0x89, 0x8a, 0x8b, 0x8b,
  0x8c, 0x8c, 0x8c, 0x8d, 0x8d, 0x90, 0x91, 0x93, 0x94, 0x94, 0x96, 0x96,
  0x94, 0x93, 0x8f, 0x8d, 0x89, 0x85, 0x82, 0x7e, 0x7c, 0x7a, 0x77, 0x75,
  0x71, 0x6f, 0x6c, 0x69, 0x65, 0x62, 0x5f, 0x5d, 0x5b, 0x5a, 0x59, 0x5a,
  0x5b, 0x5c, 0x5e, 0x5f, 0x62, 0x64, 0x65, 0x67, 0x68, 0x6a, 0x6c, 0x6d,
  0x6d, 0x6e, 0x70, 0x71, 0x71, 0x72, 0x71, 0x72, 0x72, 0x72, 0x73, 0x72,
  0x72, 0x71, 0x70, 0x71, 0x72, 0x72, 0x72, 0x71, 0x72, 0x73, 0x74, 0x75,
  0x75, 0x75, 0x76, 0x76, 0x77, 0x79, 0x79, 0x7a, 0x7a, 0x7a, 0x7b, 0x7c,
  0x7d, 0x7d, 0x7d, 0x7d, 0x7d, 0x7e, 0x7d, 0x7d, 0x7d, 0x7d, 0x7d, 0x7c,
  0x7c, 0x7c, 0x7c, 0x7b, 0x7b, 0x7a, 0x7a, 0x7a, 0x7a, 0x7a, 0x7a, 0x79,
  0x79, 0x7a, 0x79, 0x7a, 0x7a, 0x7a, 0x7a, 0x79, 0x7a, 0x7a, 0x7a, 0x7a,
  0x7a, 0x79, 0x79, 0x79, 0x79, 0x79, 0x79, 0x78, 0x77, 0x78, 0x77, 0x77,
  0x77, 0x76, 0x76, 0x75, 0x74, 0x74, 0x72, 0x70, 0x6e, 0x6d, 0x6f, 0x75,
  0x80, 0x8b, 0x94, 0x9e, 0xa5, 0xad, 0xb4, 0xb8, 0xbb, 0xba, 0xba, 0xb9,
  0xb8, 0xb9, 0xb9, 0xb8, 0xb5, 0xb2, 0xb0, 0xaf, 0xad, 0xa9, 0xa3, 0x9e,
  0x99, 0x96, 0x94, 0x90, 0x8d, 0x8a, 0x88, 0x88, 0x89, 0x8a, 0x8b, 0x8b,
  0x8b, 0x8c, 0x8e, 0x90, 0x91, 0x92, 0x92, 0x93, 0x95, 0x96, 0x97, 0x97,
  0x96, 0x95, 0x94, 0x93, 0x91, 0x8f, 0x8a, 0x87, 0x83, 0x80, 0x7d, 0x79,
  0x75, 0x71, 0x6d, 0x6a, 0x66, 0x63, 0x60, 0x5d, 0x5b, 0x58, 0x58, 0x58,
  0x56, 0x56, 0x57, 0x58, 0x5b, 0x5c, 0x5e, 0x60, 0x62, 0x65, 0x67, 0x69,
  0x6b, 0x6d, 0x6e, 0x6f, 0x71, 0x72, 0x72, 0x72, 0x72, 0x73, 0x73, 0x73,
  0x73, 0x72, 0x72, 0x72, 0x71, 0x72, 0x71, 0x71, 0x71, 0x71, 0x72, 0x73,
  0x73, 0x74, 0x75, 0x76, 0x77, 0x78, 0x79, 0x7b, 0x7c, 0x7d, 0x7e, 0x80,
  0x81, 0x82, 0x83, 0x84, 0x84, 0x85, 0x85, 0x85, 0x86, 0x86, 0x85, 0x85,
  0x84, 0x84, 0x84, 0x83, 0x83, 0x82, 0x81, 0x81, 0x80, 0x81, 0x80, 0x7f,
  0x7e, 0x7e, 0x7e, 0x7e, 0x7e, 0x7d, 0x7c, 0x7d, 0x7d, 0x7d, 0x7d, 0x7c,
  0x7c, 0x7c, 0x7c, 0x7c, 0x7c, 0x7b, 0x7a, 0x7a, 0x7a, 0x7a, 0x7a, 0x79,
  0x78, 0x78, 0x78, 0x77, 0x77, 0x77, 0x76, 0x75, 0x74, 0x74, 0x74, 0x73,
  0x73, 0x72, 0x70, 0x6f, 0x6c, 0x6b, 0x6e, 0x74, 0x7e, 0x88, 0x93, 0x9d,
  0xa6, 0xac, 0xb1, 0xb4, 0xb5, 0xb5, 0xb4, 0xb3, 0xb3, 0xb3, 0xb3, 0xb2,
  0xb1, 0xaf, 0xad, 0xaa, 0xa6, 0xa2, 0x9c, 0x98, 0x94, 0x90, 0x8e, 0x8c,
  0x8a, 0x89, 0x89, 0x89, 0x89, 0x89, 0x89, 0x89, 0x8a, 0x8b, 0x8d, 0x8f,
  0x91, 0x93, 0x95, 0x97, 0x99, 0x99, 0x99, 0x98, 0x98, 0x97, 0x94, 0x92,
  0x90, 0x8d, 0x8a, 0x87, 0x82, 0x7e, 0x7a, 0x76, 0x72, 0x6d, 0x69, 0x65,
  0x62, 0x5e, 0x5c, 0x59, 0x58, 0x56, 0x55, 0x55, 0x55, 0x56, 0x57, 0x58,
  0x5b, 0x5d, 0x60, 0x61, 0x63, 0x66, 0x68, 0x6b, 0x6d, 0x6e, 0x70, 0x71,
  0x72, 0x74, 0x74, 0x75, 0x75, 0x74, 0x75, 0x74, 0x74, 0x74, 0x73, 0x73,
  0x73, 0x72, 0x73, 0x73, 0x73, 0x73, 0x74, 0x75, 0x76, 0x77, 0x77, 0x79,
  0x7a, 0x7c, 0x7d, 0x7f, 0x80, 0x82, 0x83, 0x85, 0x86, 0x87, 0x89, 0x8a,
  0x8a, 0x8b, 0x8c, 0x8c, 0x8c, 0x8c, 0x8c, 0x8c, 0x8b, 0x8a, 0x89, 0x89,
  0x89, 0x87, 0x86, 0x85, 0x84, 0x84, 0x83, 0x82, 0x81, 0x80, 0x7f, 0x7f,
  0x7e, 0x7e, 0x7d, 0x7d, 0x7c, 0x7c, 0x7c, 0x7c, 0x7b, 0x7b, 0x7a, 0x7b,
  0x7b, 0x7b, 0x7a, 0x79, 0x79, 0x79, 0x79, 0x79, 0x78, 0x78, 0x77, 0x77,
  0x77, 0x76, 0x76, 0x76, 0x75, 0x75, 0x74, 0x74, 0x74, 0x74, 0x73, 0x73,
  0x73, 0x73, 0x72, 0x72, 0x71, 0x70, 0x6e, 0x6c, 0x6d, 0x71, 0x78, 0x83,
  0x8d, 0x97, 0x9f, 0xa3, 0xa7, 0xa9, 0xa9, 0xaa, 0xa9, 0xa9, 0xab, 0xae,
  0xb1, 0xb3, 0xb3, 0xb2, 0xaf, 0xab, 0xa6, 0xa0, 0x9c, 0x98, 0x93, 0x91,
  0x8f, 0x8d, 0x8d, 0x8c, 0x8b, 0x8b, 0x8a, 0x89, 0x88, 0x86, 0x85, 0x87,
  0x87, 0x8a, 0x8e, 0x91, 0x95, 0x97, 0x98, 0x99, 0x99, 0x97, 0x95, 0x94,
  0x92, 0x91, 0x8f, 0x8e, 0x8c, 0x88, 0x85, 0x81, 0x7b, 0x77, 0x72, 0x6d,
  0x69, 0x65, 0x62, 0x5f, 0x5c, 0x5b, 0x59, 0x57, 0x56, 0x56, 0x55, 0x55,
  0x56, 0x56, 0x58, 0x5a, 0x5c, 0x5f, 0x62, 0x64, 0x67, 0x69, 0x6b, 0x6d,
  0x6e, 0x70, 0x72, 0x73, 0x74, 0x75, 0x76, 0x76, 0x77, 0x77, 0x77, 0x77,
  0x77, 0x76, 0x76, 0x76, 0x76, 0x76, 0x76, 0x76, 0x77, 0x77, 0x78, 0x79,
  0x79, 0x7b, 0x7c, 0x7d, 0x7f, 0x80, 0x81, 0x83, 0x84, 0x86, 0x87, 0x88,
  0x8a, 0x8a, 0x8b, 0x8c, 0x8d, 0x8d, 0x8d, 0x8d, 0x8e, 0x8e, 0x8e, 0x8d,
  0x8c, 0x8c, 0x8b, 0x8a, 0x89, 0x88, 0x87, 0x86, 0x85, 0x85, 0x84, 0x83,
  0x81, 0x80, 0x80, 0x7f, 0x7f, 0x7d, 0x7d, 0x7c, 0x7b, 0x7c, 0x7b, 0x7a,
  0x7a, 0x79, 0x79, 0x79, 0x79, 0x78, 0x78, 0x78, 0x78, 0x77, 0x77, 0x77,
  0x77, 0x76, 0x76, 0x76, 0x76, 0x76, 0x75, 0x76, 0x76, 0x75, 0x75, 0x75,
  0x75, 0x75, 0x75, 0x75, 0x75, 0x75, 0x75, 0x75, 0x75, 0x75, 0x74, 0x74,
  0x74, 0x75, 0x73, 0x72, 0x70, 0x6f, 0x73, 0x7b, 0x85, 0x8f, 0x96, 0x9c,
  0xa1, 0xa3, 0xa5, 0xa7, 0xa8, 0xaa, 0xaa, 0xab, 0xaf, 0xb1, 0xb3, 0xb5,
  0xb2, 0xb0, 0xab, 0xa5, 0xa0, 0x9b, 0x98, 0x95, 0x93, 0x90, 0x8f, 0x8e,
  0x8d, 0x8d, 0x8c, 0x8a, 0x89, 0x86, 0x84, 0x84, 0x84, 0x86, 0x89, 0x8c,
  0x8f, 0x91, 0x92, 0x93, 0x94, 0x93, 0x92, 0x92, 0x90, 0x8f, 0x8f, 0x8d,
  0x8d, 0x8b, 0x88, 0x86, 0x81, 0x7e, 0x79, 0x75, 0x72, 0x6e, 0x6b, 0x68,
  0x65, 0x62, 0x60, 0x5e, 0x5c, 0x5a, 0x59, 0x58, 0x57, 0x58, 0x58, 0x59,
  0x5a, 0x5c, 0x5e, 0x60, 0x62, 0x64, 0x67, 0x69, 0x6b, 0x6d, 0x6f, 0x71,
  0x72, 0x74, 0x76, 0x77, 0x78, 0x78, 0x79, 0x79, 0x79, 0x7a, 0x7a, 0x7a,
  0x7b, 0x7b, 0x7a, 0x7b, 0x7b, 0x7b, 0x7c, 0x7b, 0x7c, 0x7d, 0x7d, 0x7e,
  0x7f, 0x7f, 0x80, 0x81, 0x82, 0x84, 0x84, 0x84, 0x86, 0x86, 0x87, 0x89,
  0x89, 0x89, 0x8a, 0x89, 0x8a, 0x8b, 0x8a, 0x8a, 0x89, 0x89, 0x89, 0x89,
  0x88, 0x87, 0x86, 0x86, 0x86, 0x85, 0x83, 0x83, 0x82, 0x81, 0x81, 0x80,
  0x7f, 0x7e, 0x7e, 0x7d, 0x7d, 0x7d, 0x7b, 0x7b, 0x7b, 0x7a, 0x7b, 0x7a,
  0x79, 0x79, 0x78, 0x79, 0x79, 0x78, 0x78, 0x78, 0x77, 0x78, 0x77, 0x77,
  0x77, 0x77, 0x77, 0x77, 0x77, 0x77, 0x77, 0x76, 0x77, 0x77, 0x77, 0x77,
  0x76, 0x77, 0x77, 0x77, 0x77, 0x77, 0x77, 0x77, 0x77, 0x77, 0x78, 0x77,
  0x77, 0x77, 0x77, 0x77, 0x77, 0x76, 0x76, 0x74, 0x72, 0x72, 0x75, 0x7c,
  0x86, 0x8e, 0x94, 0x99, 0x9d, 0xa0, 0xa4, 0xa7, 0xa7, 0xa8, 0xa8, 0xaa,
  0xad, 0xaf, 0xb2, 0xb4, 0xb3, 0xb1, 0xad, 0xa8, 0xa2, 0x9e, 0x9a, 0x98,
  0x96, 0x94, 0x92, 0x90, 0x8f, 0x8f, 0x8d, 0x8b, 0x87, 0x84, 0x81, 0x80,
  0x81, 0x83, 0x85, 0x88, 0x8a, 0x8b, 0x8d, 0x8e, 0x8e, 0x8f, 0x8e, 0x8e,
  0x8e, 0x8d, 0x8e, 0x8f, 0x8e, 0x8d, 0x8b, 0x89, 0x86, 0x82, 0x7e, 0x7a,
  0x78, 0x75, 0x72, 0x6f, 0x6b, 0x68, 0x66, 0x64, 0x61, 0x5e, 0x5b, 0x59,
  0x59, 0x58, 0x58, 0x59, 0x5a, 0x5c, 0x5d, 0x5f, 0x60, 0x62, 0x64, 0x66,
  0x68, 0x6a, 0x6c, 0x6f, 0x70, 0x72, 0x74, 0x75, 0x77, 0x77, 0x78, 0x78,
  0x78, 0x79, 0x7a, 0x7b, 0x7b, 0x7b, 0x7b, 0x7b, 0x7b, 0x7b, 0x7c, 0x7c,
  0x7c, 0x7c, 0x7c, 0x7c, 0x7d, 0x7e, 0x7f, 0x80, 0x80, 0x80, 0x81, 0x81,
  0x82, 0x83, 0x83, 0x84, 0x84, 0x85, 0x85, 0x86, 0x86, 0x87, 0x87, 0x88,
  0x88, 0x87, 0x87, 0x87, 0x87, 0x88, 0x88, 0x87, 0x87, 0x86, 0x85, 0x85,
  0x85, 0x85, 0x84, 0x83, 0x83, 0x82, 0x82, 0x81, 0x81, 0x81, 0x80, 0x7f,
  0x7f, 0x7e, 0x7e, 0x7e, 0x7d, 0x7d, 0x7c, 0x7c, 0x7b, 0x7b, 0x7b, 0x7b,
  0x7a, 0x7a, 0x79, 0x79, 0x79, 0x79, 0x79, 0x79, 0x78, 0x78, 0x78, 0x78,
  0x78, 0x78, 0x78, 0x78, 0x77, 0x77, 0x77, 0x77, 0x77, 0x77, 0x77, 0x77,
  0x77, 0x77, 0x77, 0x76, 0x77, 0x77, 0x77, 0x77, 0x77, 0x76, 0x75, 0x75,
  0x76, 0x75, 0x75, 0x74, 0x74, 0x75, 0x78, 0x7c, 0x81, 0x84, 0x88, 0x8b,
  0x8e, 0x91, 0x93, 0x95, 0x97, 0x99, 0x9b, 0x9e, 0xa0, 0xa2, 0xa5, 0xa7,
  0xa8, 0xa8, 0xa6, 0xa5, 0xa3, 0xa2, 0xa1, 0xa0, 0x9f, 0x9e, 0x9d, 0x9d,
  0x9c, 0x9b, 0x9a, 0x98, 0x96, 0x95, 0x94, 0x92, 0x92, 0x91, 0x91, 0x90,
  0x90, 0x8f, 0x8e, 0x8d, 0x8d, 0x8c, 0x8b, 0x8a, 0x89, 0x88, 0x87, 0x87,
  0x86, 0x85, 0x84, 0x83, 0x82, 0x80, 0x7f, 0x7d, 0x7c, 0x7a, 0x79, 0x78,
  0x76, 0x75, 0x74, 0x73, 0x71, 0x6f, 0x6e, 0x6c, 0x6b, 0x69, 0x68, 0x67,
  0x67, 0x67, 0x67, 0x67, 0x66, 0x66, 0x66, 0x65, 0x65, 0x65, 0x65, 0x65,
  0x65, 0x66, 0x66, 0x68, 0x69, 0x6a, 0x6a, 0x6b, 0x6b, 0x6c, 0x6c, 0x6d,
  0x6e, 0x6f, 0x70, 0x72, 0x74, 0x75, 0x77, 0x78, 0x79, 0x79, 0x7a, 0x7b,
  0x7c, 0x7d, 0x7e, 0x7f, 0x80, 0x81, 0x82, 0x83, 0x83, 0x84, 0x84, 0x84,
  0x84, 0x84, 0x85, 0x85, 0x86, 0x86, 0x87, 0x87, 0x87, 0x87, 0x87, 0x87,
  0x86, 0x86, 0x86, 0x86, 0x85, 0x85, 0x85, 0x85, 0x85, 0x85, 0x84, 0x84,
  0x83, 0x83, 0x83, 0x82, 0x82, 0x81, 0x81, 0x81, 0x81, 0x80, 0x80, 0x80,
  0x7f, 0x7f, 0x7f, 0x7e, 0x7e, 0x7d, 0x7d, 0x7d, 0x7d, 0x7c, 0x7c, 0x7c,
  0x7c, 0x7c, 0x7b, 0x7b, 0x7b, 0x7a, 0x7a, 0x7b, 0x7b, 0x7b, 0x7b, 0x7a,
  0x7a, 0x7a, 0x7a, 0x7a, 0x7a, 0x7a, 0x7a, 0x7a, 0x7a, 0x7a, 0x7b, 0x7b,
  0x7b, 0x7b, 0x7b, 0x7b, 0x7b, 0x7b, 0x7b, 0x7b, 0x7b, 0x7b, 0x7b, 0x7b,
  0x7a, 0x7a, 0x7a, 0x7a, 0x79, 0x79, 0x78, 0x78, 0x78, 0x79, 0x7a, 0x7b,
  0x7d, 0x7e, 0x7f, 0x80, 0x81, 0x83, 0x84, 0x86, 0x88, 0x8a, 0x8c, 0x8e,
  0x90, 0x92, 0x94, 0x96, 0x97, 0x98, 0x98, 0x99, 0x9a, 0x9b, 0x9c, 0x9d,
  0x9e, 0x9f, 0xa0, 0xa1, 0xa1, 0xa2, 0xa2, 0xa2, 0xa2, 0xa2, 0xa2, 0xa2,
  0xa2, 0xa2, 0xa2, 0xa1, 0xa0, 0x9f, 0x9d, 0x9c, 0x9b, 0x99, 0x98, 0x96,
  0x95, 0x93, 0x91, 0x90, 0x8e, 0x8d, 0x8c, 0x8a, 0x88, 0x87, 0x86, 0x84,
  0x83, 0x82, 0x80, 0x7f, 0x7e, 0x7d, 0x7c, 0x7b, 0x79, 0x78, 0x76, 0x74,
  0x72, 0x71, 0x70, 0x6f, 0x6e, 0x6d, 0x6b, 0x6a, 0x69, 0x69, 0x68, 0x67,
  0x66, 0x66, 0x65, 0x65, 0x64, 0x64, 0x64, 0x64, 0x64, 0x64, 0x64, 0x64,
  0x64, 0x64, 0x65, 0x65, 0x66, 0x66, 0x67, 0x68, 0x69, 0x6a, 0x6b, 0x6c,
  0x6d, 0x6e, 0x6f, 0x70, 0x71, 0x73, 0x74, 0x75, 0x76, 0x78, 0x79, 0x7a,
  0x7b, 0x7c, 0x7d, 0x7e, 0x7f, 0x7f, 0x80, 0x81, 0x81, 0x82, 0x82, 0x83,
  0x83, 0x84, 0x84, 0x85, 0x85, 0x85, 0x86, 0x86, 0x86, 0x86, 0x86, 0x86,
  0x86, 0x86, 0x86, 0x86, 0x86, 0x85, 0x85, 0x85, 0x85, 0x85, 0x84, 0x84,
  0x84, 0x83, 0x83, 0x83, 0x82, 0x82, 0x82, 0x82, 0x81, 0x81, 0x81, 0x80,
  0x80, 0x80, 0x80, 0x7f, 0x7f, 0x7f, 0x7e, 0x7e, 0x7e, 0x7e, 0x7e, 0x7d,
  0x7d, 0x7d, 0x7d, 0x7c, 0x7c, 0x7c, 0x7c, 0x7c, 0x7c, 0x7b, 0x7b, 0x7b,
  0x7b, 0x7b, 0x7b, 0x7b, 0x7b, 0x7b, 0x7a, 0x7a, 0x7a, 0x7a, 0x7a, 0x7a,
  0x7a, 0x7a, 0x7a, 0x7a, 0x7a, 0x7a, 0x7b, 0x7b, 0x7a, 0x7a, 0x7a, 0x7a,
  0x7a, 0x7a, 0x7a, 0x7a, 0x7a, 0x7a, 0x7a, 0x7a, 0x7a, 0x7a, 0x7a, 0x79,
  0x79, 0x79, 0x7a, 0x7b, 0x7c, 0x7d, 0x7e, 0x7e, 0x7f, 0x80, 0x81, 0x82,
  0x83, 0x85, 0x86, 0x88, 0x89, 0x8b, 0x8c, 0x8e, 0x8f, 0x90, 0x91, 0x91,
  0x92, 0x93, 0x94, 0x95, 0x96, 0x96, 0x97, 0x98, 0x98, 0x99, 0x99, 0x9a,
  0x9a, 0x9a, 0x9a, 0x9a, 0x9b, 0x9b, 0x9b, 0x9b, 0x9b, 0x9a, 0x9a, 0x99,
  0x99, 0x98, 0x97, 0x96, 0x95, 0x94, 0x93, 0x91, 0x90, 0x8f, 0x8e, 0x8d,
  0x8c, 0x8b, 0x89, 0x88, 0x87, 0x86, 0x84, 0x83, 0x82, 0x81, 0x80, 0x7e,
  0x7d, 0x7c, 0x7b, 0x7a, 0x79, 0x78, 0x77, 0x76, 0x75, 0x74, 0x73, 0x72,
  0x71, 0x70, 0x70, 0x6f, 0x6e, 0x6e, 0x6d, 0x6d, 0x6c, 0x6c, 0x6c, 0x6c,
  0x6c, 0x6c, 0x6c, 0x6c, 0x6c, 0x6c, 0x6c, 0x6c, 0x6c, 0x6d, 0x6d, 0x6d,
  0x6e, 0x6e, 0x6f, 0x70, 0x70, 0x71, 0x72, 0x72, 0x73, 0x74, 0x75, 0x76,
  0x77, 0x77, 0x78, 0x79, 0x7a, 0x7b, 0x7b, 0x7c, 0x7d, 0x7e, 0x7e, 0x7f,
  0x80, 0x80, 0x81, 0x81, 0x82, 0x83, 0x83, 0x83, 0x84, 0x84, 0x84, 0x85,
  0x85, 0x85, 0x85, 0x86, 0x86, 0x86, 0x86, 0x86, 0x86, 0x86, 0x86, 0x86,
  0x86, 0x86, 0x86, 0x86, 0x86, 0x85, 0x85, 0x85, 0x85, 0x85, 0x84, 0x84,
  0x84, 0x84, 0x84, 0x83, 0x83, 0x83, 0x83, 0x83, 0x82, 0x82, 0x82, 0x81,
  0x81, 0x81, 0x80, 0x80, 0x80, 0x80, 0x7f, 0x7f, 0x7f, 0x7f, 0x7f, 0x7e,
  0x7e, 0x7e, 0x7e, 0x7d, 0x7d, 0x7d, 0x7d, 0x7d, 0x7d, 0x7d, 0x7d, 0x7c,
  0x7c, 0x7c, 0x7c, 0x7c, 0x7c, 0x7c, 0x7c, 0x7c, 0x7c, 0x7c, 0x7c, 0x7c,
  0x7c, 0x7b, 0x7b, 0x7b, 0x7b, 0x7b, 0x7b, 0x7c, 0x7c, 0x7c, 0x7c, 0x7d,
  0x7d, 0x7d, 0x7e, 0x7e, 0x7e, 0x7f, 0x80, 0x80, 0x81, 0x81, 0x82, 0x83,
  0x83, 0x84, 0x84, 0x85, 0x85, 0x86, 0x86, 0x87, 0x87, 0x88, 0x88, 0x89,
  0x89, 0x8a, 0x8a, 0x8a, 0x8b, 0x8b, 0x8b, 0x8b, 0x8c, 0x8c, 0x8c, 0x8c,
  0x8c, 0x8c, 0x8c, 0x8b, 0x8b, 0x8b, 0x8b, 0x8a, 0x8a, 0x8a, 0x89, 0x89,
  0x88, 0x88, 0x88, 0x87, 0x87, 0x86, 0x86, 0x85, 0x85, 0x84, 0x84, 0x84,
  0x83, 0x83, 0x82, 0x82, 0x81, 0x81, 0x80, 0x80, 0x7f, 0x7f, 0x7f, 0x7e,
  0x7e, 0x7d, 0x7d, 0x7d, 0x7c, 0x7c, 0x7c, 0x7b, 0x7b, 0x7b, 0x7b, 0x7a,
  0x7a, 0x7a, 0x7a, 0x7a, 0x7a, 0x79, 0x79, 0x79, 0x79, 0x79, 0x79, 0x79,
  0x79, 0x79, 0x79, 0x79, 0x79, 0x79, 0x7a, 0x7a, 0x7a, 0x7a, 0x7a, 0x7b,
  0x7b, 0x7b, 0x7b, 0x7c, 0x7c, 0x7c, 0x7c, 0x7d, 0x7d, 0x7d, 0x7d, 0x7e,
  0x7e, 0x7e, 0x7e, 0x7f, 0x7f, 0x7f, 0x7f, 0x7f, 0x80, 0x80, 0x80, 0x80,
  0x80, 0x80, 0x81, 0x81, 0x81, 0x81, 0x81, 0x81, 0x81, 0x81, 0x81, 0x82,
  0x82, 0x82, 0x82, 0x82, 0x82, 0x82, 0x82, 0x82, 0x82, 0x82, 0x82, 0x82,
  0x82, 0x82, 0x82, 0x82, 0x82, 0x81, 0x81, 0x81, 0x81, 0x81, 0x81, 0x81,
  0x81, 0x81, 0x81, 0x81, 0x81, 0x81, 0x80, 0x80, 0x80, 0x80, 0x80, 0x80,
  0x80, 0x80, 0x80, 0x80, 0x80, 0x80, 0x80, 0x80, 0x80, 0x80, 0x80, 0x80,
  0x7f, 0x7f, 0x7f, 0x7f, 0x7f, 0x7f, 0x7f, 0x7f, 0x7f, 0x7f, 0x7f, 0x7f,
  0x7f, 0x7f, 0x7f, 0x7f, 0x7f, 0x80, 0x80, 0x80, 0x80, 0x80, 0x80, 0x80,
  0x80, 0x80, 0x80, 0x80, 0x80, 0x81, 0x81, 0x81, 0x81, 0x81, 0x81, 0x81,
  0x81, 0x81, 0x81, 0x81, 0x81, 0x82, 0x82, 0x82, 0x82, 0x82, 0x82, 0x82,
  0x82, 0x82, 0x82, 0x82, 0x82, 0x82, 0x82, 0x82, 0x82, 0x82, 0x82, 0x82,
  0x82, 0x82, 0x81, 0x81, 0x81, 0x81, 0x81, 0x81, 0x81, 0x81, 0x81, 0x81,
  0x81, 0x81, 0x81, 0x81, 0x81, 0x80, 0x80, 0x80, 0x80, 0x80, 0x80, 0x80,
  0x80, 0x80, 0x80, 0x80, 0x7f, 0x7f, 0x7f, 0x7f, 0x7f, 0x7f, 0x7f, 0x7f,
  0x7f, 0x7f, 0x7f, 0x7f, 0x7f, 0x7f, 0x7e, 0x7e, 0x7e, 0x7e, 0x7e, 0x7e,
  0x7e, 0x7e, 0x7e, 0x7e, 0x7e, 0x7e, 0x7e, 0x7e, 0x7e, 0x7e, 0x7e, 0x7e,
  0x7f, 0x7f, 0x7f, 0x7f, 0x7f, 0x7f, 0x7f, 0x7f, 0x7f, 0x7f, 0x7f, 0x7f,
  0x7f, 0x7f, 0x7f, 0x7f, 0x7f, 0x7f, 0x7f, 0x7f, 0x80, 0x80, 0x80, 0x80,
  0x80, 0x80, 0x80, 0x80, 0x80, 0x80, 0x80, 0x80, 0x80, 0x80, 0x80, 0x80,
  0x80, 0x80, 0x80, 0x80, 0x80, 0x80, 0x80, 0x80, 0x81, 0x81, 0x81, 0x81,
  0x81, 0x81, 0x81, 0x81, 0x81, 0x81, 0x81, 0x81, 0x81, 0x81, 0x81, 0x81,
  0x81, 0x81, 0x81, 0x81, 0x81, 0x81, 0x81, 0x81, 0x81, 0x81, 0x80, 0x80,
  0x80, 0x80, 0x80, 0x80, 0x80, 0x80, 0x80, 0x80, 0x80, 0x80, 0x80, 0x80,
  0x80, 0x80, 0x80, 0x80, 0x80, 0x80, 0x80, 0x80, 0x80, 0x80, 0x80, 0x80,
  0x80, 0x80, 0x80, 0x80, 0x80, 0x80, 0x80, 0x80, 0x80, 0x80, 0x80, 0x80,
  0x80, 0x80, 0x80, 0x80, 0x80, 0x80, 0x80, 0x80, 0x80, 0x80, 0x80, 0x80,
  0x80, 0x80, 0x80, 0x80, 0x80, 0x80, 0x80, 0x80, 0x80, 0x80, 0x80, 0x80,
  0x80, 0x80, 0x80, 0x80, 0x80, 0x80, 0x80, 0x80, 0x80, 0x80, 0x80, 0x80,
  0x80, 0x80, 0x80, 0x80, 0x80, 0x80, 0x80, 0x80, 0x80, 0x80, 0x80, 0x80,
  0x80, 0x80, 0x80, 0x80, 0x80, 0x80, 0x80, 0x80, 0x80, 0x80, 0x80, 0x80,
  0x80, 0x80, 0x80, 0x80, 0x80, 0x80, 0x80, 0x80, 0x80, 0x80, 0x80, 0x80,
  0x80, 0x80, 0x80, 0x80, 0x80, 0x80, 0x80, 0x80, 0x80, 0x80, 0x80, 0x80,
  0x80, 0x80, 0x80, 0x80, 0x81, 0x81, 0x81, 0x81, 0x80, 0x81, 0x81, 0x81,
  0x81, 0x80, 0x81, 0x81, 0x82, 0x81, 0x80, 0x80, 0x80, 0x80, 0x7f, 0x7e,
  0x7e, 0x7f, 0x7f, 0x7e, 0x7d, 0x7d, 0x7f, 0x81, 0x80, 0x7f, 0x80, 0x81,
  0x81, 0x81, 0x81, 0x81, 0x81, 0x81, 0x81, 0x80, 0x80, 0x80, 0x80, 0x80,
  0x7f, 0x7f, 0x7f, 0x80, 0x81, 0x80, 0x80, 0x7f, 0x80, 0x80, 0x80, 0x7f,
  0x7f, 0x80, 0x80, 0x80, 0x80, 0x80, 0x80, 0x7f, 0x7f, 0x80, 0x80, 0x80,
  0x80, 0x80, 0x81, 0x81, 0x81, 0x80, 0x80, 0x80, 0x80, 0x81, 0x81, 0x81,
  0x82, 0x82, 0x81, 0x80, 0x80, 0x81, 0x80, 0x80, 0x80, 0x81, 0x81, 0x81,
  0x81, 0x7f, 0x80, 0x80, 0x80, 0x80, 0x7f, 0x7e, 0x7f, 0x81, 0x82, 0x80,
  0x7f, 0x7f, 0x80, 0x80, 0x7f, 0x7f, 0x7f, 0x7f, 0x7f, 0x7f, 0x7f, 0x7f,
  0x7e, 0x7e, 0x80, 0x80, 0x80, 0x7f, 0x7f, 0x7f, 0x80, 0x81, 0x80, 0x80,
  0x80, 0x80, 0x80, 0x81, 0x81, 0x81, 0x81, 0x81, 0x81, 0x81, 0x80, 0x81,
  0x82, 0x81, 0x81, 0x81, 0x81, 0x80, 0x80, 0x80, 0x80, 0x80, 0x80, 0x80,
  0x80, 0x80, 0x80, 0x80, 0x80, 0x80, 0x7f, 0x7f, 0x80, 0x80, 0x80, 0x80,
  0x80, 0x80, 0x80, 0x80, 0x80, 0x7f, 0x7f, 0x80, 0x80, 0x80, 0x80, 0x80,
  0x80, 0x80, 0x80, 0x80, 0x80, 0x80, 0x80, 0x80, 0x80, 0x81, 0x80, 0x80,
  0x80, 0x81, 0x81, 0x81, 0x80, 0x80, 0x80, 0x80, 0x80, 0x80, 0x80, 0x80,
  0x80, 0x80, 0x80, 0x80, 0x7f, 0x7f, 0x7f, 0x80, 0x80, 0x80, 0x80, 0x80,
  0x80, 0x80, 0x7f, 0x80, 0x80, 0x80, 0x80, 0x80, 0x80, 0x80, 0x80, 0x80,
  0x80, 0x80, 0x80, 0x80, 0x80, 0x81, 0x81, 0x80, 0x80, 0x80, 0x80, 0x80,
  0x80, 0x80, 0x80, 0x80, 0x80, 0x80, 0x80, 0x80, 0x7f, 0x80, 0x80, 0x80,
  0x80, 0x80, 0x80, 0x80, 0x80, 0x80, 0x80, 0x80, 0x7f, 0x7f, 0x80, 0x80,
  0x80, 0x80, 0x80, 0x80, 0x80, 0x80, 0x80, 0x80, 0x80, 0x80, 0x80, 0x80,
  0x80, 0x80, 0x80, 0x80, 0x80, 0x80, 0x80, 0x80, 0x80, 0x80, 0x80, 0x80,
  0x80, 0x80, 0x80, 0x80, 0x80, 0x80, 0x80, 0x80, 0x80, 0x80, 0x80, 0x80,
  0x80, 0x80, 0x80, 0x80, 0x80, 0x80, 0x80, 0x80, 0x80, 0x80, 0x80, 0x80,
  0x80, 0x80, 0x80, 0x80, 0x80, 0x80, 0x80, 0x80, 0x80, 0x80, 0x80, 0x80,
  0x80, 0x80, 0x80, 0x80, 0x80, 0x80, 0x80, 0x80, 0x80, 0x80, 0x80, 0x80,
  0x80, 0x80, 0x80, 0x80, 0x80, 0x80, 0x80, 0x80, 0x80, 0x80, 0x80, 0x80,
  0x80, 0x80, 0x80, 0x80, 0x80, 0x80, 0x80, 0x80, 0x80, 0x80, 0x80, 0x80,
  0x80, 0x80, 0x80, 0x80, 0x80, 0x80, 0x80, 0x80, 0x80, 0x80, 0x80, 0x80,
  0x80, 0x80, 0x80, 0x80, 0x80, 0x80, 0x80, 0x80, 0x80, 0x80, 0x80, 0x80,
  0x80, 0x80, 0x80, 0x80, 0x80, 0x80, 0x80, 0x80, 0x80, 0x80, 0x80, 0x80,
  0x80, 0x80, 0x80, 0x80, 0x80, 0x80, 0x80, 0x80, 0x80, 0x80, 0x80, 0x80,
  0x80, 0x80, 0x80, 0x80, 0x80, 0x80, 0x80, 0x80, 0x80, 0x80, 0x80, 0x80,
  0x80, 0x80, 0x80, 0x80, 0x80, 0x80, 0x80, 0x80, 0x80, 0x80, 0x80, 0x80,
  0x80, 0x80, 0x80, 0x80, 0x80, 0x80, 0x80, 0x80, 0x80, 0x80, 0x80, 0x80,
  0x80, 0x80, 0x80, 0x80, 0x80, 0x80, 0x80, 0x80, 0x80, 0x80, 0x80, 0x80,
  0x80, 0x80, 0x80, 0x80, 0x80, 0x80, 0x80, 0x80, 0x80, 0x80, 0x80, 0x80,
  0x80, 0x80, 0x80, 0x80, 0x80, 0x80, 0x80, 0x80, 0x80, 0x80, 0x80, 0x80,
  0x80, 0x80, 0x80, 0x80, 0x80, 0x80, 0x80, 0x80, 0x80, 0x80, 0x80, 0x80,
  0x80, 0x80, 0x80, 0x80, 0x80, 0x80, 0x80, 0x80, 0x80, 0x80, 0x80, 0x80,
  0x80, 0x80, 0x80, 0x80, 0x80, 0x80, 0x80, 0x80, 0x80, 0x80, 0x80, 0x80,
  0x80, 0x80, 0x80, 0x80, 0x80, 0x80, 0x80, 0x80, 0x80, 0x80, 0x80, 0x80,
  0x80, 0x80, 0x80, 0x80, 0x80, 0x80, 0x80, 0x80, 0x80, 0x80, 0x80, 0x80,
  0x80, 0x80, 0x80, 0x80, 0x80, 0x80, 0x80, 0x80, 0x80, 0x80, 0x80, 0x80,
  0x80, 0x80, 0x80, 0x80, 0x80, 0x80, 0x80, 0x80, 0x80, 0x80, 0x80, 0x80,
  0x80, 0x80, 0x80, 0x80, 0x80, 0x80, 0x80, 0x80, 0x80, 0x80, 0x80, 0x80,
  0x80, 0x80, 0x80, 0x80, 0x80, 0x80, 0x80, 0x80, 0x80, 0x80, 0x80, 0x80,
  0x80, 0x80, 0x80, 0x80, 0x80, 0x80, 0x80, 0x80, 0x80, 0x80, 0x80, 0x80,
  0x80, 0x80, 0x80, 0x80, 0x80, 0x80, 0x80, 0x80, 0x80, 0x80, 0x80, 0x80,
  0x80, 0x80, 0x80, 0x80, 0x80, 0x80, 0x80, 0x80, 0x80, 0x80, 0x80, 0x80,
  0x80, 0x80, 0x80, 0x80, 0x80, 0x80, 0x80, 0x80, 0x80, 0x80, 0x80, 0x80,
  0x80, 0x80, 0x80, 0x80, 0x80, 0x80, 0x80, 0x80, 0x80, 0x80, 0x80, 0x80,
  0x80, 0x80, 0x80, 0x80, 0x80, 0x80, 0x80, 0x80, 0x80, 0x80, 0x80, 0x80,
  0x80, 0x80, 0x80, 0x80, 0x80, 0x80, 0x80, 0x80, 0x80, 0x80, 0x80, 0x80,
  0x80, 0x80, 0x80, 0x80, 0x80, 0x80, 0x80, 0x80, 0x80, 0x80, 0x80, 0x80,
  0x80, 0x80, 0x80, 0x80, 0x80, 0x80, 0x80, 0x80, 0x80, 0x80, 0x80, 0x80,
  0x80, 0x80, 0x80, 0x80, 0x80, 0x80, 0x80, 0x80, 0x80, 0x80, 0x80, 0x80,
  0x80, 0x80, 0x80, 0x80, 0x80, 0x80, 0x80, 0x80, 0x80, 0x80, 0x80, 0x80,
  0x80, 0x80, 0x80, 0x80, 0x80, 0x80, 0x80, 0x80, 0x80, 0x80, 0x80, 0x80,
  0x80, 0x80, 0x80, 0x80, 0x80, 0x80, 0x80, 0x80, 0x80, 0x80, 0x80, 0x80,
  0x80, 0x80, 0x80, 0x80, 0x80, 0x80, 0x80, 0x80, 0x80, 0x80, 0x80, 0x80,
  0x80, 0x80, 0x80, 0x80, 0x80, 0x80, 0x80, 0x80, 0x80, 0x80, 0x80, 0x80,
  0x80, 0x80, 0x80, 0x80, 0x80, 0x80, 0x80, 0x80, 0x80, 0x80, 0x80, 0x80,
  0x80, 0x80, 0x80, 0x80, 0x80, 0x80, 0x80, 0x80, 0x80, 0x80, 0x80, 0x80,
  0x80, 0x80, 0x80, 0x80, 0x80, 0x80, 0x80, 0x80, 0x80, 0x80, 0x80, 0x80,
  0x80, 0x80, 0x80, 0x80, 0x80, 0x80, 0x80, 0x80, 0x80, 0x80, 0x80, 0x80,
  0x80, 0x80, 0x80, 0x80, 0x80, 0x80, 0x80, 0x80, 0x80, 0x80, 0x80, 0x80,
  0x80, 0x80, 0x80, 0x80, 0x80, 0x80, 0x80, 0x80, 0x80, 0x80, 0x80, 0x80,
  0x80, 0x80, 0x80, 0x80, 0x80, 0x80, 0x80, 0x80, 0x80, 0x80, 0x80, 0x80,
  0x80, 0x80, 0x80, 0x80, 0x80, 0x80, 0x80, 0x80, 0x80, 0x80, 0x80, 0x80,
  0x80, 0x80, 0x80, 0x80, 0x80, 0x80, 0x80, 0x80, 0x80, 0x80, 0x80, 0x80,
  0x80, 0x80, 0x80, 0x80, 0x80, 0x80, 0x80, 0x80, 0x80, 0x80, 0x80, 0x80,
  0x80, 0x80, 0x80, 0x80, 0x80, 0x80, 0x80, 0x80, 0x80, 0x80, 0x80, 0x80,
  0x80, 0x80, 0x80, 0x80, 0x80, 0x80, 0x80, 0x80, 0x80, 0x80, 0x80, 0x80,
  0x80, 0x80, 0x80, 0x80, 0x80, 0x80, 0x80, 0x80, 0x80, 0x80, 0x80, 0x80,
  0x80, 0x80, 0x80, 0x80, 0x80, 0x80, 0x80, 0x80, 0x80, 0x80, 0x80, 0x80,
  0x80, 0x80, 0x80, 0x80, 0x80, 0x80, 0x80, 0x80, 0x80, 0x80, 0x80, 0x80,
  0x80, 0x80, 0x80, 0x80, 0x80, 0x80, 0x80, 0x80, 0x80, 0x80, 0x80, 0x80,
  0x80, 0x80, 0x80, 0x80, 0x80, 0x80, 0x80, 0x80, 0x80, 0x80, 0x80, 0x80,
  0x80, 0x80, 0x80, 0x80, 0x80, 0x80, 0x80, 0x80, 0x80, 0x80, 0x80, 0x80,
  0x80, 0x80, 0x80, 0x80, 0x80, 0x80, 0x80, 0x80, 0x80, 0x80, 0x80, 0x80,
  0x80, 0x80, 0x80, 0x80, 0x80, 0x80, 0x80, 0x80, 0x80, 0x80, 0x80, 0x80,
  0x80, 0x80, 0x80, 0x80, 0x80, 0x80, 0x80, 0x80, 0x80, 0x80, 0x80, 0x80,
  0x80, 0x80, 0x80, 0x80, 0x80, 0x80, 0x80, 0x80, 0x80, 0x80, 0x80, 0x80,
  0x80, 0x80, 0x80, 0x80, 0x80, 0x80, 0x80, 0x80, 0x80, 0x80, 0x80, 0x80,
  0x80, 0x80, 0x80, 0x80, 0x80, 0x80, 0x80, 0x80, 0x80, 0x80, 0x80, 0x80,
  0x80, 0x80, 0x80, 0x80, 0x80, 0x80, 0x80, 0x80, 0x80, 0x80, 0x80, 0x80,
  0x80, 0x80, 0x80, 0x80, 0x80, 0x80, 0x80, 0x80, 0x80, 0x80, 0x80, 0x80,
  0x80, 0x80, 0x80, 0x80, 0x80, 0x80, 0x80, 0x80, 0x80, 0x80, 0x80, 0x80,
  0x80, 0x80, 0x80, 0x80, 0x80, 0x80, 0x80, 0x80, 0x80, 0x80, 0x80, 0x80,
  0x80, 0x80, 0x80, 0x80, 0x80, 0x80, 0x80, 0x80, 0x80, 0x80, 0x80, 0x80,
  0x80, 0x80, 0x80, 0x80, 0x80, 0x80, 0x80, 0x80, 0x80, 0x80, 0x80, 0x80,
  0x80, 0x80, 0x80, 0x80, 0x80, 0x80, 0x80, 0x80, 0x80, 0x80, 0x80, 0x80,
  0x80, 0x80, 0x80, 0x80, 0x80, 0x80, 0x80, 0x80, 0x80, 0x80, 0x80, 0x80,
  0x80, 0x80, 0x80, 0x80, 0x80, 0x80, 0x80, 0x80, 0x80, 0x80, 0x80, 0x80,
  0x80, 0x80, 0x80, 0x80, 0x80, 0x80, 0x80, 0x80, 0x80, 0x80, 0x80, 0x80,
  0x80, 0x80, 0x80, 0x80, 0x80, 0x80, 0x80, 0x80, 0x80, 0x80, 0x80, 0x80,
  0x80, 0x80, 0x80, 0x80, 0x80, 0x80, 0x80, 0x80, 0x80, 0x80, 0x80, 0x80,
  0x80, 0x80, 0x80, 0x80, 0x80, 0x80, 0x80, 0x80, 0x80, 0x80, 0x80, 0x80,
  0x80, 0x80, 0x80, 0x80, 0x80, 0x80, 0x80, 0x80, 0x80, 0x80, 0x80, 0x80,
  0x80, 0x80, 0x80, 0x80, 0x80, 0x80, 0x80, 0x80, 0x80, 0x80, 0x80, 0x80,
  0x80, 0x80, 0x80, 0x80, 0x80, 0x80, 0x80, 0x80, 0x80, 0x80, 0x80, 0x80,
  0x80, 0x80, 0x80, 0x80, 0x80, 0x80, 0x80, 0x80, 0x80, 0x80, 0x80, 0x80,
  0x80, 0x80, 0x80, 0x80, 0x80, 0x80, 0x80, 0x80, 0x80, 0x80, 0x80, 0x80,
  0x80, 0x80, 0x80, 0x80, 0x80, 0x80, 0x80, 0x80, 0x80, 0x80, 0x80, 0x80,
  0x80, 0x80, 0x80, 0x80, 0x80, 0x80, 0x80, 0x80, 0x80, 0x80, 0x80, 0x80,
  0x80, 0x80, 0x80, 0x80, 0x80, 0x80, 0x80, 0x80, 0x80, 0x80, 0x80, 0x80,
  0x80, 0x80, 0x80, 0x80, 0x80, 0x80, 0x80, 0x80, 0x80, 0x80, 0x80, 0x80,
  0x80, 0x80, 0x80, 0x80, 0x80, 0x80, 0x80, 0x80, 0x80, 0x80, 0x80, 0x80,
  0x80, 0x80, 0x80, 0x80, 0x80, 0x80, 0x80, 0x80, 0x80, 0x80, 0x80, 0x80,
  0x80, 0x80, 0x80, 0x80, 0x80, 0x80, 0x80, 0x80, 0x80, 0x80, 0x80, 0x80,
  0x80, 0x80, 0x80, 0x80, 0x80, 0x80, 0x80, 0x80, 0x80, 0x80, 0x80, 0x80,
  0x80, 0x80, 0x80, 0x80, 0x80, 0x80, 0x80, 0x80, 0x80, 0x80, 0x80, 0x80,
  0x80, 0x80, 0x80, 0x80, 0x80, 0x80, 0x80, 0x80, 0x80, 0x80, 0x80, 0x80,
  0x80, 0x80, 0x80, 0x80, 0x80, 0x80, 0x80, 0x80, 0x80, 0x80, 0x80, 0x80,
  0x80, 0x80, 0x80, 0x80, 0x80, 0x80, 0x80, 0x80, 0x80, 0x80, 0x80, 0x80,
  0x80, 0x80, 0x80, 0x80, 0x80, 0x80, 0x80, 0x80, 0x80, 0x80, 0x80, 0x80,
  0x80, 0x80, 0x80, 0x80, 0x80, 0x80, 0x80, 0x80, 0x80, 0x80, 0x80, 0x80,
  0x80, 0x80, 0x80, 0x80, 0x80, 0x80, 0x80, 0x80, 0x80, 0x80, 0x80, 0x80,
  0x80, 0x80, 0x80, 0x80, 0x80, 0x80, 0x80, 0x80, 0x80, 0x80, 0x80, 0x80,
  0x80, 0x80, 0x80, 0x80, 0x80, 0x80, 0x80, 0x80, 0x80, 0x80, 0x80, 0x80,
  0x80, 0x80, 0x80, 0x80, 0x80, 0x80, 0x80, 0x80, 0x80, 0x80, 0x80, 0x80,
  0x80, 0x80, 0x80, 0x80, 0x80, 0x80, 0x80, 0x80, 0x80, 0x80, 0x80, 0x80,
  0x80, 0x80, 0x80, 0x80, 0x80, 0x80, 0x80, 0x80, 0x80, 0x80, 0x80, 0x80,
  0x80, 0x80, 0x80, 0x80, 0x80, 0x80, 0x80, 0x80, 0x80, 0x80, 0x80, 0x80,
  0x80, 0x80, 0x80, 0x80, 0x80, 0x80, 0x80, 0x80, 0x80, 0x80, 0x80, 0x80,
  0x80, 0x80, 0x80, 0x80, 0x80, 0x80, 0x80, 0x80, 0x80, 0x80, 0x80, 0x80,
  0x80, 0x80, 0x80, 0x80, 0x80, 0x80, 0x80, 0x80, 0x80, 0x80, 0x80, 0x80,
  0x80, 0x80, 0x80, 0x80, 0x80, 0x80, 0x80, 0x80, 0x80, 0x80, 0x80, 0x80,
  0x80, 0x80, 0x80, 0x80, 0x80, 0x80, 0x80, 0x80, 0x80, 0x80, 0x80, 0x80,
  0x80, 0x80, 0x80, 0x80, 0x80, 0x80, 0x80, 0x80, 0x80, 0x80, 0x80, 0x80,
  0x80, 0x80, 0x80, 0x80, 0x80, 0x80, 0x80, 0x80, 0x80, 0x80, 0x80, 0x80,
  0x80, 0x80, 0x80, 0x80, 0x80, 0x80, 0x80, 0x80, 0x80, 0x80, 0x80, 0x80,
  0x80, 0x80, 0x80, 0x80, 0x80, 0x80, 0x80, 0x80, 0x80, 0x80, 0x80, 0x80,
  0x80, 0x80, 0x80, 0x80, 0x80, 0x80, 0x80, 0x80, 0x80, 0x80, 0x80, 0x80,
  0x80, 0x80, 0x80, 0x80, 0x80, 0x80, 0x80, 0x80, 0x80, 0x80, 0x80, 0x80,
  0x80, 0x80, 0x80, 0x80, 0x80, 0x80, 0x80, 0x80, 0x80, 0x80, 0x80, 0x80,
  0x80, 0x80, 0x80, 0x80, 0x80, 0x80, 0x80, 0x80, 0x80, 0x80, 0x80, 0x80,
  0x80, 0x80, 0x80, 0x80, 0x80, 0x80, 0x80, 0x80, 0x80, 0x80, 0x80, 0x80,
  0x80, 0x80, 0x80, 0x80, 0x80, 0x80, 0x80, 0x80, 0x80, 0x80, 0x80, 0x80,
  0x80, 0x80, 0x80, 0x80, 0x80, 0x80, 0x80, 0x80, 0x80, 0x80, 0x80, 0x80,
  0x80, 0x80, 0x80, 0x80, 0x80, 0x80, 0x80, 0x80, 0x80, 0x80, 0x80, 0x80,
  0x80, 0x80, 0x80, 0x80, 0x80, 0x80, 0x80, 0x80, 0x80, 0x80, 0x80, 0x80,
  0x80, 0x80, 0x80, 0x80, 0x80, 0x80, 0x80, 0x80, 0x80, 0x80, 0x80, 0x80,
  0x80, 0x80, 0x80, 0x80, 0x80, 0x80, 0x80, 0x80, 0x80, 0x80, 0x80, 0x80,
  0x80, 0x80, 0x80, 0x80, 0x80, 0x80, 0x80, 0x80, 0x80, 0x80, 0x80, 0x80,
  0x80, 0x80, 0x80, 0x80, 0x80, 0x80, 0x80, 0x80, 0x80, 0x80, 0x80, 0x80,
  0x80, 0x80, 0x80, 0x80, 0x80, 0x80, 0x80, 0x80, 0x80, 0x80, 0x80, 0x80,
  0x80, 0x80, 0x80, 0x80, 0x80, 0x80, 0x80, 0x80, 0x80, 0x80, 0x80, 0x80,
  0x80, 0x80, 0x80, 0x80, 0x80, 0x80, 0x80, 0x80, 0x80, 0x80, 0x80, 0x80,
  0x80, 0x80, 0x80, 0x80, 0x80, 0x80, 0x80, 0x80, 0x80, 0x80, 0x80, 0x80,
  0x80, 0x80, 0x80, 0x80, 0x80, 0x80, 0x80, 0x80, 0x80, 0x80, 0x80, 0x80,
  0x80, 0x80, 0x80, 0x80, 0x80, 0x80, 0x80, 0x80, 0x80, 0x80, 0x80, 0x80,
  0x80, 0x80, 0x80, 0x80, 0x80, 0x80, 0x80, 0x80, 0x80, 0x80, 0x80, 0x80,
  0x80, 0x80, 0x80, 0x80, 0x80, 0x80, 0x80, 0x80, 0x80, 0x80, 0x80, 0x80,
  0x80, 0x80, 0x80, 0x80, 0x80, 0x80, 0x80, 0x80, 0x80, 0x80, 0x80, 0x80,
  0x80, 0x80, 0x80, 0x80, 0x80, 0x80, 0x80, 0x80, 0x80, 0x80, 0x80, 0x80,
  0x80, 0x80, 0x80, 0x80, 0x80, 0x80, 0x80, 0x80, 0x80, 0x80, 0x80, 0x80,
  0x80, 0x80, 0x80, 0x80, 0x80, 0x80, 0x80, 0x80, 0x80, 0x80, 0x80, 0x80,
  0x80, 0x80, 0x80, 0x80, 0x80, 0x80, 0x80, 0x80, 0x80, 0x80, 0x80, 0x80,
  0x80, 0x80, 0x80, 0x80, 0x80, 0x80, 0x80, 0x80, 0x80, 0x80, 0x80, 0x80,
  0x80, 0x80, 0x80, 0x80, 0x80, 0x80, 0x80, 0x80, 0x80, 0x80, 0x80, 0x80,
  0x80, 0x80, 0x80, 0x80, 0x80, 0x80, 0x80, 0x80, 0x80, 0x80, 0x80, 0x80,
  0x80, 0x80, 0x80, 0x80, 0x80, 0x80, 0x80, 0x80, 0x80, 0x80, 0x80, 0x80,
  0x80, 0x80, 0x80, 0x80, 0x80, 0x80, 0x80, 0x80, 0x80, 0x80, 0x80, 0x80,
  0x80, 0x80, 0x80, 0x80, 0x80, 0x80, 0x80, 0x80, 0x80, 0x80, 0x80, 0x80,
  0x80, 0x80, 0x80, 0x80, 0x80, 0x80, 0x80, 0x80, 0x80, 0x80, 0x80, 0x80,
  0x80, 0x80, 0x80, 0x80, 0x80, 0x80, 0x80, 0x80, 0x80, 0x80, 0x80, 0x80,
  0x80, 0x80, 0x80, 0x80, 0x80, 0x80, 0x80, 0x80, 0x80, 0x80, 0x80, 0x80,
  0x80, 0x80, 0x80, 0x80, 0x80, 0x80, 0x80, 0x80, 0x80, 0x80, 0x80, 0x80,
  0x80, 0x80, 0x80, 0x80, 0x80, 0x80, 0x80, 0x80, 0x80, 0x80, 0x80, 0x80,
  0x80, 0x80, 0x80, 0x80, 0x80, 0x80, 0x80, 0x80, 0x80, 0x80, 0x80, 0x80,
  0x80, 0x80, 0x80, 0x80, 0x80, 0x80, 0x80, 0x80, 0x80, 0x80, 0x80, 0x80,
  0x80, 0x80, 0x80, 0x80, 0x80, 0x80, 0x80, 0x80, 0x80, 0x80, 0x80, 0x80,
  0x80, 0x80, 0x80, 0x80, 0x80, 0x80, 0x80, 0x80, 0x80, 0x80, 0x80, 0x80,
  0x80, 0x80, 0x80, 0x80, 0x80, 0x80, 0x80, 0x80, 0x80, 0x80, 0x80, 0x80,
  0x80, 0x80, 0x80, 0x80, 0x80, 0x80, 0x80, 0x80, 0x80, 0x80, 0x80, 0x80,
  0x80, 0x80, 0x80, 0x80, 0x80, 0x80, 0x80, 0x80, 0x80, 0x80, 0x80, 0x80,
  0x80, 0x80, 0x80, 0x80, 0x80, 0x80, 0x80, 0x80, 0x80, 0x80, 0x80, 0x80,
  0x80, 0x80, 0x80, 0x80, 0x80, 0x80, 0x80, 0x80, 0x80, 0x80, 0x80, 0x80,
  0x80, 0x80, 0x80, 0x80, 0x80, 0x80, 0x80, 0x80, 0x80, 0x80, 0x80, 0x80,
  0x80, 0x80, 0x80, 0x80, 0x80, 0x80, 0x80, 0x80, 0x80, 0x80, 0x80, 0x80,
  0x80, 0x80, 0x80, 0x80, 0x80, 0x80, 0x80, 0x80, 0x80, 0x80, 0x80, 0x80,
  0x80, 0x80, 0x80, 0x80, 0x80, 0x80, 0x80, 0x80, 0x80, 0x80, 0x80, 0x80,
  0x80, 0x80, 0x80, 0x80, 0x80, 0x80, 0x80, 0x80, 0x80, 0x80, 0x80, 0x80,
  0x80, 0x80, 0x80, 0x80, 0x80, 0x80, 0x80, 0x80, 0x80, 0x80, 0x80, 0x80,
  0x80, 0x80, 0x80, 0x80, 0x80, 0x80, 0x80, 0x80, 0x80, 0x80, 0x80, 0x80,
  0x80, 0x80, 0x80, 0x80, 0x80, 0x80, 0x80, 0x80, 0x80, 0x80, 0x80, 0x80,
  0x80, 0x80, 0x80, 0x80, 0x80, 0x80, 0x80, 0x80, 0x80, 0x80, 0x80, 0x80,
  0x80, 0x80, 0x80, 0x80, 0x80, 0x80, 0x80, 0x80, 0x80, 0x80, 0x80, 0x80,
  0x80, 0x80, 0x80, 0x80, 0x80, 0x80, 0x80, 0x80, 0x80, 0x80, 0x80, 0x80,
  0x80, 0x80, 0x80, 0x80, 0x80, 0x80, 0x80, 0x80, 0x80, 0x80, 0x80, 0x80,
  0x80, 0x80, 0x80, 0x80, 0x80, 0x80, 0x80, 0x80, 0x80, 0x80, 0x80, 0x80,
  0x80, 0x80, 0x80, 0x80, 0x80, 0x80, 0x80, 0x80, 0x80, 0x80, 0x80, 0x80,
  0x80, 0x80, 0x80, 0x80, 0x80, 0x80, 0x80, 0x80, 0x80, 0x80, 0x80, 0x80,
  0x80, 0x80, 0x80, 0x80, 0x80, 0x80, 0x80, 0x80, 0x80, 0x80, 0x80, 0x80,
  0x80, 0x80, 0x80, 0x80, 0x80, 0x80, 0x80, 0x80, 0x80, 0x80, 0x80, 0x80,
  0x80, 0x80, 0x80, 0x80, 0x80, 0x80, 0x80, 0x80, 0x80, 0x80, 0x80, 0x80,
  0x80, 0x80, 0x80, 0x80, 0x80, 0x80, 0x80, 0x80, 0x80, 0x80, 0x80, 0x80,
  0x80, 0x80, 0x80, 0x80, 0x80, 0x80, 0x80, 0x80, 0x80, 0x80, 0x80, 0x80,
  0x80, 0x80, 0x80, 0x80, 0x80, 0x80, 0x80, 0x80, 0x80, 0x80, 0x80, 0x80,
  0x80, 0x80, 0x80, 0x80, 0x80, 0x80, 0x80, 0x80, 0x80, 0x80, 0x80, 0x80,
  0x80, 0x80, 0x80, 0x80, 0x80, 0x80, 0x80, 0x80, 0x80, 0x80, 0x80, 0x80,
  0x80, 0x80, 0x80, 0x80, 0x80, 0x80, 0x80, 0x80, 0x80, 0x80, 0x80, 0x80,
  0x80, 0x80, 0x80, 0x80, 0x80, 0x80, 0x80, 0x80, 0x80, 0x80, 0x80, 0x80,
  0x80, 0x80, 0x80, 0x80, 0x80, 0x80, 0x80, 0x80, 0x80, 0x80, 0x80, 0x80,
  0x80, 0x80, 0x80, 0x80, 0x80, 0x80, 0x80, 0x80, 0x80, 0x80, 0x80, 0x80,
  0x80, 0x80, 0x80, 0x80, 0x80, 0x80, 0x80, 0x80, 0x80, 0x80, 0x80, 0x80,
  0x80, 0x80, 0x80, 0x80, 0x80, 0x80, 0x80, 0x80, 0x80, 0x80, 0x80, 0x80,
  0x80, 0x80, 0x80, 0x80, 0x80, 0x80, 0x80, 0x80, 0x80, 0x80, 0x80, 0x80,
  0x80, 0x80, 0x80, 0x80, 0x80, 0x80, 0x80, 0x80, 0x80, 0x80, 0x80, 0x80,
  0x80, 0x80, 0x80, 0x80, 0x80, 0x80, 0x80, 0x80, 0x80, 0x80, 0x80, 0x80,
  0x80, 0x80, 0x80, 0x80, 0x80, 0x80, 0x80, 0x80, 0x80, 0x80, 0x80, 0x80,
  0x80, 0x80, 0x80, 0x80, 0x80, 0x80, 0x80, 0x80, 0x80, 0x80, 0x80, 0x80,
  0x80, 0x80, 0x80, 0x80, 0x80, 0x80, 0x80, 0x80, 0x80, 0x80, 0x80, 0x80,
  0x80, 0x80, 0x80, 0x80, 0x80, 0x80, 0x80, 0x80, 0x80, 0x80, 0x80, 0x80,
  0x80, 0x80, 0x80, 0x80, 0x80, 0x80, 0x80, 0x80, 0x80, 0x80, 0x80, 0x80,
  0x80, 0x80, 0x80, 0x80, 0x80, 0x80, 0x80, 0x80, 0x80, 0x80, 0x80, 0x80,
  0x80, 0x80, 0x80, 0x80, 0x80, 0x80, 0x80, 0x80, 0x80, 0x80, 0x80, 0x80,
  0x80, 0x80, 0x80, 0x80, 0x80, 0x80, 0x80, 0x80, 0x80, 0x80, 0x80, 0x80,
  0x80, 0x80, 0x80, 0x80, 0x80, 0x80, 0x80, 0x80, 0x80, 0x80, 0x80, 0x80,
  0x80, 0x80, 0x80, 0x80, 0x80, 0x80, 0x80, 0x80, 0x80, 0x80, 0x80, 0x80,
  0x80, 0x80, 0x80, 0x80, 0x80, 0x80, 0x80, 0x80, 0x80, 0x80, 0x80, 0x80,
  0x80, 0x80, 0x80, 0x80, 0x80, 0x80, 0x80, 0x80, 0x80, 0x80, 0x80, 0x80,
  0x80, 0x80, 0x80, 0x80, 0x80, 0x80, 0x80, 0x80, 0x80, 0x80, 0x80, 0x80,
  0x80, 0x80, 0x80, 0x80, 0x80, 0x80, 0x80, 0x80, 0x80, 0x80, 0x80, 0x80,
  0x80, 0x80, 0x80, 0x80, 0x80, 0x80, 0x80, 0x80, 0x80, 0x80, 0x80, 0x80,
  0x80, 0x80, 0x80, 0x80, 0x80, 0x80, 0x80, 0x80, 0x80, 0x80, 0x80, 0x80,
  0x80, 0x80, 0x80, 0x80, 0x80, 0x80, 0x80, 0x80, 0x80, 0x80, 0x80, 0x80,
  0x80, 0x80, 0x80, 0x80, 0x80, 0x80, 0x80, 0x80, 0x80, 0x80, 0x80, 0x80,
  0x80, 0x80, 0x80, 0x80, 0x80, 0x80, 0x80, 0x80, 0x80, 0x80, 0x80, 0x80,
  0x80, 0x80, 0x80, 0x80, 0x80, 0x80, 0x80, 0x80, 0x80, 0x80, 0x80, 0x80,
  0x80, 0x80, 0x80, 0x80, 0x80, 0x80, 0x80, 0x80, 0x80, 0x80, 0x80, 0x80,
  0x80, 0x80, 0x80, 0x80, 0x80, 0x80, 0x80, 0x80, 0x80, 0x80, 0x80, 0x80,
  0x80, 0x80, 0x80, 0x80, 0x80, 0x80, 0x80, 0x80, 0x80, 0x80, 0x80, 0x80,
  0x80, 0x80, 0x80, 0x80, 0x80, 0x80, 0x80, 0x80, 0x80, 0x80, 0x80, 0x80,
  0x80, 0x80, 0x80, 0x80, 0x80, 0x80, 0x80, 0x80, 0x80, 0x80, 0x80, 0x80,
  0x80, 0x80, 0x80, 0x80, 0x80, 0x80, 0x80, 0x80, 0x80, 0x80, 0x80, 0x80,
  0x80, 0x80, 0x80, 0x80, 0x80, 0x80, 0x80, 0x80, 0x80, 0x80, 0x80, 0x80,
  0x80, 0x80, 0x80, 0x80, 0x80, 0x80, 0x80, 0x80, 0x80, 0x80, 0x80, 0x80,
  0x80, 0x80, 0x80, 0x80, 0x80, 0x80, 0x80, 0x80, 0x80, 0x80, 0x80, 0x80,
  0x80, 0x80, 0x80, 0x80, 0x80, 0x80, 0x80, 0x80, 0x80, 0x80, 0x80, 0x80,
  0x80, 0x80, 0x80, 0x80, 0x80, 0x80, 0x80, 0x80, 0x80, 0x80, 0x80, 0x80,
  0x80, 0x80, 0x80, 0x80, 0x80, 0x80, 0x80, 0x80, 0x80, 0x80, 0x80, 0x80,
  0x80, 0x80, 0x80, 0x80, 0x80, 0x80, 0x80, 0x80, 0x80, 0x80, 0x80, 0x80,
  0x80, 0x80, 0x80, 0x80, 0x80, 0x80, 0x81, 0x81, 0x81, 0x81, 0x80, 0x80,
  0x80, 0x81, 0x81, 0x81, 0x80, 0x80, 0x80, 0x80, 0x80, 0x80, 0x80, 0x80,
  0x80, 0x7f, 0x7f, 0x7f, 0x80, 0x80, 0x81, 0x80, 0x80, 0x80, 0x7f, 0x7f,
  0x80, 0x80, 0x80, 0x80, 0x80, 0x81, 0x82, 0x82, 0x82, 0x81, 0x80, 0x7f,
  0x7f, 0x7f, 0x80, 0x80, 0x81, 0x82, 0x81, 0x80, 0x7f, 0x7d, 0x7d, 0x7d,
  0x7c, 0x7c, 0x7c, 0x7d, 0x7f, 0x7f, 0x80, 0x80, 0x7f, 0x7e, 0x7d, 0x7c,
  0x7c, 0x7d, 0x7e, 0x80, 0x81, 0x81, 0x80, 0x80, 0x80, 0x7f, 0x7f, 0x7e,
  0x7f, 0x80, 0x81, 0x82, 0x82, 0x82, 0x82, 0x80, 0x7e, 0x7b, 0x79, 0x78,
  0x78, 0x7a, 0x7c, 0x7d, 0x7d, 0x7e, 0x7e, 0x7e, 0x7d, 0x7c, 0x7c, 0x7c,
  0x7c, 0x7e, 0x81, 0x82, 0x84, 0x85, 0x86, 0x84, 0x81, 0x7e, 0x7e, 0x80,
  0x81, 0x81, 0x80, 0x80, 0x80, 0x81, 0x80, 0x7d, 0x7b, 0x76, 0x72, 0x70,
  0x70, 0x75, 0x7c, 0x81, 0x83, 0x83, 0x80, 0x7d, 0x7b, 0x75, 0x75, 0x7c,
  0x89, 0x9b, 0xa7, 0xab, 0xb0, 0xb2, 0xb2, 0xb3, 0xad, 0xa8, 0xa5, 0xa3,
  0xa5, 0xa8, 0xa6, 0xa4, 0xa2, 0x9b, 0x90, 0x82, 0x73, 0x6c, 0x6b, 0x6e,
  0x76, 0x7c, 0x7d, 0x7b, 0x77, 0x74, 0x75, 0x76, 0x79, 0x7e, 0x80, 0x83,
  0x87, 0x8c, 0x92, 0x96, 0x96, 0x94, 0x90, 0x89, 0x86, 0x88, 0x8d, 0x92,
  0x93, 0x90, 0x8b, 0x83, 0x7c, 0x77, 0x73, 0x72, 0x70, 0x6d, 0x6b, 0x6a,
  0x68, 0x6a, 0x6d, 0x6c, 0x6a, 0x66, 0x61, 0x60, 0x60, 0x63, 0x69, 0x6e,
  0x71, 0x72, 0x6f, 0x6e, 0x6f, 0x71, 0x73, 0x75, 0x74, 0x74, 0x75, 0x77,
  0x7a, 0x7b, 0x7a, 0x79, 0x78, 0x76, 0x73, 0x72, 0x71, 0x72, 0x73, 0x74,
  0x74, 0x72, 0x71, 0x71, 0x72, 0x72, 0x73, 0x72, 0x73, 0x74, 0x75, 0x78,
  0x7b, 0x7c, 0x7d, 0x7c, 0x7b, 0x7b, 0x7b, 0x7c, 0x7f, 0x81, 0x7f, 0x7d,
  0x7c, 0x7b, 0x7d, 0x7f, 0x7c, 0x7b, 0x78, 0x74, 0x76, 0x76, 0x76, 0x77,
  0x76, 0x74, 0x74, 0x6e, 0x6b, 0x6b, 0x6e, 0x7d, 0x90, 0x9f, 0xaa, 0xac,
  0xab, 0xae, 0xaf, 0xaf, 0xaf, 0xb2, 0xb6, 0xbb, 0xbe, 0xbe, 0xbc, 0xb8,
  0xb3, 0xad, 0xa2, 0x95, 0x8a, 0x83, 0x83, 0x8a, 0x90, 0x93, 0x91, 0x8a,
  0x81, 0x7c, 0x79, 0x79, 0x7d, 0x80, 0x83, 0x88, 0x8b, 0x8f, 0x94, 0x98,
  0x9a, 0x99, 0x91, 0x8a, 0x88, 0x8a, 0x90, 0x95, 0x98, 0x98, 0x94, 0x8c,
  0x86, 0x80, 0x7a, 0x76, 0x73, 0x72, 0x71, 0x70, 0x6f, 0x6f, 0x70, 0x6f,
  0x6c, 0x67, 0x61, 0x5d, 0x5c, 0x5e, 0x62, 0x66, 0x67, 0x68, 0x68, 0x68,
  0x68, 0x67, 0x66, 0x67, 0x68, 0x6a, 0x6a, 0x6b, 0x6e, 0x71, 0x74, 0x74,
  0x71, 0x6e, 0x6c, 0x6b, 0x6c, 0x6c, 0x6b, 0x6c, 0x6d, 0x6e, 0x6f, 0x6e,
  0x6d, 0x6e, 0x6c, 0x6c, 0x6f, 0x6f, 0x6f, 0x72, 0x73, 0x77, 0x7a, 0x78,
  0x79, 0x7a, 0x78, 0x7a, 0x7b, 0x7a, 0x7c, 0x7a, 0x7a, 0x7e, 0x7c, 0x7b,
  0x79, 0x77, 0x78, 0x77, 0x75, 0x74, 0x72, 0x72, 0x73, 0x73, 0x71, 0x6c,
  0x69, 0x68, 0x73, 0x86, 0x98, 0xa8, 0xad, 0xab, 0xaa, 0xa8, 0xa9, 0xae,
  0xb4, 0xb9, 0xbe, 0xc0, 0xc2, 0xc4, 0xc2, 0xbd, 0xb9, 0xae, 0xa1, 0x95,
  0x8c, 0x8b, 0x8f, 0x95, 0x9b, 0x9a, 0x92, 0x88, 0x7e, 0x7c, 0x7e, 0x7f,
  0x7f, 0x7f, 0x82, 0x87, 0x8b, 0x93, 0x98, 0x99, 0x97, 0x91, 0x8b, 0x87,
  0x86, 0x8a, 0x93, 0x98, 0x98, 0x95, 0x8e, 0x89, 0x85, 0x7f, 0x7a, 0x76,
  0x72, 0x71, 0x71, 0x71, 0x73, 0x74, 0x73, 0x71, 0x6b, 0x64, 0x5f, 0x5b,
  0x5d, 0x60, 0x62, 0x65, 0x65, 0x63, 0x64, 0x64, 0x66, 0x66, 0x62, 0x61,
  0x61, 0x64, 0x6a, 0x6c, 0x6c, 0x6e, 0x6f, 0x71, 0x72, 0x6d, 0x69, 0x68,
  0x69, 0x6e, 0x6f, 0x6d, 0x6c, 0x6c, 0x70, 0x72, 0x70, 0x6e, 0x6d, 0x6d,
  0x70, 0x70, 0x72, 0x75, 0x75, 0x77, 0x78, 0x78, 0x7a, 0x7a, 0x78, 0x78,
  0x79, 0x7a, 0x7d, 0x7c, 0x7b, 0x7a, 0x7a, 0x7b, 0x7b, 0x7a, 0x76, 0x74,
  0x73, 0x74, 0x75, 0x74, 0x72, 0x6e, 0x6a, 0x68, 0x6d, 0x7b, 0x8d, 0x9f,
  0xaa, 0xaa, 0xaa, 0xa9, 0xa8, 0xac, 0xb1, 0xb5, 0xbe, 0xc3, 0xc5, 0xc7,
  0xc5, 0xc5, 0xc6, 0xbe, 0xb0, 0xa0, 0x93, 0x90, 0x94, 0x99, 0x9e, 0x9f,
  0x98, 0x8f, 0x86, 0x80, 0x7f, 0x7e, 0x7d, 0x7c, 0x7b, 0x7e, 0x84, 0x8b,
  0x92, 0x95, 0x95, 0x93, 0x8d, 0x87, 0x83, 0x86, 0x8e, 0x96, 0x98, 0x95,
  0x91, 0x8d, 0x8a, 0x87, 0x83, 0x7e, 0x79, 0x75, 0x73, 0x73, 0x75, 0x76,
  0x75, 0x74, 0x6f, 0x68, 0x62, 0x5e, 0x5d, 0x5f, 0x60, 0x60, 0x60, 0x60,
  0x61, 0x62, 0x62, 0x61, 0x61, 0x62, 0x62, 0x62, 0x63, 0x66, 0x6b, 0x6f,
  0x6f, 0x6d, 0x6d, 0x6d, 0x6d, 0x6e, 0x6c, 0x6c, 0x6e, 0x6f, 0x70, 0x6f,
  0x6e, 0x70, 0x71, 0x71, 0x70, 0x6e, 0x6e, 0x70, 0x72, 0x73, 0x74, 0x74,
  0x75, 0x77, 0x77, 0x78, 0x77, 0x76, 0x78, 0x78, 0x78, 0x79, 0x77, 0x79,
  0x78, 0x77, 0x78, 0x77, 0x76, 0x75, 0x73, 0x71, 0x71, 0x71, 0x71, 0x6e,
  0x69, 0x65, 0x67, 0x72, 0x83, 0x93, 0x9d, 0x9f, 0x9f, 0xa0, 0xa2, 0xa5,
  0xa9, 0xaf, 0xb6, 0xbe, 0xc2, 0xc4, 0xc8, 0xca, 0xcb, 0xc8, 0xbd, 0xb1,
  0xa7, 0x9f, 0x9f, 0xa3, 0xa7, 0xa7, 0xa4, 0x9a, 0x92, 0x8d, 0x88, 0x86,
  0x84, 0x81, 0x7f, 0x7e, 0x7f, 0x83, 0x8a, 0x8f, 0x91, 0x90, 0x8a, 0x86,
  0x85, 0x87, 0x8d, 0x90, 0x90, 0x91, 0x90, 0x90, 0x8e, 0x8a, 0x88, 0x87,
  0x85, 0x82, 0x7b, 0x76, 0x78, 0x7b, 0x7d, 0x7a, 0x71, 0x6c, 0x6b, 0x69,
  0x68, 0x64, 0x60, 0x62, 0x64, 0x63, 0x61, 0x5e, 0x5f, 0x63, 0x63, 0x62,
  0x60, 0x5f, 0x61, 0x65, 0x66, 0x66, 0x68, 0x69, 0x6b, 0x6b, 0x69, 0x69,
  0x6b, 0x6d, 0x6c, 0x6b, 0x6b, 0x6b, 0x6e, 0x6f, 0x6e, 0x6d, 0x6d, 0x6f,
  0x70, 0x6f, 0x6d, 0x6e, 0x71, 0x73, 0x73, 0x72, 0x70, 0x72, 0x75, 0x75,
  0x74, 0x72, 0x72, 0x73, 0x75, 0x75, 0x73, 0x72, 0x71, 0x72, 0x73, 0x72,
  0x70, 0x6e, 0x6d, 0x6e, 0x6f, 0x6d, 0x6a, 0x66, 0x63, 0x67, 0x71, 0x7d,
  0x8a, 0x90, 0x91, 0x92, 0x93, 0x98, 0x9d, 0xa0, 0xa5, 0xab, 0xb1, 0xb8,
  0xbc, 0xbe, 0xc1, 0xc3, 0xc3, 0xbf, 0xb6, 0xae, 0xaa, 0xaa, 0xaf, 0xb2,
  0xb1, 0xab, 0xa4, 0xa1, 0x9e, 0x9d, 0x99, 0x94, 0x91, 0x8f, 0x8f, 0x90,
  0x91, 0x93, 0x96, 0x95, 0x95, 0x92, 0x8e, 0x8c, 0x8c, 0x8c, 0x8d, 0x8c,
  0x8a, 0x89, 0x88, 0x87, 0x86, 0x83, 0x80, 0x7e, 0x7b, 0x79, 0x78, 0x77,
  0x77, 0x76, 0x75, 0x73, 0x71, 0x70, 0x6e, 0x6d, 0x6c, 0x6a, 0x69, 0x68,
  0x67, 0x68, 0x68, 0x66, 0x65, 0x65, 0x65, 0x66, 0x64, 0x63, 0x63, 0x64,
  0x65, 0x65, 0x64, 0x64, 0x65, 0x67, 0x68, 0x67, 0x66, 0x67, 0x68, 0x6a,
  0x6a, 0x6a, 0x6a, 0x6b, 0x6c, 0x6c, 0x6c, 0x6d, 0x6e, 0x6e, 0x6e, 0x6e,
  0x6f, 0x71, 0x71, 0x70, 0x71, 0x72, 0x73, 0x73, 0x72, 0x72, 0x73, 0x73,
  0x74, 0x73, 0x72, 0x71, 0x71, 0x72, 0x72, 0x71, 0x6f, 0x6e, 0x6d, 0x6c,
  0x6a, 0x6a, 0x6d, 0x71, 0x77, 0x7a, 0x7c, 0x7e, 0x80, 0x82, 0x84, 0x87,
  0x8a, 0x8e, 0x93, 0x97, 0x9a, 0x9d, 0xa1, 0xa4, 0xa7, 0xa8, 0xa7, 0xa6,
  0xa6, 0xa8, 0xaa, 0xac, 0xae, 0xb0, 0xb2, 0xb3, 0xb3, 0xb4, 0xb5, 0xb6,
  0xb7, 0xb6, 0xb5, 0xb5, 0xb6, 0xb6, 0xb6, 0xb5, 0xb3, 0xb0, 0xad, 0xaa,
  0xa6, 0xa2, 0x9f, 0x9c, 0x98, 0x95, 0x91, 0x8f, 0x8c, 0x8a, 0x86, 0x83,
  0x81, 0x7e, 0x7c, 0x7a, 0x79, 0x78, 0x76, 0x74, 0x72, 0x70, 0x6e, 0x6c,
  0x6a, 0x68, 0x65, 0x63, 0x61, 0x60, 0x5e, 0x5d, 0x5b, 0x5b, 0x5a, 0x59,
  0x59, 0x58, 0x59, 0x5a, 0x5a, 0x5b, 0x5c, 0x5e, 0x5f, 0x5f, 0x61, 0x62,
  0x63, 0x63, 0x64, 0x65, 0x66, 0x66, 0x66, 0x66, 0x67, 0x68, 0x68, 0x68,
  0x68, 0x69, 0x6a, 0x6a, 0x6b, 0x6c, 0x6d, 0x6e, 0x6e, 0x6f, 0x71, 0x72,
  0x72, 0x72, 0x73, 0x74, 0x74, 0x74, 0x74, 0x74, 0x74, 0x73, 0x73, 0x72,
  0x71, 0x71, 0x70, 0x6f, 0x6e, 0x6d, 0x6b, 0x6a, 0x69, 0x6b, 0x6e, 0x72,
  0x75, 0x77, 0x79, 0x7b, 0x7e, 0x7f, 0x81, 0x85, 0x89, 0x8e, 0x91, 0x94,
  0x97, 0x9a, 0x9e, 0xa0, 0xa1, 0xa2, 0xa3, 0xa3, 0xa5, 0xa6, 0xa8, 0xaa,
  0xad, 0xaf, 0xb0, 0xb2, 0xb3, 0xb5, 0xb7, 0xb9, 0xba, 0xba, 0xba, 0xbb,
  0xbc, 0xbd, 0xbd, 0xbc, 0xbb, 0xb9, 0xb6, 0xb3, 0xaf, 0xac, 0xa9, 0xa6,
  0xa2, 0x9e, 0x9a, 0x97, 0x94, 0x90, 0x8d, 0x8a, 0x87, 0x84, 0x82, 0x7f,
  0x7d, 0x7c, 0x7a, 0x78, 0x76, 0x74, 0x72, 0x70, 0x6d, 0x6b, 0x69, 0x67,
  0x64, 0x62, 0x60, 0x5f, 0x5d, 0x5b, 0x5a, 0x59, 0x59, 0x58, 0x57, 0x58,
  0x58, 0x59, 0x59, 0x5a, 0x5b, 0x5d, 0x5e, 0x5e, 0x5f, 0x61, 0x62, 0x62,
  0x62, 0x63, 0x64, 0x64, 0x64, 0x65, 0x65, 0x66, 0x66, 0x66, 0x67, 0x67,
  0x68, 0x69, 0x6a, 0x6b, 0x6b, 0x6c, 0x6d, 0x6f, 0x70, 0x71, 0x71, 0x72,
  0x73, 0x74, 0x74, 0x74, 0x75, 0x75, 0x76, 0x75, 0x75, 0x74, 0x74, 0x74,
  0x73, 0x72, 0x71, 0x70, 0x6f, 0x6e, 0x6d, 0x6e, 0x70, 0x72, 0x74, 0x77,
  0x79, 0x7a, 0x7c, 0x7e, 0x80, 0x84, 0x87, 0x8a, 0x8c, 0x90, 0x93, 0x96,
  0x98, 0x9a, 0x9c, 0x9e, 0x9f, 0xa0, 0xa1, 0xa3, 0xa5, 0xa7, 0xa9, 0xab,
  0xad, 0xae, 0xb0, 0xb2, 0xb4, 0xb6, 0xb7, 0xb8, 0xba, 0xbb, 0xbc, 0xbc,
  0xbc, 0xbc, 0xbc, 0xbb, 0xb8, 0xb5, 0xb3, 0xb0, 0xad, 0xaa, 0xa6, 0xa2,
  0x9f, 0x9b, 0x98, 0x94, 0x90, 0x8d, 0x8b, 0x88, 0x85, 0x82, 0x80, 0x7e,
  0x7d, 0x7a, 0x78, 0x76, 0x74, 0x72, 0x70, 0x6d, 0x6b, 0x69, 0x67, 0x65,
  0x63, 0x61, 0x5f, 0x5e, 0x5c, 0x5b, 0x5a, 0x59, 0x58, 0x58, 0x58, 0x58,
  0x58, 0x58, 0x59, 0x5a, 0x5b, 0x5b, 0x5c, 0x5d, 0x5e, 0x5f, 0x5f, 0x60,
  0x60, 0x61, 0x62, 0x62, 0x62, 0x63, 0x63, 0x64, 0x65, 0x65, 0x66, 0x67,
  0x68, 0x69, 0x6a, 0x6b, 0x6c, 0x6e, 0x6f, 0x70, 0x71, 0x72, 0x73, 0x74,
  0x75, 0x75, 0x76, 0x76, 0x77, 0x77, 0x77, 0x77, 0x76, 0x76, 0x76, 0x76,
  0x75, 0x75, 0x74, 0x73, 0x73, 0x72, 0x72, 0x73, 0x74, 0x76, 0x77, 0x78,
  0x7a, 0x7c, 0x7d, 0x7f, 0x81, 0x84, 0x87, 0x89, 0x8c, 0x8e, 0x91, 0x93,
  0x95, 0x97, 0x99, 0x9b, 0x9c, 0x9e, 0xa0, 0xa2, 0xa3, 0xa5, 0xa7, 0xa9,
  0xaa, 0xac, 0xae, 0xb0, 0xb1, 0xb3, 0xb4, 0xb5, 0xb6, 0xb7, 0xb8, 0xb8,
  0xb8, 0xb7, 0xb6, 0xb5, 0xb4, 0xb2, 0xb1, 0xaf, 0xac, 0xaa, 0xa7, 0xa4,
  0xa1, 0x9e, 0x9b, 0x98, 0x96, 0x93, 0x90, 0x8e, 0x8b, 0x89, 0x87, 0x85,
  0x83, 0x81, 0x7e, 0x7c, 0x7a, 0x78, 0x76, 0x74, 0x71, 0x6f, 0x6d, 0x6b,
  0x69, 0x67, 0x65, 0x64, 0x62, 0x61, 0x60, 0x5f, 0x5e, 0x5d, 0x5d, 0x5c,
  0x5c, 0x5c, 0x5c, 0x5c, 0x5c, 0x5c, 0x5d, 0x5d, 0x5d, 0x5e, 0x5e, 0x5e,
  0x5f, 0x5f, 0x60, 0x61, 0x61, 0x62, 0x63, 0x64, 0x64, 0x65, 0x66, 0x66,
  0x67, 0x68, 0x69, 0x6a, 0x6b, 0x6c, 0x6d, 0x6e, 0x6f, 0x70, 0x71, 0x72,
  0x73, 0x73, 0x74, 0x75, 0x75, 0x75, 0x76, 0x76, 0x76, 0x77, 0x77, 0x77,
  0x77, 0x77, 0x77, 0x77, 0x77, 0x78, 0x78, 0x79, 0x79, 0x7a, 0x7b, 0x7c,
  0x7d, 0x7e, 0x7f, 0x81, 0x82, 0x84, 0x85, 0x87, 0x89, 0x8a, 0x8c, 0x8d,
  0x8f, 0x90, 0x91, 0x93, 0x94, 0x95, 0x96, 0x98, 0x99, 0x9a, 0x9b, 0x9c,
  0x9d, 0x9e, 0xa0, 0xa1, 0xa2, 0xa4, 0xa5, 0xa6, 0xa7, 0xa8, 0xa8, 0xa9,
  0xa9, 0xa9, 0xa9, 0xa9, 0xa9, 0xa8, 0xa7, 0xa7, 0xa5, 0xa4, 0xa3, 0xa2,
  0xa0, 0x9f, 0x9d, 0x9c, 0x9a, 0x99, 0x97, 0x96, 0x94, 0x93, 0x91, 0x90,
  0x8e, 0x8d, 0x8b, 0x89, 0x88, 0x86, 0x85, 0x83, 0x81, 0x7f, 0x7e, 0x7c,
  0x7a, 0x79, 0x77, 0x75, 0x74, 0x72, 0x71, 0x6f, 0x6e, 0x6d, 0x6b, 0x6a,
  0x69, 0x69, 0x68, 0x67, 0x67, 0x66, 0x66, 0x65, 0x65, 0x64, 0x64, 0x64,
  0x63, 0x63, 0x63, 0x63, 0x64, 0x64, 0x64, 0x65, 0x65, 0x65, 0x66, 0x67,
  0x67, 0x68, 0x69, 0x6a, 0x6a, 0x6b, 0x6c, 0x6d, 0x6e, 0x6f, 0x70, 0x70,
  0x71, 0x72, 0x73, 0x74, 0x74, 0x75, 0x76, 0x77, 0x77, 0x78, 0x78, 0x79,
  0x79, 0x7a, 0x7a, 0x7b, 0x7b, 0x7b, 0x7b, 0x7c, 0x7c, 0x7c, 0x7c, 0x7c,
  0x7c, 0x7c, 0x7d, 0x7d, 0x7d, 0x7d, 0x7d, 0x7e, 0x7e, 0x7e, 0x7f, 0x7f,
  0x80, 0x80, 0x81, 0x82, 0x82, 0x83, 0x84, 0x85, 0x85, 0x86, 0x87, 0x87,
  0x88, 0x89, 0x89, 0x8a, 0x8b, 0x8b, 0x8c, 0x8c, 0x8d, 0x8d, 0x8e, 0x8e,
  0x8f, 0x8f, 0x8f, 0x90, 0x90, 0x90, 0x91, 0x91, 0x91, 0x91, 0x91, 0x91,
  0x92, 0x91, 0x91, 0x91, 0x91, 0x91, 0x91, 0x90, 0x90, 0x90, 0x90, 0x8f,
  0x8f, 0x8e, 0x8e, 0x8d, 0x8c, 0x8c, 0x8b, 0x8b, 0x8a, 0x89, 0x88, 0x88,
  0x87, 0x86, 0x85, 0x84, 0x84, 0x83, 0x82, 0x81, 0x81, 0x80, 0x7f, 0x7e,
  0x7e, 0x7d, 0x7c, 0x7c, 0x7b, 0x7a, 0x7a, 0x79, 0x78, 0x78, 0x77, 0x77,
  0x76, 0x76, 0x76, 0x75, 0x75, 0x75, 0x75, 0x74, 0x74, 0x74, 0x74, 0x74,
  0x74, 0x74, 0x74, 0x75, 0x75, 0x75, 0x75, 0x75, 0x75, 0x76, 0x76, 0x76,
  0x76, 0x77, 0x77, 0x77, 0x77, 0x78, 0x78, 0x79, 0x79, 0x79, 0x7a, 0x7a,
  0x7a, 0x7b, 0x7b, 0x7b, 0x7c, 0x7c, 0x7c, 0x7d, 0x7d, 0x7d, 0x7e, 0x7e,
  0x7e, 0x7f, 0x7f, 0x7f, 0x7f, 0x7f, 0x80, 0x80, 0x80, 0x80, 0x80, 0x80,
  0x80, 0x80, 0x80, 0x80, 0x80, 0x80, 0x80, 0x80, 0x80, 0x80, 0x80, 0x80,
  0x81, 0x81, 0x81, 0x81, 0x81, 0x81, 0x81, 0x82, 0x82, 0x82, 0x82, 0x83,
  0x83, 0x83, 0x83, 0x83, 0x84, 0x84, 0x84, 0x84, 0x84, 0x84, 0x85, 0x85,
  0x85, 0x85, 0x85, 0x85, 0x85, 0x86, 0x86, 0x86, 0x86, 0x86, 0x86, 0x86,
  0x86, 0x86, 0x86, 0x86, 0x87, 0x87, 0x87, 0x87, 0x87, 0x87, 0x87, 0x87,
  0x87, 0x87, 0x87, 0x87, 0x86, 0x86, 0x86, 0x86, 0x85, 0x85, 0x85, 0x85,
  0x84, 0x84, 0x83, 0x83, 0x83, 0x82, 0x82, 0x82, 0x81, 0x81, 0x81, 0x80,
  0x80, 0x80, 0x7f, 0x7f, 0x7f, 0x7e, 0x7e, 0x7e, 0x7e, 0x7d, 0x7d, 0x7d,
  0x7d, 0x7d, 0x7c, 0x7c, 0x7c, 0x7c, 0x7c, 0x7b, 0x7b, 0x7b, 0x7b, 0x7b,
  0x7b, 0x7b, 0x7b, 0x7b, 0x7b, 0x7b, 0x7b, 0x7b, 0x7b, 0x7b, 0x7b, 0x7b,
  0x7b, 0x7b, 0x7b, 0x7b, 0x7b, 0x7c, 0x7c, 0x7c, 0x7c, 0x7c, 0x7c, 0x7c,
  0x7c, 0x7d, 0x7d, 0x7d, 0x7d, 0x7d, 0x7d, 0x7e, 0x7e, 0x7e, 0x7e, 0x7e,
  0x7e, 0x7e, 0x7f, 0x7f, 0x7f, 0x7f, 0x7f, 0x7f, 0x7f, 0x7f, 0x7f, 0x7f,
  0x7f, 0x7f, 0x7f, 0x7f, 0x7f, 0x7f, 0x7f, 0x7f, 0x7f, 0x7f, 0x80, 0x80,
  0x80, 0x80, 0x80, 0x80, 0x80, 0x80, 0x80, 0x80, 0x80, 0x81, 0x81, 0x81,
  0x81, 0x81, 0x81, 0x81, 0x82, 0x82, 0x82, 0x82, 0x82, 0x82, 0x82, 0x83,
  0x83, 0x83, 0x83, 0x83, 0x83, 0x83, 0x83, 0x83, 0x84, 0x84, 0x84, 0x84,
  0x84, 0x84, 0x84, 0x84, 0x84, 0x84, 0x84, 0x84, 0x84, 0x84, 0x84, 0x85,
  0x85, 0x85, 0x85, 0x85, 0x85, 0x84, 0x84, 0x84, 0x84, 0x84, 0x84, 0x84,
  0x84, 0x84, 0x83, 0x83, 0x83, 0x83, 0x83, 0x82, 0x82, 0x82, 0x81, 0x81,
  0x81, 0x81, 0x80, 0x80, 0x80, 0x7f, 0x7f, 0x7f, 0x7f, 0x7f, 0x7e, 0x7e,
  0x7e, 0x7e, 0x7e, 0x7e, 0x7d, 0x7d, 0x7d, 0x7d, 0x7d, 0x7c, 0x7c, 0x7c,
  0x7c, 0x7c, 0x7c, 0x7c, 0x7b, 0x7b, 0x7b, 0x7c, 0x7c, 0x7c, 0x7b, 0x7b,
  0x7b, 0x7b, 0x7b, 0x7c, 0x7a, 0x78, 0x7b, 0x7b, 0x79, 0x7b, 0x7d, 0x7b,
  0x7a, 0x7d, 0x7a, 0x76, 0x79, 0x7c, 0x7a, 0x7a, 0x7d, 0x7d, 0x77, 0x78,
  0x7b, 0x7b, 0x7c, 0x7e, 0x7f, 0x7b, 0x7a, 0x7c, 0x7c, 0x7a, 0x7c, 0x7e,
  0x7d, 0x7c, 0x7f, 0x7f, 0x7b, 0x7b, 0x80, 0x81, 0x7e, 0x7e, 0x7f, 0x7d,
  0x7e, 0x82, 0x82, 0x80, 0x80, 0x82, 0x7e, 0x7c, 0x7f, 0x80, 0x82, 0x83,
  0x82, 0x80, 0x80, 0x84, 0x85, 0x83, 0x81, 0x7f, 0x7e, 0x82, 0x85, 0x88,
  0x89, 0x85, 0x88, 0x8e, 0x85, 0x7c, 0x84, 0x86, 0x85, 0x8a, 0x8a, 0x83,
  0x85, 0x88, 0x84, 0x86, 0x86, 0x7d, 0x7e, 0x87, 0x8a, 0x8d, 0x8a, 0x7f,
  0x79, 0x7f, 0x81, 0x82, 0x88, 0x87, 0x82, 0x82, 0x80, 0x7e, 0x85, 0x88,
  0x80, 0x81, 0x84, 0x7b, 0x74, 0x7f, 0x8a, 0x89, 0x84, 0x82, 0x7e, 0x7e,
  0x7e, 0x7c, 0x7d, 0x81, 0x7f, 0x7b, 0x83, 0x89, 0x81, 0x7a, 0x7e, 0x80,
  0x7a, 0x7a, 0x80, 0x82, 0x7f, 0x7f, 0x80, 0x81, 0x84, 0x81, 0x7c, 0x80,
  0x81, 0x7d, 0x7d, 0x87, 0x8b, 0x7e, 0x77, 0x7d, 0x80, 0x78, 0x7a, 0x86,
  0x87, 0x84, 0x7f, 0x7a, 0x7c, 0x7c, 0x7f, 0x83, 0x83, 0x81, 0x7e, 0x7f,
  0x7b, 0x7e, 0x85, 0x7b, 0x7c, 0x8b, 0x8c, 0x79, 0x73, 0x85, 0x81, 0x73,
  0x81, 0x8e, 0x80, 0x76, 0x85, 0x85, 0x77, 0x7f, 0x88, 0x7d, 0x76, 0x84,
  0x87, 0x74, 0x7b, 0x8e, 0x86, 0x7b, 0x83, 0x87, 0x7a, 0x78, 0x7f, 0x7d,
  0x7d, 0x80, 0x83, 0x88, 0x87, 0x84, 0x80, 0x75, 0x75, 0x83, 0x89, 0x7f,
  0x81, 0x8d, 0x7b, 0x70, 0x83, 0x8c, 0x7f, 0x75, 0x7e, 0x87, 0x7b, 0x75,
  0x85, 0x90, 0x7b, 0x6d, 0x84, 0x88, 0x74, 0x7c, 0x8f, 0x87, 0x74, 0x78,
  0x84, 0x81, 0x7a, 0x7e, 0x8b, 0x86, 0x7a, 0x85, 0x8d, 0x7a, 0x71, 0x84,
  0x8a, 0x7c, 0x80, 0x8c, 0x7f, 0x73, 0x87, 0x8d, 0x76, 0x73, 0x86, 0x85,
  0x77, 0x84, 0x8f, 0x79, 0x71, 0x81, 0x82, 0x78, 0x83, 0x8e, 0x7f, 0x7b,
  0x86, 0x80, 0x71, 0x78, 0x8e, 0x84, 0x76, 0x8d, 0x92, 0x76, 0x71, 0x89,
  0x81, 0x69, 0x80, 0x91, 0x7c, 0x7b, 0x8f, 0x8d, 0x77, 0x7a, 0x85, 0x77,
  0x6f, 0x7e, 0x8b, 0x82, 0x7a, 0x88, 0x8a, 0x76, 0x78, 0x8a, 0x81, 0x74,
  0x82, 0x8a, 0x7a, 0x7c, 0x90, 0x84, 0x6e, 0x7e, 0x8d, 0x82, 0x7a, 0x86,
  0x89, 0x76, 0x72, 0x80, 0x8a, 0x84, 0x7a, 0x82, 0x84, 0x7d, 0x7f, 0x84,
  0x86, 0x7d, 0x7c, 0x80, 0x76, 0x79, 0x82, 0x83, 0x80, 0x84, 0x8e, 0x81,
  0x75, 0x7f, 0x7e, 0x74, 0x74, 0x83, 0x86, 0x7d, 0x8e, 0x94, 0x7f, 0x7b,
  0x83, 0x7a, 0x70, 0x7b, 0x84, 0x7c, 0x82, 0x8c, 0x85, 0x84, 0x8a, 0x87,
  0x80, 0x7c, 0x7d, 0x78, 0x75, 0x7d, 0x81, 0x85, 0x85, 0x86, 0x8a, 0x85,
  0x81, 0x7c, 0x77, 0x7a, 0x7e, 0x7f, 0x7b, 0x7a, 0x83, 0x8a, 0x89, 0x82,
  0x80, 0x7d, 0x73, 0x78, 0x84, 0x83, 0x79, 0x7b, 0x85, 0x80, 0x79, 0x82,
  0x89, 0x84, 0x7a, 0x7e, 0x89, 0x7c, 0x71, 0x79, 0x84, 0x81, 0x7f, 0x8a,
  0x87, 0x81, 0x87, 0x7f, 0x73, 0x76, 0x83, 0x88, 0x80, 0x85, 0x88, 0x79,
  0x74, 0x83, 0x8b, 0x7f, 0x7b, 0x84, 0x85, 0x7d, 0x75, 0x78, 0x84, 0x85,
  0x81, 0x83, 0x84, 0x7c, 0x79, 0x80, 0x86, 0x83, 0x84, 0x85, 0x79, 0x79,
  0x85, 0x7c, 0x71, 0x84, 0x97, 0x82, 0x7b, 0x91, 0x84, 0x6e, 0x79, 0x86,
  0x7e, 0x7c, 0x8d, 0x8b, 0x79, 0x7b, 0x80, 0x80, 0x7f, 0x84, 0x88, 0x7e,
  0x7e, 0x7f, 0x77, 0x77, 0x7b, 0x7c, 0x7c, 0x85, 0x8c, 0x87, 0x87, 0x81,
  0x73, 0x75, 0x80, 0x7c, 0x73, 0x82, 0x8a, 0x78, 0x7c, 0x91, 0x8b, 0x75,
  0x79, 0x86, 0x7b, 0x72, 0x81, 0x8d, 0x83, 0x7e, 0x85, 0x84, 0x7f, 0x84,
  0x85, 0x80, 0x7c, 0x7e, 0x80, 0x7c, 0x7a, 0x85, 0x88, 0x7d, 0x7e, 0x8c,
  0x8b, 0x77, 0x76, 0x87, 0x7d, 0x6c, 0x7e, 0x98, 0x85, 0x6e, 0x87, 0x8d,
  0x71, 0x7a, 0x8a, 0x7a, 0x6f, 0x7e, 0x87, 0x85, 0x8d, 0x86, 0x7a, 0x7c,
  0x76, 0x77, 0x80, 0x7e, 0x7a, 0x82, 0x8d, 0x84, 0x7b, 0x88, 0x8c, 0x78,
  0x73, 0x89, 0x92, 0x7d, 0x78, 0x81, 0x7a, 0x75, 0x82, 0x8c, 0x88, 0x83,
  0x84, 0x80, 0x7b, 0x80, 0x7e, 0x74, 0x78, 0x84, 0x88, 0x82, 0x84, 0x81,
  0x75, 0x78, 0x81, 0x85, 0x86, 0x7e, 0x7d, 0x81, 0x80, 0x73, 0x77, 0x84,
  0x76, 0x74, 0x91, 0x99, 0x80, 0x75, 0x84, 0x80, 0x72, 0x79, 0x87, 0x80,
  0x73, 0x81, 0x89, 0x7f, 0x84, 0x8f, 0x8c, 0x7b, 0x7d, 0x81, 0x6f, 0x75,
  0x8b, 0x8a, 0x7c, 0x80, 0x91, 0x83, 0x7a, 0x89, 0x84, 0x79, 0x7c, 0x7e,
  0x77, 0x7a, 0x85, 0x81, 0x83, 0x8b, 0x81, 0x7d, 0x82, 0x7e, 0x76, 0x7f,
  0x8d, 0x80, 0x77, 0x84, 0x7e, 0x6d, 0x7b, 0x91, 0x83, 0x75, 0x89, 0x8a,
  0x72, 0x79, 0x8a, 0x80, 0x75, 0x87, 0x90, 0x7a, 0x75, 0x84, 0x85, 0x81,
  0x87, 0x8c, 0x84, 0x7c, 0x7e, 0x7e, 0x7d, 0x79, 0x78, 0x80, 0x89, 0x8a,
  0x86, 0x80, 0x73, 0x71, 0x7a, 0x7e, 0x7a, 0x7c, 0x85, 0x82, 0x80, 0x84,
  0x83, 0x84, 0x7d, 0x77, 0x81, 0x81, 0x7b, 0x7d, 0x87, 0x81, 0x74, 0x7d,
  0x81, 0x82, 0x85, 0x81, 0x89, 0x8f, 0x84, 0x79, 0x7e, 0x7f, 0x6f, 0x73,
  0x89, 0x8d, 0x87, 0x86, 0x88, 0x81, 0x78, 0x79, 0x76, 0x73, 0x7b, 0x84,
  0x85, 0x8b, 0x8a, 0x7b, 0x77, 0x7d, 0x7f, 0x7c, 0x83, 0x89, 0x7e, 0x7a,
  0x81, 0x7f, 0x76, 0x79, 0x86, 0x83, 0x7f, 0x8d, 0x8b, 0x81, 0x82, 0x86,
  0x7e, 0x72, 0x7d, 0x88, 0x7c, 0x76, 0x87, 0x8b, 0x7e, 0x81, 0x89, 0x7d,
  0x76, 0x82, 0x84, 0x7c, 0x80, 0x85, 0x7b, 0x79, 0x85, 0x87, 0x7e, 0x80,
  0x84, 0x7a, 0x76, 0x81, 0x83, 0x7f, 0x85, 0x87, 0x82, 0x7e, 0x83, 0x80,
  0x74, 0x79, 0x84, 0x82, 0x83, 0x8e, 0x8d, 0x7e, 0x7a, 0x7d, 0x79, 0x77,
  0x7a, 0x7f, 0x81, 0x80, 0x82, 0x86, 0x86, 0x82, 0x7e, 0x77, 0x74, 0x78,
  0x76, 0x75, 0x7f, 0x86, 0x81, 0x83, 0x8d, 0x8c, 0x85, 0x83, 0x80, 0x79,
  0x77, 0x80, 0x7e, 0x79, 0x80, 0x86, 0x86, 0x8a, 0x92, 0x89, 0x76, 0x78,
  0x7b, 0x79, 0x80, 0x87, 0x86, 0x81, 0x81, 0x84, 0x83, 0x7e, 0x77, 0x79,
  0x80, 0x82, 0x83, 0x88, 0x89, 0x80, 0x7c, 0x81, 0x7d, 0x79, 0x7d, 0x7d,
  0x7f, 0x83, 0x85, 0x84, 0x84, 0x86, 0x81, 0x7d, 0x7d, 0x76, 0x73, 0x76,
  0x79, 0x7f, 0x83, 0x86, 0x81, 0x82, 0x87, 0x7c, 0x7c, 0x7e, 0x78, 0x7d,
  0x82, 0x83, 0x84, 0x84, 0x81, 0x82, 0x8a, 0x8a, 0x8a, 0x89, 0x7c, 0x7c,
  0x7e, 0x78, 0x77, 0x7e, 0x7e, 0x77, 0x7d, 0x85, 0x84, 0x87, 0x8a, 0x84,
  0x7c, 0x78, 0x7b, 0x7a, 0x77, 0x7a, 0x7f, 0x7e, 0x7f, 0x87, 0x85, 0x7e,
  0x80, 0x83, 0x80, 0x79, 0x7a, 0x80, 0x7d, 0x7a, 0x80, 0x84, 0x7f, 0x80,
  0x8d, 0x88, 0x7e, 0x82, 0x7f, 0x75, 0x75, 0x81, 0x80, 0x77, 0x81, 0x84,
  0x7f, 0x85, 0x92, 0x9a, 0x8d, 0x83, 0x8a, 0x80, 0x73, 0x75, 0x79, 0x71,
  0x70, 0x88, 0x8e, 0x87, 0x91, 0x92, 0x89, 0x82, 0x81, 0x80, 0x79, 0x7b,
  0x7e, 0x7e, 0x84, 0x85, 0x87, 0x88, 0x83, 0x83, 0x85, 0x86, 0x85, 0x82,
  0x83, 0x80, 0x7d, 0x7f, 0x80, 0x81, 0x80, 0x84, 0x85, 0x7f, 0x85, 0x88,
  0x84, 0x83, 0x82, 0x82, 0x7f, 0x7f, 0x81, 0x7f, 0x7e, 0x7c, 0x7e, 0x7f,
  0x7d, 0x7f, 0x80, 0x7d, 0x7c, 0x7b, 0x7b, 0x79, 0x7b, 0x7a, 0x75, 0x77,
  0x7a, 0x78, 0x78, 0x79, 0x77, 0x77, 0x7a, 0x77, 0x71, 0x74, 0x75, 0x72,
  0x76, 0x7a, 0x78, 0x78, 0x7a, 0x7a, 0x74, 0x72, 0x75, 0x72, 0x70, 0x74,
  0x76, 0x74, 0x76, 0x7b, 0x7a, 0x79, 0x7d, 0x7d, 0x7a, 0x7b, 0x7e, 0x7f,
  0x80, 0x82, 0x84, 0x86, 0x88, 0x8a, 0x8d, 0x90, 0x91, 0x92, 0x92, 0x91,
  0x92, 0x93, 0x94, 0x94, 0x96, 0x98, 0x99, 0x9a, 0x9a, 0x99, 0x9a, 0x9a,
  0x9a, 0x98, 0x97, 0x96, 0x95, 0x95, 0x95, 0x94, 0x94, 0x94, 0x94, 0x93,
  0x91, 0x90, 0x8e, 0x8c, 0x8a, 0x89, 0x88, 0x88, 0x88, 0x87, 0x86, 0x85,
  0x84, 0x82, 0x81, 0x7e, 0x7d, 0x7b, 0x7b, 0x7a, 0x79, 0x78, 0x77, 0x76,
  0x75, 0x73, 0x71, 0x6f, 0x6f, 0x6f, 0x6e, 0x6d, 0x6c, 0x6b, 0x6a, 0x68,
  0x67, 0x65, 0x64, 0x63, 0x62, 0x62, 0x63, 0x64, 0x64, 0x63, 0x62, 0x62,
  0x61, 0x61, 0x60, 0x5e, 0x5e, 0x5f, 0x60, 0x61, 0x61, 0x63, 0x64, 0x64,
  0x64, 0x63, 0x63, 0x62, 0x61, 0x60, 0x61, 0x65, 0x69, 0x6f, 0x74, 0x78,
  0x7d, 0x81, 0x83, 0x85, 0x86, 0x87, 0x89, 0x8b, 0x8f, 0x92, 0x96, 0x9a,
  0x9e, 0xa3, 0xa6, 0xaa, 0xac, 0xae, 0xb0, 0xb1, 0xb1, 0xb0, 0xae, 0xaf,
  0xb0, 0xb1, 0xb2, 0xb2, 0xb4, 0xb5, 0xb5, 0xb4, 0xb1, 0xae, 0xa9, 0xa4,
  0xa1, 0x9e, 0x9c, 0x9b, 0x98, 0x96, 0x94, 0x93, 0x92, 0x8e, 0x8b, 0x86,
  0x82, 0x81, 0x7e, 0x7c, 0x7a, 0x77, 0x76, 0x75, 0x75, 0x75, 0x73, 0x72,
  0x70, 0x6e, 0x6e, 0x6d, 0x6c, 0x6c, 0x6a, 0x6a, 0x69, 0x69, 0x69, 0x69,
  0x68, 0x67, 0x66, 0x66, 0x67, 0x66, 0x66, 0x66, 0x65, 0x65, 0x65, 0x64,
  0x64, 0x64, 0x64, 0x63, 0x63, 0x63, 0x64, 0x64, 0x64, 0x63, 0x62, 0x63,
  0x64, 0x64, 0x63, 0x62, 0x63, 0x65, 0x65, 0x65, 0x65, 0x65, 0x66, 0x66,
  0x66, 0x65, 0x64, 0x63, 0x63, 0x65, 0x6b, 0x72, 0x7b, 0x83, 0x8d, 0x95,
  0x9b, 0x9e, 0x9e, 0x9c, 0x9a, 0x9b, 0x9e, 0xa3, 0xac, 0xb4, 0xbc, 0xc3,
  0xc6, 0xc8, 0xc7, 0xc3, 0xbd, 0xb7, 0xb3, 0xb2, 0xb1, 0xb3, 0xb3, 0xb3,
  0xb4, 0xb2, 0xb0, 0xab, 0xa5, 0x9f, 0x98, 0x92, 0x8d, 0x88, 0x86, 0x83,
  0x80, 0x7f, 0x7d, 0x7d, 0x7b, 0x79, 0x75, 0x71, 0x6f, 0x6c, 0x6a, 0x68,
  0x67, 0x69, 0x6a, 0x6c, 0x6d, 0x6c, 0x6d, 0x6d, 0x6d, 0x6d, 0x6b, 0x6c,
  0x6d, 0x6d, 0x6e, 0x6e, 0x6e, 0x6f, 0x6e, 0x6e, 0x6d, 0x6d, 0x6e, 0x6d,
  0x6d, 0x6c, 0x6b, 0x6c, 0x6b, 0x6b, 0x6a, 0x6a, 0x6a, 0x6a, 0x6a, 0x6a,
  0x6a, 0x69, 0x69, 0x69, 0x69, 0x6a, 0x6a, 0x6a, 0x6a, 0x6a, 0x6b, 0x6b,
  0x6b, 0x6b, 0x6b, 0x6d, 0x6c, 0x6c, 0x6c, 0x6c, 0x6d, 0x6a, 0x68, 0x66,
  0x66, 0x6b, 0x72, 0x7d, 0x88, 0x91, 0x9b, 0xa0, 0xa3, 0xa3, 0x9f, 0x9d,
  0x9b, 0xa0, 0xaa, 0xb5, 0xc0, 0xc8, 0xcc, 0xcd, 0xcb, 0xc6, 0xbe, 0xb7,
  0xb1, 0xaf, 0xb2, 0xb5, 0xb8, 0xb5, 0xb0, 0xab, 0xa5, 0xa1, 0x9b, 0x94,
  0x8c, 0x87, 0x85, 0x83, 0x80, 0x7c, 0x78, 0x76, 0x75, 0x76, 0x75, 0x72,
  0x6f, 0x6b, 0x69, 0x68, 0x67, 0x68, 0x68, 0x69, 0x6b, 0x6c, 0x6d, 0x6c,
  0x6b, 0x69, 0x68, 0x6b, 0x6c, 0x6f, 0x70, 0x70, 0x71, 0x6f, 0x6f, 0x6f,
  0x6d, 0x6e, 0x6d, 0x6e, 0x70, 0x70, 0x71, 0x6f, 0x6d, 0x6e, 0x6e, 0x6e,
  0x6d, 0x6d, 0x6d, 0x6e, 0x6f, 0x6e, 0x6d, 0x6d, 0x6d, 0x6d, 0x6d, 0x6d,
  0x6f, 0x6e, 0x6e, 0x6e, 0x6d, 0x6e, 0x6f, 0x6f, 0x70, 0x6d, 0x6f, 0x6f,
  0x6f, 0x71, 0x6e, 0x6e, 0x6c, 0x6a, 0x6a, 0x69, 0x6f, 0x76, 0x82, 0x8e,
  0x95, 0x9c, 0x9c, 0x9b, 0x9a, 0x95, 0x96, 0x99, 0xa2, 0xb2, 0xbe, 0xc9,
  0xcc, 0xc8, 0xc2, 0xb8, 0xb4, 0xb1, 0xb2, 0xb6, 0xbb, 0xc1, 0xc4, 0xc2,
  0xbb, 0xaf, 0xa4, 0x9b, 0x97, 0x97, 0x96, 0x95, 0x92, 0x8d, 0x88, 0x81,
  0x7b, 0x74, 0x70, 0x6e, 0x6c, 0x6d, 0x6d, 0x69, 0x67, 0x62, 0x61, 0x61,
  0x60, 0x62, 0x61, 0x61, 0x63, 0x61, 0x63, 0x64, 0x65, 0x68, 0x69, 0x6b,
  0x6c, 0x6c, 0x6c, 0x6c, 0x6c, 0x6e, 0x70, 0x73, 0x74, 0x76, 0x76, 0x75,
  0x75, 0x73, 0x74, 0x75, 0x76, 0x78, 0x79, 0x7a, 0x7a, 0x79, 0x76, 0x74,
  0x73, 0x74, 0x75, 0x75, 0x74, 0x73, 0x72, 0x73, 0x73, 0x71, 0x6f, 0x6c,
  0x6d, 0x6f, 0x70, 0x6f, 0x6d, 0x6d, 0x6e, 0x6f, 0x6e, 0x6e, 0x6d, 0x6c,
  0x6d, 0x6a, 0x69, 0x68, 0x6a, 0x73, 0x7d, 0x8a, 0x93, 0x95, 0x95, 0x91,
  0x8f, 0x8e, 0x90, 0x98, 0xa2, 0xb0, 0xbd, 0xc2, 0xc2, 0xba, 0xb0, 0xaa,
  0xa9, 0xaf, 0xb8, 0xc2, 0xc8, 0xca, 0xc7, 0xbe, 0xb2, 0xa7, 0x9f, 0x9f,
  0xa4, 0xab, 0xaf, 0xac, 0xa5, 0x99, 0x8c, 0x82, 0x7b, 0x79, 0x7a, 0x7c,
  0x7d, 0x7b, 0x78, 0x70, 0x67, 0x60, 0x5b, 0x5c, 0x5d, 0x5f, 0x61, 0x5f,
  0x5e, 0x5b, 0x58, 0x58, 0x5a, 0x5c, 0x5f, 0x61, 0x62, 0x63, 0x63, 0x62,
  0x63, 0x64, 0x67, 0x6b, 0x6d, 0x6f, 0x70, 0x70, 0x70, 0x70, 0x71, 0x74,
  0x76, 0x79, 0x79, 0x79, 0x79, 0x79, 0x7a, 0x79, 0x79, 0x78, 0x79, 0x7b,
  0x7b, 0x7a, 0x77, 0x76, 0x76, 0x75, 0x76, 0x75, 0x74, 0x74, 0x72, 0x73,
  0x72, 0x70, 0x71, 0x6f, 0x70, 0x6f, 0x6e, 0x6f, 0x6d, 0x6e, 0x6d, 0x6a,
  0x6a, 0x66, 0x69, 0x70, 0x78, 0x85, 0x89, 0x8a, 0x89, 0x84, 0x86, 0x86,
  0x8b, 0x95, 0x9e, 0xab, 0xb3, 0xb4, 0xb1, 0xa8, 0xa3, 0xa3, 0xaa, 0xb5,
  0xc0, 0xc6, 0xc4, 0xc0, 0xb9, 0xb3, 0xb0, 0xae, 0xb0, 0xb4, 0xba, 0xbd,
  0xb9, 0xb0, 0xa2, 0x9a, 0x96, 0x96, 0x9a, 0x99, 0x96, 0x91, 0x89, 0x84,
  0x7d, 0x76, 0x71, 0x6d, 0x6f, 0x71, 0x71, 0x6c, 0x63, 0x5d, 0x59, 0x5a,
  0x5c, 0x5b, 0x5c, 0x5a, 0x5b, 0x5c, 0x5a, 0x59, 0x56, 0x56, 0x59, 0x5e,
  0x62, 0x63, 0x62, 0x60, 0x62, 0x65, 0x67, 0x6a, 0x6a, 0x6b, 0x6e, 0x71,
  0x73, 0x72, 0x71, 0x71, 0x73, 0x77, 0x79, 0x79, 0x77, 0x75, 0x77, 0x78,
  0x79, 0x78, 0x76, 0x76, 0x76, 0x78, 0x78, 0x76, 0x74, 0x73, 0x72, 0x73,
  0x74, 0x74, 0x73, 0x71, 0x6f, 0x6f, 0x70, 0x70, 0x6e, 0x6d, 0x6b, 0x6a,
  0x6a, 0x68, 0x6b, 0x74, 0x7d, 0x86, 0x87, 0x81, 0x7d, 0x7b, 0x7f, 0x87,
  0x8f, 0x9a, 0xa2, 0xa9, 0xaa, 0xa5, 0xa0, 0x9c, 0x9e, 0xa8, 0xb4, 0xc0,
  0xc4, 0xc1, 0xba, 0xb3, 0xb1, 0xb0, 0xb3, 0xb7, 0xbb, 0xc1, 0xc1, 0xbb,
  0xb0, 0xa5, 0xa1, 0xa2, 0xa6, 0xa8, 0xa5, 0xa1, 0x99, 0x93, 0x8d, 0x86,
  0x82, 0x7f, 0x7f, 0x80, 0x80, 0x7c, 0x73, 0x6a, 0x62, 0x60, 0x63, 0x66,
  0x66, 0x63, 0x60, 0x5d, 0x5c, 0x5a, 0x56, 0x55, 0x58, 0x5b, 0x60, 0x61,
  0x5e, 0x5c, 0x5a, 0x5b, 0x5e, 0x61, 0x63, 0x66, 0x67, 0x68, 0x6a, 0x6a,
  0x6b, 0x6c, 0x6c, 0x6f, 0x72, 0x75, 0x76, 0x74, 0x73, 0x73, 0x74, 0x76,
  0x76, 0x77, 0x78, 0x76, 0x77, 0x76, 0x75, 0x76, 0x74, 0x74, 0x74, 0x73,
  0x75, 0x75, 0x73, 0x71, 0x6e, 0x6e, 0x6f, 0x70, 0x70, 0x6f, 0x6b, 0x68,
  0x67, 0x66, 0x6c, 0x75, 0x7c, 0x83, 0x81, 0x7a, 0x77, 0x75, 0x7c, 0x85,
  0x8e, 0x99, 0x9f, 0xa2, 0x9e, 0x96, 0x92, 0x93, 0xa0, 0xaf, 0xbb, 0xc0,
  0xbb, 0xb5, 0xaf, 0xad, 0xb0, 0xb3, 0xb9, 0xc0, 0xc4, 0xc4, 0xbf, 0xb4,
  0xaa, 0xa6, 0xa8, 0xad, 0xb3, 0xb2, 0xab, 0xa3, 0x9a, 0x94, 0x8f, 0x8c,
  0x8a, 0x8a, 0x8c, 0x8c, 0x86, 0x7d, 0x71, 0x6a, 0x68, 0x6a, 0x6d, 0x6d,
  0x6a, 0x66, 0x61, 0x5e, 0x5a, 0x56, 0x56, 0x56, 0x5d, 0x61, 0x60, 0x5e,
  0x55, 0x54, 0x56, 0x59, 0x60, 0x61, 0x61, 0x64, 0x66, 0x69, 0x67, 0x65,
  0x65, 0x66, 0x70, 0x74, 0x76, 0x75, 0x70, 0x71, 0x73, 0x76, 0x78, 0x76,
  0x77, 0x79, 0x7a, 0x7c, 0x79, 0x76, 0x75, 0x75, 0x77, 0x79, 0x78, 0x77,
  0x76, 0x74, 0x73, 0x72, 0x71, 0x70, 0x70, 0x6f, 0x6e, 0x6d, 0x6a, 0x68,
  0x64, 0x67, 0x6f, 0x78, 0x80, 0x7f, 0x77, 0x70, 0x6e, 0x76, 0x81, 0x8e,
  0x97, 0x97, 0x97, 0x94, 0x91, 0x92, 0x96, 0xa1, 0xaa, 0xb5, 0xbb, 0xb7,
  0xb2, 0xaa, 0xa9, 0xae, 0xb6, 0xc1, 0xc4, 0xc3, 0xbf, 0xb9, 0xb4, 0xb1,
  0xae, 0xad, 0xb0, 0xb2, 0xb3, 0xb0, 0xa6, 0x9c, 0x94, 0x8e, 0x8d, 0x8e,
  0x90, 0x8e, 0x8a, 0x83, 0x7a, 0x72, 0x6c, 0x69, 0x69, 0x69, 0x6c, 0x6a,
  0x66, 0x61, 0x59, 0x56, 0x55, 0x56, 0x5a, 0x5b, 0x5c, 0x5b, 0x59, 0x58,
  0x54, 0x55, 0x56, 0x5a, 0x5f, 0x62, 0x65, 0x63, 0x63, 0x64, 0x64, 0x68,
  0x6a, 0x6d, 0x72, 0x75, 0x77, 0x76, 0x75, 0x75, 0x76, 0x79, 0x7a, 0x7d,
  0x7e, 0x7d, 0x7e, 0x7c, 0x7a, 0x7a, 0x7a, 0x7b, 0x7a, 0x7a, 0x7a, 0x79,
  0x79, 0x75, 0x73, 0x72, 0x71, 0x72, 0x71, 0x6f, 0x6c, 0x68, 0x66, 0x68,
  0x71, 0x78, 0x7d, 0x7d, 0x75, 0x70, 0x70, 0x76, 0x81, 0x8a, 0x92, 0x93,
  0x92, 0x90, 0x8e, 0x90, 0x95, 0x9e, 0xa9, 0xb1, 0xb5, 0xb2, 0xab, 0xa8,
  0xaa, 0xb2, 0xba, 0xbf, 0xc2, 0xbf, 0xbe, 0xbb, 0xb6, 0xb2, 0xaf, 0xb0,
  0xb3, 0xb5, 0xb4, 0xae, 0xa6, 0x9e, 0x97, 0x92, 0x90, 0x91, 0x91, 0x8f,
  0x8b, 0x82, 0x7a, 0x72, 0x6b, 0x68, 0x68, 0x6a, 0x6a, 0x68, 0x63, 0x5c,
  0x56, 0x54, 0x54, 0x56, 0x58, 0x5a, 0x59, 0x59, 0x57, 0x55, 0x54, 0x54,
  0x57, 0x5b, 0x5e, 0x62, 0x63, 0x64, 0x64, 0x63, 0x65, 0x68, 0x6d, 0x70,
  0x72, 0x74, 0x75, 0x77, 0x78, 0x77, 0x77, 0x79, 0x7d, 0x7f, 0x80, 0x80,
  0x7d, 0x7d, 0x7d, 0x7c, 0x7b, 0x7b, 0x7d, 0x7e, 0x7c, 0x7a, 0x77, 0x75,
  0x75, 0x75, 0x72, 0x70, 0x70, 0x6d, 0x6a, 0x68, 0x68, 0x6f, 0x76, 0x7c,
  0x7b, 0x73, 0x6e, 0x6e, 0x76, 0x81, 0x8a, 0x91, 0x90, 0x8e, 0x8c, 0x8a,
  0x8d, 0x94, 0x9f, 0xa8, 0xad, 0xae, 0xaa, 0xa6, 0xa7, 0xaa, 0xb0, 0xb8,
  0xbd, 0xbe, 0xbd, 0xbb, 0xb8, 0xb5, 0xb4, 0xb4, 0xb4, 0xb5, 0xb6, 0xb4,
  0xaf, 0xa8, 0xa1, 0x9c, 0x97, 0x96, 0x94, 0x92, 0x92, 0x8b, 0x84, 0x7c,
  0x72, 0x6f, 0x6c, 0x6c, 0x6d, 0x69, 0x67, 0x60, 0x59, 0x57, 0x52, 0x53,
  0x56, 0x56, 0x58, 0x56, 0x54, 0x54, 0x52, 0x52, 0x54, 0x56, 0x5a, 0x5d,
  0x5f, 0x60, 0x61, 0x62, 0x64, 0x66, 0x68, 0x6b, 0x6f, 0x72, 0x74, 0x75,
  0x76, 0x76, 0x77, 0x79, 0x7c, 0x7d, 0x7d, 0x7f, 0x7f, 0x7e, 0x7f, 0x7e,
  0x7d, 0x7d, 0x7e, 0x7d, 0x7c, 0x7c, 0x7b, 0x78, 0x76, 0x75, 0x74, 0x73,
  0x73, 0x6f, 0x69, 0x67, 0x68, 0x6e, 0x73, 0x77, 0x77, 0x72, 0x6e, 0x6e,
  0x70, 0x78, 0x82, 0x8b, 0x8e, 0x8c, 0x89, 0x86, 0x88, 0x90, 0x9a, 0xa3,
  0xa8, 0xa9, 0xa7, 0xa4, 0xa4, 0xa8, 0xad, 0xb4, 0xb9, 0xbb, 0xba, 0xb8,
  0xb6, 0xb5, 0xb4, 0xb6, 0xb6, 0xb4, 0xb5, 0xb4, 0xb1, 0xad, 0xa8, 0xa3,
  0x9f, 0x9c, 0x9c, 0x99, 0x96, 0x93, 0x8d, 0x87, 0x82, 0x7c, 0x77, 0x74,
  0x73, 0x72, 0x6e, 0x6b, 0x65, 0x5e, 0x5b, 0x5a, 0x5c, 0x5b, 0x5a, 0x59,
  0x55, 0x55, 0x55, 0x54, 0x52, 0x52, 0x56, 0x58, 0x5b, 0x5d, 0x5a, 0x5a,
  0x5e, 0x61, 0x64, 0x64, 0x66, 0x69, 0x6c, 0x70, 0x71, 0x70, 0x70, 0x73,
  0x77, 0x78, 0x79, 0x79, 0x79, 0x7a, 0x7c, 0x7c, 0x7a, 0x7a, 0x7c, 0x7b,
  0x7a, 0x7c, 0x7a, 0x78, 0x78, 0x76, 0x75, 0x74, 0x74, 0x73, 0x6e, 0x6c,
  0x6a, 0x6a, 0x70, 0x74, 0x78, 0x77, 0x73, 0x6f, 0x6d, 0x71, 0x7a, 0x81,
  0x87, 0x88, 0x87, 0x86, 0x85, 0x87, 0x8b, 0x94, 0x9c, 0xa2, 0xa5, 0xa1,
  0xa0, 0xa1, 0xa5, 0xac, 0xb1, 0xb5, 0xb5, 0xb5, 0xb6, 0xb4, 0xb3, 0xb3,
  0xb4, 0xb6, 0xb6, 0xb5, 0xb1, 0xad, 0xac, 0xaa, 0xa7, 0xa4, 0xa1, 0x9e,
  0x9c, 0x9a, 0x97, 0x91, 0x8e, 0x8a, 0x85, 0x83, 0x80, 0x7e, 0x7b, 0x77,
  0x73, 0x6f, 0x6d, 0x6c, 0x6a, 0x68, 0x65, 0x63, 0x61, 0x60, 0x5f, 0x5d,
  0x5c, 0x5d, 0x5e, 0x5e, 0x5d, 0x5c, 0x5d, 0x5e, 0x60, 0x61, 0x61, 0x61,
  0x63, 0x65, 0x65, 0x66, 0x67, 0x68, 0x6a, 0x6b, 0x6c, 0x6d, 0x6e, 0x70,
  0x70, 0x71, 0x71, 0x71, 0x72, 0x73, 0x73, 0x73, 0x73, 0x73, 0x72, 0x72,
  0x72, 0x72, 0x71, 0x70, 0x6f, 0x6e, 0x6f, 0x70, 0x71, 0x71, 0x72, 0x71,
  0x72, 0x74, 0x75, 0x77, 0x79, 0x7b, 0x7d, 0x7d, 0x7e, 0x80, 0x82, 0x86,
  0x89, 0x8c, 0x8d, 0x8e, 0x90, 0x91, 0x92, 0x95, 0x98, 0x9b, 0x9e, 0x9f,
  0x9f, 0x9f, 0x9f, 0xa1, 0xa2, 0xa5, 0xa6, 0xa6, 0xa6, 0xa5, 0xa4, 0xa4,
  0xa3, 0xa3, 0xa2, 0xa2, 0xa0, 0x9f, 0x9d, 0x9c, 0x9a, 0x99, 0x97, 0x94,
  0x92, 0x90, 0x8f, 0x8d, 0x8c, 0x8b, 0x88, 0x86, 0x83, 0x82, 0x81, 0x80,
  0x7f, 0x7e, 0x7d, 0x7b, 0x79, 0x77, 0x76, 0x76, 0x76, 0x76, 0x76, 0x75,
  0x73, 0x72, 0x72, 0x71, 0x71, 0x72, 0x72, 0x71, 0x71, 0x71, 0x70, 0x70,
  0x70, 0x70, 0x70, 0x70, 0x70, 0x70, 0x70, 0x70, 0x70, 0x6f, 0x6f, 0x6f,
  0x70, 0x70, 0x71, 0x70, 0x70, 0x70, 0x70, 0x70, 0x71, 0x71, 0x71, 0x71,
  0x71, 0x70, 0x70, 0x71, 0x71, 0x71, 0x72, 0x73, 0x73, 0x74, 0x75, 0x75,
  0x75, 0x76, 0x77, 0x78, 0x79, 0x7a, 0x7b, 0x7c, 0x7d, 0x7e, 0x7e, 0x80,
  0x81, 0x82, 0x83, 0x84, 0x85, 0x86, 0x87, 0x88, 0x89, 0x8a, 0x8b, 0x8c,
  0x8c, 0x8d, 0x8d, 0x8e, 0x8f, 0x90, 0x90, 0x90, 0x91, 0x91, 0x91, 0x91,
  0x91, 0x92, 0x92, 0x92, 0x92, 0x91, 0x91, 0x91, 0x91, 0x90, 0x90, 0x8f,
  0x8f, 0x8e, 0x8e, 0x8d, 0x8c, 0x8b, 0x8b, 0x8a, 0x89, 0x88, 0x88, 0x87,
  0x86, 0x85, 0x84, 0x83, 0x83, 0x82, 0x81, 0x80, 0x80, 0x7f, 0x7e, 0x7e,
  0x7d, 0x7d, 0x7c, 0x7c, 0x7b, 0x7b, 0x7a, 0x7a, 0x79, 0x79, 0x79, 0x78,
  0x78, 0x78, 0x78, 0x78, 0x77, 0x77, 0x77, 0x77, 0x77, 0x77, 0x77, 0x77,
  0x77, 0x77, 0x77, 0x77, 0x77, 0x77, 0x77, 0x77, 0x78, 0x78, 0x78, 0x78,
  0x78, 0x78, 0x78, 0x78, 0x78, 0x78, 0x78, 0x79, 0x79, 0x79, 0x79, 0x79,
  0x79, 0x79, 0x7a, 0x7a, 0x7a, 0x7b, 0x7b, 0x7b, 0x7b, 0x7c, 0x7c, 0x7d,
  0x7d, 0x7e, 0x7e, 0x7e, 0x7e, 0x7f, 0x80, 0x80, 0x81, 0x81, 0x81, 0x82,
  0x82, 0x83, 0x83, 0x84, 0x84, 0x85, 0x85, 0x86, 0x86, 0x86, 0x87, 0x87,
  0x87, 0x88, 0x88, 0x88, 0x89, 0x89, 0x89, 0x89, 0x89, 0x89, 0x89, 0x89,
  0x89, 0x89, 0x89, 0x89, 0x89, 0x89, 0x89, 0x89, 0x88, 0x88, 0x88, 0x87,
  0x87, 0x86, 0x86, 0x86, 0x85, 0x85, 0x85, 0x84, 0x83, 0x83, 0x83, 0x82,
  0x82, 0x81, 0x81, 0x80, 0x80, 0x80, 0x7f, 0x7f, 0x7f, 0x7e, 0x7e, 0x7e,
  0x7d, 0x7d, 0x7d, 0x7d, 0x7c, 0x7c, 0x7c, 0x7c, 0x7b, 0x7b, 0x7b, 0x7b,
  0x7b, 0x7b, 0x7b, 0x7b, 0x7b, 0x7b, 0x7b, 0x7b, 0x7b, 0x7b, 0x7b, 0x7b,
  0x7b, 0x7b, 0x7b, 0x7b, 0x7b, 0x7b, 0x7b, 0x7b, 0x7c, 0x7c, 0x7c, 0x7c,
  0x7c, 0x7c, 0x7c, 0x7c, 0x7c, 0x7c, 0x7c, 0x7c, 0x7c, 0x7d, 0x7d, 0x7d,
  0x7d, 0x7d, 0x7d, 0x7d, 0x7d, 0x7e, 0x7e, 0x7e, 0x7e, 0x7e, 0x7f, 0x7f,
  0x7f, 0x7f, 0x7f, 0x7f, 0x80, 0x80, 0x80, 0x80, 0x81, 0x81, 0x81, 0x81,
  0x82, 0x82, 0x82, 0x82, 0x83, 0x83, 0x83, 0x83, 0x83, 0x84, 0x84, 0x84,
  0x84, 0x84, 0x84, 0x85, 0x85, 0x85, 0x85, 0x85, 0x85, 0x85, 0x85, 0x85,
  0x85, 0x85, 0x85, 0x85, 0x85, 0x85, 0x85, 0x85, 0x84, 0x84, 0x84, 0x84,
  0x84, 0x83, 0x83, 0x83, 0x83, 0x82, 0x82, 0x82, 0x82, 0x82, 0x81, 0x81,
  0x81, 0x81, 0x80, 0x80, 0x80, 0x80, 0x7f, 0x7f, 0x7f, 0x7f, 0x7f, 0x7f,
  0x7e, 0x7e, 0x7e, 0x7e, 0x7e, 0x7e, 0x7e, 0x7d, 0x7d, 0x7d, 0x7d, 0x7d,
  0x7d, 0x7d, 0x7d, 0x7d, 0x7d, 0x7d, 0x7d, 0x7d, 0x7d, 0x7d, 0x7d, 0x7d,
  0x7d, 0x7d, 0x7d, 0x7d, 0x7d, 0x7e, 0x7e, 0x7e, 0x7e, 0x7e, 0x7e, 0x7e,
  0x7e, 0x7e, 0x7e, 0x7e, 0x7e, 0x7e, 0x7e, 0x7e, 0x7e, 0x7f, 0x7f, 0x7f,
  0x7f, 0x7f, 0x7f, 0x7f, 0x7f, 0x7f, 0x7f, 0x7f, 0x7f, 0x7f, 0x7f, 0x7f,
  0x7f, 0x7f, 0x80, 0x80, 0x80, 0x80, 0x80, 0x80, 0x80, 0x80, 0x80, 0x81,
  0x81, 0x81, 0x81, 0x81, 0x81, 0x81, 0x81, 0x82, 0x82, 0x82, 0x82, 0x82,
  0x82, 0x82, 0x82, 0x82, 0x83, 0x83, 0x83, 0x83, 0x83, 0x83, 0x83, 0x83,
  0x83, 0x83, 0x83, 0x83, 0x83, 0x83, 0x83, 0x83, 0x83, 0x83, 0x82, 0x82,
  0x82, 0x82, 0x82, 0x82, 0x82, 0x82, 0x82, 0x81, 0x81, 0x81, 0x81, 0x81,
  0x81, 0x81, 0x80, 0x80, 0x80, 0x80, 0x80, 0x80, 0x80, 0x7f, 0x7f, 0x7f,
  0x7f, 0x7f, 0x7f, 0x7f, 0x7f, 0x7f, 0x7f, 0x7e, 0x7e, 0x7e, 0x7e, 0x7e,
  0x7e, 0x7e, 0x7e, 0x7e, 0x7e, 0x7e, 0x7e, 0x7e, 0x7e, 0x7e, 0x7e, 0x7e,
  0x7e, 0x7e, 0x7e, 0x7e, 0x7e, 0x7e, 0x7e, 0x7f, 0x7f, 0x7f, 0x7f, 0x7f,
  0x7f, 0x7f, 0x7f, 0x7f, 0x7f, 0x7f, 0x7f, 0x7f, 0x7f, 0x7f, 0x7f, 0x7f,
  0x7f, 0x7f, 0x7f, 0x7f, 0x7f, 0x7f, 0x7f, 0x7f, 0x7f, 0x7f, 0x7f, 0x7f,
  0x7f, 0x7f, 0x80, 0x80, 0x80, 0x80, 0x80, 0x80, 0x80, 0x80, 0x80, 0x80,
  0x80, 0x80, 0x81, 0x81, 0x81, 0x81, 0x81, 0x81, 0x81, 0x81, 0x81, 0x81,
  0x82, 0x82, 0x82, 0x82, 0x82, 0x82, 0x82, 0x82, 0x82, 0x82, 0x82, 0x82,
  0x82, 0x82, 0x82, 0x82, 0x82, 0x82, 0x82, 0x82, 0x82, 0x82, 0x82, 0x82,
  0x81, 0x82, 0x81, 0x81, 0x81, 0x81, 0x81, 0x81, 0x81, 0x81, 0x80, 0x81,
  0x81, 0x80, 0x80, 0x81, 0x80, 0x80, 0x81, 0x81, 0x80, 0x80, 0x81, 0x7f,
  0x7f, 0x7f, 0x7d, 0x81, 0x80, 0x7d, 0x7f, 0x7e, 0x80, 0x81, 0x80, 0x81,
  0x7e, 0x80, 0x80, 0x7e, 0x80, 0x7f, 0x7d, 0x7d, 0x7f, 0x7f, 0x7e, 0x80,
  0x7f, 0x80, 0x82, 0x7e, 0x80, 0x7f, 0x7f, 0x80, 0x7d, 0x7f, 0x7e, 0x7d,
  0x7e, 0x7b, 0x7f, 0x80, 0x7e, 0x81, 0x7f, 0x81, 0x81, 0x7c, 0x82, 0x7e,
  0x7d, 0x80, 0x7d, 0x81, 0x7c, 0x7f, 0x81, 0x7b, 0x81, 0x7e, 0x7e, 0x82,
  0x7f, 0x84, 0x7f, 0x81, 0x81, 0x7d, 0x83, 0x7d, 0x80, 0x81, 0x7c, 0x84,
  0x7f, 0x7e, 0x82, 0x81, 0x81, 0x7e, 0x82, 0x80, 0x7e, 0x87, 0x7f, 0x7f,
  0x85, 0x7f, 0x81, 0x81, 0x81, 0x7f, 0x7c, 0x84, 0x7e, 0x7c, 0x83, 0x7d,
  0x81, 0x82, 0x7c, 0x81, 0x7e, 0x7d, 0x81, 0x7e, 0x7f, 0x81, 0x80, 0x81,
  0x7f, 0x80, 0x7f, 0x7d, 0x80, 0x7d, 0x7f, 0x7f, 0x7c, 0x86, 0x7e, 0x7d,
  0x86, 0x7c, 0x80, 0x81, 0x80, 0x82, 0x7c, 0x85, 0x81, 0x7e, 0x82, 0x7f,
  0x83, 0x7c, 0x80, 0x84, 0x7c, 0x81, 0x81, 0x81, 0x7e, 0x81, 0x86, 0x7a,
  0x86, 0x81, 0x7a, 0x87, 0x7c, 0x80, 0x83, 0x7d, 0x83, 0x7f, 0x81, 0x7f,
  0x80, 0x82, 0x7b, 0x85, 0x7f, 0x7b, 0x86, 0x7d, 0x80, 0x82, 0x80, 0x81,
  0x7d, 0x84, 0x7d, 0x7e, 0x85, 0x79, 0x83, 0x7f, 0x7c, 0x85, 0x7b, 0x83,
  0x82, 0x7d, 0x83, 0x7e, 0x81, 0x7e, 0x80, 0x83, 0x7a, 0x84, 0x81, 0x7d,
  0x82, 0x80, 0x80, 0x7f, 0x83, 0x7e, 0x7e, 0x84, 0x7d, 0x80, 0x82, 0x7e,
  0x7f, 0x83, 0x80, 0x7d, 0x85, 0x7c, 0x80, 0x83, 0x7a, 0x86, 0x7e, 0x7e,
  0x83, 0x7d, 0x86, 0x79, 0x82, 0x82, 0x7c, 0x87, 0x74, 0x86, 0x84, 0x76,
  0x89, 0x79, 0x86, 0x82, 0x74, 0x8e, 0x7a, 0x7c, 0x84, 0x7c, 0x86, 0x7b,
  0x82, 0x82, 0x7b, 0x86, 0x7c, 0x80, 0x82, 0x7f, 0x82, 0x7b, 0x84, 0x81,
  0x7d, 0x85, 0x7a, 0x84, 0x84, 0x76, 0x87, 0x81, 0x7b, 0x84, 0x7f, 0x7f,
  0x81, 0x82, 0x7b, 0x82, 0x86, 0x79, 0x81, 0x81, 0x81, 0x80, 0x7b, 0x84,
  0x7f, 0x80, 0x7e, 0x82, 0x81, 0x7a, 0x89, 0x76, 0x85, 0x87, 0x6d, 0x94,
  0x7a, 0x76, 0x8e, 0x78, 0x88, 0x72, 0x88, 0x8a, 0x64, 0x99, 0x78, 0x76,
  0x93, 0x6c, 0x8e, 0x7e, 0x78, 0x8c, 0x75, 0x87, 0x7c, 0x7f, 0x82, 0x79,
  0x8d, 0x76, 0x81, 0x86, 0x79, 0x87, 0x7c, 0x80, 0x80, 0x82, 0x80, 0x7c,
  0x87, 0x79, 0x87, 0x7c, 0x78, 0x92, 0x70, 0x7e, 0x8c, 0x76, 0x82, 0x7f,
  0x88, 0x7d, 0x77, 0x92, 0x74, 0x7b, 0x90, 0x73, 0x82, 0x85, 0x7b, 0x86,
  0x77, 0x85, 0x86, 0x75, 0x8a, 0x7d, 0x7d, 0x88, 0x7a, 0x84, 0x7f, 0x80,
  0x80, 0x83, 0x7e, 0x75, 0x92, 0x72, 0x79, 0x99, 0x69, 0x84, 0x8a, 0x75,
  0x85, 0x80, 0x86, 0x72, 0x8e, 0x83, 0x67, 0x9e, 0x71, 0x79, 0x94, 0x6d,
  0x8a, 0x7d, 0x82, 0x7e, 0x79, 0x93, 0x68, 0x89, 0x8f, 0x68, 0x8e, 0x80,
  0x7b, 0x85, 0x7c, 0x7e, 0x88, 0x81, 0x6c, 0x99, 0x80, 0x63, 0x9a, 0x79,
  0x78, 0x89, 0x77, 0x88, 0x7e, 0x7c, 0x7c, 0x8c, 0x7f, 0x66, 0x9c, 0x7c,
  0x68, 0x98, 0x7b, 0x79, 0x88, 0x81, 0x7e, 0x7e, 0x89, 0x7c, 0x7e, 0x84,
  0x81, 0x82, 0x7a, 0x81, 0x83, 0x80, 0x7c, 0x80, 0x84, 0x7b, 0x82, 0x7d,
  0x83, 0x83, 0x7c, 0x83, 0x7a, 0x8c, 0x79, 0x76, 0x97, 0x69, 0x84, 0x8e,
  0x6d, 0x93, 0x70, 0x7f, 0x95, 0x68, 0x89, 0x83, 0x7a, 0x81, 0x7b, 0x8f,
  0x6e, 0x84, 0x8f, 0x66, 0x94, 0x80, 0x6e, 0x96, 0x74, 0x7f, 0x8a, 0x73,
  0x88, 0x83, 0x7e, 0x80, 0x7a, 0x89, 0x7a, 0x7b, 0x86, 0x77, 0x85, 0x80,
  0x7d, 0x87, 0x7e, 0x82, 0x7c, 0x84, 0x85, 0x75, 0x85, 0x82, 0x7e, 0x85,
  0x7c, 0x7f, 0x87, 0x81, 0x74, 0x89, 0x81, 0x70, 0x94, 0x76, 0x7a, 0x95,
  0x6b, 0x85, 0x89, 0x73, 0x88, 0x7d, 0x81, 0x79, 0x82, 0x8a, 0x6c, 0x8f,
  0x7f, 0x6f, 0x98, 0x6f, 0x7f, 0x92, 0x6d, 0x8b, 0x83, 0x76, 0x87, 0x83,
  0x7f, 0x7c, 0x8a, 0x7d, 0x7c, 0x89, 0x79, 0x85, 0x81, 0x7d, 0x7f, 0x7c,
  0x8c, 0x76, 0x80, 0x82, 0x7a, 0x90, 0x67, 0x8b, 0x93, 0x5e, 0x98, 0x7d,
  0x6f, 0x97, 0x74, 0x82, 0x7c, 0x7e, 0x8b, 0x6f, 0x8b, 0x82, 0x78, 0x84,
  0x7a, 0x8b, 0x77, 0x7f, 0x8b, 0x70, 0x8f, 0x7e, 0x71, 0x92, 0x78, 0x7d,
  0x87, 0x7a, 0x84, 0x7e, 0x80, 0x80, 0x80, 0x82, 0x7a, 0x87, 0x7c, 0x7d,
  0x8b, 0x75, 0x84, 0x87, 0x74, 0x88, 0x80, 0x79, 0x88, 0x7d, 0x7c, 0x86,
  0x81, 0x7c, 0x80, 0x86, 0x7d, 0x7a, 0x8b, 0x7d, 0x72, 0x8e, 0x80, 0x74,
  0x88, 0x7b, 0x82, 0x84, 0x74, 0x89, 0x7d, 0x79, 0x8b, 0x78, 0x81, 0x82,
  0x7c, 0x89, 0x78, 0x81, 0x88, 0x77, 0x7e, 0x87, 0x84, 0x75, 0x87, 0x86,
  0x74, 0x8d, 0x7e, 0x79, 0x88, 0x7b, 0x83, 0x7c, 0x81, 0x86, 0x76, 0x8a,
  0x80, 0x77, 0x8b, 0x7a, 0x7e, 0x87, 0x78, 0x84, 0x81, 0x7c, 0x84, 0x7b,
  0x82, 0x82, 0x79, 0x86, 0x7e, 0x7c, 0x84, 0x7e, 0x7f, 0x84, 0x84, 0x75,
  0x7e, 0x8e, 0x77, 0x7b, 0x89, 0x81, 0x79, 0x7f, 0x8d, 0x79, 0x7a, 0x8a,
  0x7b, 0x7d, 0x81, 0x82, 0x7d, 0x81, 0x88, 0x72, 0x85, 0x8b, 0x6f, 0x8a,
  0x7f, 0x77, 0x8d, 0x75, 0x86, 0x88, 0x6e, 0x8c, 0x82, 0x7a, 0x87, 0x79,
  0x88, 0x7b, 0x7c, 0x8c, 0x71, 0x86, 0x85, 0x76, 0x8a, 0x7c, 0x7d, 0x80,
  0x81, 0x85, 0x7e, 0x7e, 0x7a, 0x8e, 0x7b, 0x72, 0x99, 0x77, 0x72, 0x8c,
  0x81, 0x7e, 0x74, 0x8b, 0x84, 0x6e, 0x90, 0x82, 0x75, 0x84, 0x7f, 0x88,
  0x77, 0x7b, 0x8d, 0x72, 0x86, 0x85, 0x73, 0x93, 0x76, 0x77, 0x9a, 0x6d,
  0x7c, 0x94, 0x70, 0x80, 0x88, 0x78, 0x84, 0x83, 0x7b, 0x7f, 0x83, 0x80,
  0x7c, 0x84, 0x84, 0x79, 0x80, 0x8a, 0x78, 0x7e, 0x8c, 0x73, 0x84, 0x8a,
  0x6e, 0x8d, 0x7f, 0x73, 0x91, 0x79, 0x7c, 0x81, 0x7f, 0x86, 0x77, 0x89,
  0x7c, 0x7c, 0x89, 0x71, 0x90, 0x7c, 0x6c, 0x97, 0x79, 0x77, 0x89, 0x83,
  0x7c, 0x77, 0x8f, 0x7b, 0x7a, 0x8f, 0x70, 0x87, 0x89, 0x6f, 0x8a, 0x86,
  0x78, 0x7f, 0x85, 0x7f, 0x7a, 0x8a, 0x79, 0x7c, 0x8d, 0x75, 0x7f, 0x88,
  0x79, 0x81, 0x87, 0x7d, 0x78, 0x8c, 0x7d, 0x73, 0x90, 0x79, 0x7b, 0x8b,
  0x76, 0x83, 0x84, 0x79, 0x81, 0x88, 0x7b, 0x74, 0x92, 0x7b, 0x74, 0x93,
  0x77, 0x7a, 0x89, 0x7e, 0x80, 0x7f, 0x83, 0x78, 0x89, 0x83, 0x6b, 0x96,
  0x7d, 0x6e, 0x9a, 0x77, 0x73, 0x90, 0x7b, 0x79, 0x8b, 0x7a, 0x75, 0x8c,
  0x7b, 0x7d, 0x89, 0x75, 0x83, 0x82, 0x7b, 0x82, 0x7f, 0x87, 0x79, 0x82,
  0x89, 0x75, 0x81, 0x82, 0x81, 0x80, 0x7f, 0x84, 0x7b, 0x84, 0x7d, 0x7b,
  0x8b, 0x79, 0x7b, 0x8a, 0x7d, 0x79, 0x88, 0x83, 0x77, 0x88, 0x83, 0x75,
  0x87, 0x82, 0x77, 0x84, 0x84, 0x7e, 0x80, 0x7e, 0x82, 0x80, 0x7b, 0x83,
  0x7f, 0x80, 0x80, 0x7d, 0x88, 0x80, 0x7b, 0x81, 0x84, 0x80, 0x7d, 0x81,
  0x78, 0x85, 0x81, 0x78, 0x8b, 0x79, 0x7f, 0x86, 0x7b, 0x89, 0x78, 0x7e,
  0x85, 0x7b, 0x87, 0x78, 0x82, 0x85, 0x78, 0x88, 0x7d, 0x7d, 0x85, 0x7a,
  0x80, 0x84, 0x7e, 0x7f, 0x81, 0x7e, 0x83, 0x81, 0x7d, 0x82, 0x7f, 0x83,
  0x7a, 0x7f, 0x84, 0x77, 0x8a, 0x7d, 0x7b, 0x88, 0x79, 0x84, 0x79, 0x85,
  0x88, 0x6e, 0x8e, 0x7f, 0x7b, 0x89, 0x74, 0x89, 0x7d, 0x7c, 0x87, 0x79,
  0x86, 0x78, 0x82, 0x87, 0x78, 0x87, 0x75, 0x84, 0x86, 0x76, 0x8d, 0x7a,
  0x82, 0x85, 0x78, 0x8d, 0x77, 0x7d, 0x86, 0x76, 0x89, 0x7f, 0x7c, 0x83,
  0x81, 0x85, 0x78, 0x82, 0x7e, 0x7b, 0x8b, 0x77, 0x83, 0x84, 0x75, 0x8c,
  0x7d, 0x7d, 0x8a, 0x75, 0x81, 0x83, 0x7f, 0x7e, 0x7d, 0x88, 0x7a, 0x83,
  0x7d, 0x72, 0x91, 0x7b, 0x77, 0x8c, 0x7e, 0x7d, 0x7f, 0x87, 0x76, 0x82,
  0x8c, 0x6d, 0x93, 0x7f, 0x6a, 0x98, 0x7b, 0x7c, 0x8a, 0x79, 0x84, 0x83,
  0x82, 0x79, 0x81, 0x84, 0x77, 0x8a, 0x7e, 0x77, 0x85, 0x7a, 0x84, 0x86,
  0x78, 0x82, 0x82, 0x7f, 0x84, 0x79, 0x81, 0x86, 0x78, 0x86, 0x85, 0x79,
  0x7d, 0x82, 0x86, 0x7f, 0x7d, 0x7f, 0x86, 0x7d, 0x77, 0x8a, 0x7c, 0x7e,
  0x86, 0x7d, 0x8a, 0x76, 0x79, 0x8c, 0x7f, 0x7d, 0x76, 0x84, 0x82, 0x79,
  0x83, 0x76, 0x8a, 0x80, 0x75, 0x97, 0x74, 0x74, 0x8a, 0x79, 0x8b, 0x7f,
  0x76, 0x8b, 0x87, 0x84, 0x7a, 0x83, 0x85, 0x79, 0x89, 0x7f, 0x7a, 0x82,
  0x7b, 0x8a, 0x85, 0x7b, 0x82, 0x7c, 0x82, 0x80, 0x74, 0x7e, 0x80, 0x80,
  0x84, 0x78, 0x79, 0x83, 0x85, 0x80, 0x7b, 0x82, 0x7f, 0x7c, 0x82, 0x80,
  0x81, 0x7b, 0x7c, 0x8c, 0x80, 0x78, 0x85, 0x83, 0x7d, 0x7f, 0x7e, 0x7f,
  0x82, 0x82, 0x81, 0x85, 0x80, 0x7a, 0x85, 0x83, 0x7c, 0x87, 0x84, 0x7b,
  0x7c, 0x81, 0x84, 0x81, 0x86, 0x82, 0x79, 0x80, 0x81, 0x81, 0x7e, 0x7d,
  0x84, 0x84, 0x82, 0x7a, 0x7a, 0x84, 0x7f, 0x80, 0x81, 0x7b, 0x7b, 0x7e,
  0x80, 0x7f, 0x7e, 0x7a, 0x7d, 0x82, 0x7a, 0x7a, 0x82, 0x82, 0x83, 0x85,
  0x81, 0x7c, 0x7d, 0x83, 0x84, 0x81, 0x80, 0x81, 0x81, 0x80, 0x83, 0x84,
  0x80, 0x80, 0x7d, 0x7d, 0x81, 0x7c, 0x7e, 0x85, 0x84, 0x86, 0x82, 0x7e,
  0x83, 0x84, 0x83, 0x84, 0x84, 0x7e, 0x7d, 0x85, 0x82, 0x7f, 0x80, 0x7f,
  0x89, 0x84, 0x78, 0x7b, 0x7c, 0x7c, 0x81, 0x80, 0x7d, 0x7b, 0x81, 0x84,
  0x82, 0x7e, 0x7d, 0x7f, 0x7f, 0x7f, 0x7a, 0x75, 0x79, 0x7c, 0x7c, 0x7a,
  0x77, 0x74, 0x72, 0x75, 0x74, 0x72, 0x72, 0x6f, 0x73, 0x72, 0x6e, 0x6f,
  0x6d, 0x6e, 0x6f, 0x6f, 0x71, 0x6e, 0x6b, 0x6d, 0x6e, 0x6d, 0x6c, 0x6c,
  0x6b, 0x6d, 0x6f, 0x6e, 0x6c, 0x6b, 0x6c, 0x6d, 0x6d, 0x6c, 0x6f, 0x76,
  0x7c, 0x81, 0x85, 0x86, 0x89, 0x8d, 0x90, 0x90, 0x94, 0x9a, 0xa0, 0xa8,
  0xab, 0xae, 0xb0, 0xb1, 0xb2, 0xb1, 0xb0, 0xb0, 0xb0, 0xb1, 0xb0, 0xb1,
  0xb1, 0xb0, 0xb0, 0xaa, 0xa6, 0xa1, 0x9c, 0x9a, 0x97, 0x95, 0x93, 0x8f,
  0x8d, 0x89, 0x86, 0x82, 0x80, 0x7f, 0x7c, 0x78, 0x73, 0x71, 0x73, 0x78,
  0x7a, 0x78, 0x74, 0x71, 0x72, 0x76, 0x77, 0x76, 0x75, 0x75, 0x77, 0x78,
  0x77, 0x78, 0x7a, 0x7e, 0x7f, 0x79, 0x73, 0x70, 0x72, 0x77, 0x79, 0x76,
  0x71, 0x6c, 0x6b, 0x6c, 0x6d, 0x6b, 0x6a, 0x68, 0x64, 0x63, 0x60, 0x61,
  0x64, 0x65, 0x65, 0x62, 0x5f, 0x5e, 0x60, 0x62, 0x64, 0x64, 0x64, 0x63,
  0x64, 0x64, 0x65, 0x67, 0x68, 0x6a, 0x6b, 0x6a, 0x6b, 0x6b, 0x6c, 0x70,
  0x70, 0x6f, 0x6f, 0x6d, 0x6f, 0x6d, 0x6a, 0x69, 0x6c, 0x78, 0x85, 0x90,
  0x98, 0x98, 0x97, 0x96, 0x99, 0x9f, 0xa5, 0xb0, 0xba, 0xc3, 0xc7, 0xc7,
  0xc7, 0xc6, 0xc7, 0xc6, 0xbe, 0xb7, 0xb2, 0xb3, 0xb6, 0xb9, 0xb6, 0xaf,
  0xa4, 0x97, 0x8d, 0x88, 0x86, 0x89, 0x8a, 0x88, 0x83, 0x7c, 0x74, 0x70,
  0x71, 0x73, 0x78, 0x78, 0x74, 0x74, 0x75, 0x78, 0x7c, 0x7c, 0x7b, 0x7b,
  0x7b, 0x7c, 0x7e, 0x80, 0x83, 0x87, 0x84, 0x80, 0x7c, 0x79, 0x7d, 0x80,
  0x7f, 0x7e, 0x7b, 0x78, 0x77, 0x71, 0x6e, 0x6e, 0x6e, 0x70, 0x6d, 0x68,
  0x66, 0x65, 0x65, 0x65, 0x63, 0x61, 0x61, 0x60, 0x60, 0x61, 0x61, 0x62,
  0x63, 0x61, 0x62, 0x63, 0x63, 0x65, 0x67, 0x68, 0x6a, 0x6a, 0x6a, 0x6b,
  0x6b, 0x6d, 0x6f, 0x70, 0x70, 0x70, 0x71, 0x73, 0x74, 0x72, 0x71, 0x72,
  0x72, 0x72, 0x72, 0x6e, 0x6c, 0x6b, 0x67, 0x6c, 0x78, 0x85, 0x96, 0x9c,
  0x99, 0x95, 0x92, 0x96, 0xa0, 0xac, 0xb8, 0xc4, 0xcb, 0xcb, 0xc9, 0xc5,
  0xc2, 0xc3, 0xc0, 0xbd, 0xba, 0xb3, 0xb2, 0xb4, 0xb4, 0xb1, 0xa6, 0x95,
  0x87, 0x80, 0x80, 0x83, 0x86, 0x87, 0x84, 0x7e, 0x73, 0x6a, 0x66, 0x68,
  0x70, 0x77, 0x7a, 0x7a, 0x78, 0x77, 0x79, 0x7a, 0x7d, 0x7e, 0x7f, 0x7f,
  0x80, 0x84, 0x88, 0x89, 0x87, 0x82, 0x7e, 0x7c, 0x7c, 0x7d, 0x7e, 0x7f,
  0x7f, 0x7c, 0x77, 0x6f, 0x6c, 0x6c, 0x6c, 0x6e, 0x6c, 0x6a, 0x69, 0x66,
  0x65, 0x62, 0x61, 0x61, 0x62, 0x63, 0x62, 0x63, 0x63, 0x64, 0x67, 0x66,
  0x65, 0x65, 0x64, 0x68, 0x6a, 0x6c, 0x6d, 0x6c, 0x6d, 0x6e, 0x6f, 0x70,
  0x6f, 0x72, 0x73, 0x75, 0x77, 0x74, 0x74, 0x74, 0x75, 0x77, 0x75, 0x74,
  0x73, 0x74, 0x75, 0x72, 0x71, 0x6d, 0x6b, 0x6a, 0x67, 0x70, 0x7e, 0x8f,
  0x9d, 0x9e, 0x98, 0x91, 0x90, 0x99, 0xa5, 0xb5, 0xc1, 0xca, 0xcf, 0xca,
  0xc5, 0xbf, 0xbd, 0xbf, 0xbf, 0xbc, 0xb8, 0xb4, 0xb3, 0xb2, 0xaf, 0xa5,
  0x98, 0x89, 0x7d, 0x7b, 0x7b, 0x81, 0x86, 0x85, 0x7f, 0x73, 0x68, 0x60,
  0x60, 0x69, 0x71, 0x7a, 0x7e, 0x7b, 0x7a, 0x77, 0x78, 0x79, 0x7c, 0x80,
  0x82, 0x86, 0x87, 0x88, 0x8a, 0x89, 0x88, 0x84, 0x7f, 0x7d, 0x7d, 0x80,
  0x83, 0x82, 0x7f, 0x79, 0x73, 0x6f, 0x6d, 0x6d, 0x6c, 0x6e, 0x6e, 0x6c,
  0x6a, 0x66, 0x63, 0x62, 0x61, 0x63, 0x65, 0x65, 0x65, 0x64, 0x65, 0x66,
  0x66, 0x65, 0x65, 0x67, 0x68, 0x6c, 0x6c, 0x6d, 0x6f, 0x70, 0x70, 0x70,
  0x70, 0x71, 0x73, 0x75, 0x77, 0x78, 0x75, 0x75, 0x77, 0x77, 0x78, 0x76,
  0x74, 0x76, 0x77, 0x77, 0x75, 0x71, 0x70, 0x71, 0x73, 0x6f, 0x6a, 0x65,
  0x64, 0x6e, 0x7e, 0x8d, 0x9b, 0x9c, 0x96, 0x90, 0x8e, 0x95, 0xa3, 0xb4,
  0xc4, 0xcd, 0xce, 0xc8, 0xc0, 0xba, 0xb9, 0xbc, 0xbd, 0xbf, 0xbc, 0xb7,
  0xb2, 0xad, 0xa6, 0x9e, 0x92, 0x85, 0x7e, 0x7b, 0x7b, 0x81, 0x85, 0x80,
  0x78, 0x6c, 0x60, 0x5d, 0x63, 0x6b, 0x74, 0x7b, 0x7d, 0x7e, 0x7a, 0x74,
  0x73, 0x77, 0x7f, 0x87, 0x8b, 0x8b, 0x8a, 0x8b, 0x8b, 0x8a, 0x88, 0x84,
  0x82, 0x84, 0x85, 0x86, 0x84, 0x81, 0x7d, 0x7a, 0x76, 0x71, 0x6f, 0x6f,
  0x6f, 0x71, 0x6f, 0x6a, 0x66, 0x63, 0x63, 0x64, 0x65, 0x65, 0x64, 0x66,
  0x67, 0x67, 0x66, 0x65, 0x66, 0x68, 0x6c, 0x6d, 0x6e, 0x6f, 0x6f, 0x71,
  0x72, 0x73, 0x73, 0x73, 0x75, 0x77, 0x7a, 0x79, 0x78, 0x78, 0x77, 0x78,
  0x79, 0x78, 0x78, 0x77, 0x78, 0x76, 0x76, 0x76, 0x73, 0x72, 0x72, 0x71,
  0x71, 0x6f, 0x6e, 0x6d, 0x6a, 0x69, 0x64, 0x63, 0x6e, 0x7f, 0x92, 0x9f,
  0x9c, 0x91, 0x89, 0x8a, 0x95, 0xa8, 0xbc, 0xc8, 0xcf, 0xcc, 0xc2, 0xb8,
  0xb0, 0xb1, 0xba, 0xc3, 0xc7, 0xc3, 0xbb, 0xb0, 0xa6, 0x9c, 0x92, 0x8c,
  0x8a, 0x89, 0x8a, 0x88, 0x82, 0x7d, 0x75, 0x6b, 0x64, 0x5f, 0x61, 0x6a,
  0x74, 0x7a, 0x79, 0x72, 0x6c, 0x6b, 0x6d, 0x72, 0x7a, 0x80, 0x87, 0x8c,
  0x8a, 0x86, 0x81, 0x7f, 0x83, 0x87, 0x8b, 0x8c, 0x8a, 0x8a, 0x88, 0x83,
  0x80, 0x7c, 0x7a, 0x79, 0x7b, 0x7a, 0x78, 0x75, 0x70, 0x6c, 0x6b, 0x68,
  0x67, 0x68, 0x68, 0x68, 0x67, 0x65, 0x64, 0x63, 0x63, 0x63, 0x64, 0x68,
  0x6a, 0x69, 0x69, 0x69, 0x6a, 0x6b, 0x6d, 0x6e, 0x6f, 0x73, 0x74, 0x75,
  0x75, 0x74, 0x76, 0x76, 0x77, 0x7a, 0x79, 0x79, 0x7b, 0x7a, 0x79, 0x7a,
  0x78, 0x77, 0x77, 0x77, 0x77, 0x76, 0x75, 0x74, 0x72, 0x71, 0x70, 0x6e,
  0x6e, 0x6d, 0x6a, 0x67, 0x63, 0x68, 0x78, 0x87, 0x95, 0x98, 0x8f, 0x86,
  0x84, 0x8c, 0x9c, 0xb0, 0xc1, 0xc9, 0xc8, 0xbe, 0xb3, 0xac, 0xaf, 0xbb,
  0xc6, 0xce, 0xce, 0xc6, 0xb9, 0xab, 0xa1, 0x9a, 0x9a, 0x9c, 0x9d, 0x9f,
  0x97, 0x8e, 0x86, 0x79, 0x71, 0x6c, 0x69, 0x6e, 0x75, 0x7a, 0x79, 0x74,
  0x6b, 0x63, 0x65, 0x66, 0x6d, 0x76, 0x7c, 0x81, 0x82, 0x7e, 0x78, 0x75,
  0x78, 0x7b, 0x85, 0x8b, 0x8b, 0x8a, 0x88, 0x84, 0x81, 0x80, 0x7e, 0x7e,
  0x82, 0x83, 0x82, 0x7f, 0x79, 0x74, 0x71, 0x70, 0x6f, 0x6f, 0x70, 0x6e,
  0x6d, 0x6b, 0x69, 0x65, 0x63, 0x64, 0x65, 0x68, 0x6a, 0x69, 0x67, 0x66,
  0x67, 0x68, 0x69, 0x69, 0x6b, 0x6e, 0x71, 0x74, 0x70, 0x6e, 0x71, 0x73,
  0x76, 0x78, 0x76, 0x75, 0x79, 0x7b, 0x7a, 0x79, 0x76, 0x76, 0x7a, 0x7b,
  0x7a, 0x78, 0x75, 0x75, 0x77, 0x77, 0x73, 0x72, 0x71, 0x70, 0x72, 0x71,
  0x6d, 0x6b, 0x69, 0x66, 0x63, 0x6b, 0x78, 0x85, 0x93, 0x93, 0x87, 0x82,
  0x81, 0x8a, 0x9d, 0xb0, 0xbe, 0xc4, 0xc2, 0xb7, 0xad, 0xaa, 0xaf, 0xbd,
  0xcc, 0xd4, 0xd3, 0xc8, 0xb9, 0xac, 0xa5, 0xa2, 0xa4, 0xa9, 0xab, 0xa9,
  0xa2, 0x96, 0x88, 0x7d, 0x75, 0x72, 0x75, 0x79, 0x7d, 0x7e, 0x78, 0x71,
  0x69, 0x61, 0x60, 0x65, 0x6d, 0x75, 0x7b, 0x7b, 0x78, 0x73, 0x6d, 0x6d,
  0x71, 0x78, 0x81, 0x86, 0x86, 0x85, 0x81, 0x7d, 0x7b, 0x7b, 0x7e, 0x83,
  0x86, 0x85, 0x82, 0x7e, 0x79, 0x76, 0x76, 0x74, 0x75, 0x77, 0x77, 0x76,
  0x72, 0x6d, 0x6a, 0x69, 0x6b, 0x6c, 0x6c, 0x6c, 0x6c, 0x6d, 0x6a, 0x68,
  0x67, 0x66, 0x6b, 0x6e, 0x6e, 0x6e, 0x6d, 0x6d, 0x6f, 0x6f, 0x6f, 0x70,
  0x71, 0x74, 0x77, 0x77, 0x75, 0x75, 0x75, 0x76, 0x79, 0x78, 0x77, 0x78,
  0x79, 0x79, 0x7a, 0x77, 0x75, 0x76, 0x76, 0x75, 0x76, 0x74, 0x72, 0x72,
  0x71, 0x6f, 0x6e, 0x6e, 0x6c, 0x69, 0x67, 0x64, 0x6a, 0x76, 0x81, 0x8b,
  0x8d, 0x84, 0x7e, 0x7e, 0x87, 0x98, 0xab, 0xb8, 0xbc, 0xb9, 0xb1, 0xa9,
  0xa9, 0xb0, 0xbf, 0xce, 0xd6, 0xd4, 0xc9, 0xbc, 0xb0, 0xac, 0xad, 0xb2,
  0xb9, 0xba, 0xb5, 0xab, 0x9d, 0x90, 0x87, 0x85, 0x85, 0x85, 0x88, 0x87,
  0x83, 0x7c, 0x72, 0x69, 0x64, 0x66, 0x6b, 0x70, 0x75, 0x74, 0x72, 0x6e,
  0x67, 0x64, 0x65, 0x6a, 0x73, 0x78, 0x79, 0x77, 0x75, 0x73, 0x72, 0x72,
  0x73, 0x78, 0x7f, 0x80, 0x7f, 0x7c, 0x78, 0x77, 0x79, 0x7b, 0x7a, 0x7b,
  0x7d, 0x7d, 0x7c, 0x7a, 0x76, 0x74, 0x76, 0x78, 0x78, 0x77, 0x76, 0x75,
  0x75, 0x73, 0x71, 0x70, 0x70, 0x73, 0x72, 0x70, 0x70, 0x6f, 0x6f, 0x6f,
  0x6e, 0x6d, 0x6f, 0x71, 0x71, 0x71, 0x6f, 0x6f, 0x71, 0x71, 0x71, 0x71,
  0x70, 0x71, 0x74, 0x73, 0x73, 0x72, 0x70, 0x72, 0x73, 0x73, 0x73, 0x72,
  0x70, 0x70, 0x71, 0x71, 0x70, 0x6f, 0x6d, 0x6d, 0x6d, 0x6d, 0x6d, 0x6a,
  0x65, 0x64, 0x64, 0x6c, 0x78, 0x7f, 0x84, 0x80, 0x79, 0x7a, 0x7e, 0x88,
  0x96, 0xa3, 0xad, 0xb0, 0xad, 0xa4, 0xa1, 0xa8, 0xb2, 0xc3, 0xcc, 0xcd,
  0xcb, 0xc1, 0xb9, 0xb4, 0xb5, 0xba, 0xc0, 0xc4, 0xbf, 0xb8, 0xaf, 0xa7,
  0xa1, 0x9b, 0x9a, 0x9a, 0x9a, 0x9a, 0x94, 0x8d, 0x85, 0x7f, 0x7b, 0x77,
  0x78, 0x77, 0x78, 0x79, 0x75, 0x71, 0x6c, 0x68, 0x67, 0x67, 0x6a, 0x6d,
  0x6e, 0x6f, 0x6c, 0x6a, 0x68, 0x68, 0x6c, 0x6e, 0x71, 0x73, 0x73, 0x74,
  0x73, 0x72, 0x72, 0x74, 0x76, 0x78, 0x7a, 0x7a, 0x7a, 0x7b, 0x7a, 0x79,
  0x7a, 0x7a, 0x7b, 0x7c, 0x7d, 0x7b, 0x7a, 0x7a, 0x78, 0x79, 0x79, 0x77,
  0x77, 0x77, 0x77, 0x76, 0x76, 0x75, 0x71, 0x72, 0x72, 0x72, 0x73, 0x72,
  0x71, 0x6f, 0x70, 0x71, 0x70, 0x70, 0x6f, 0x6f, 0x70, 0x70, 0x71, 0x6f,
  0x6e, 0x70, 0x70, 0x71, 0x70, 0x70, 0x6f, 0x6f, 0x70, 0x6f, 0x6f, 0x6f,
  0x6d, 0x6e, 0x6e, 0x6d, 0x6d, 0x6b, 0x6a, 0x6b, 0x6b, 0x6a, 0x67, 0x65,
  0x63, 0x67, 0x70, 0x75, 0x7b, 0x7e, 0x79, 0x78, 0x79, 0x7c, 0x87, 0x94,
  0xa0, 0xa4, 0xa4, 0xa0, 0x9b, 0x9e, 0xa7, 0xb2, 0xbc, 0xc0, 0xc3, 0xbf,
  0xba, 0xb8, 0xb5, 0xb8, 0xbe, 0xc5, 0xc7, 0xc2, 0xbb, 0xb2, 0xad, 0xad,
  0xac, 0xab, 0xa8, 0xa6, 0xa2, 0x9f, 0x9a, 0x92, 0x8e, 0x8a, 0x87, 0x87,
  0x85, 0x83, 0x7f, 0x7b, 0x78, 0x73, 0x70, 0x6e, 0x6c, 0x6d, 0x6d, 0x6d,
  0x6b, 0x69, 0x66, 0x64, 0x64, 0x66, 0x67, 0x69, 0x6a, 0x69, 0x69, 0x6a,
  0x6a, 0x6a, 0x6d, 0x6e, 0x6f, 0x72, 0x72, 0x74, 0x74, 0x74, 0x75, 0x76,
  0x77, 0x79, 0x7a, 0x7b, 0x7a, 0x7a, 0x7a, 0x7b, 0x7b, 0x7a, 0x7a, 0x79,
  0x7a, 0x7b, 0x79, 0x79, 0x77, 0x76, 0x77, 0x77, 0x77, 0x74, 0x73, 0x74,
  0x73, 0x73, 0x72, 0x71, 0x70, 0x70, 0x71, 0x70, 0x70, 0x70, 0x6f, 0x6f,
  0x6f, 0x6e, 0x6e, 0x6e, 0x6e, 0x6e, 0x6d, 0x6d, 0x6d, 0x6c, 0x6c, 0x6c,
  0x6c, 0x6c, 0x6b, 0x6a, 0x6a, 0x6b, 0x6b, 0x6b, 0x6a, 0x68, 0x68, 0x67,
  0x66, 0x68, 0x6c, 0x70, 0x77, 0x79, 0x77, 0x75, 0x76, 0x79, 0x7f, 0x88,
  0x8f, 0x93, 0x98, 0x97, 0x96, 0x97, 0x9a, 0xa1, 0xa9, 0xaf, 0xb3, 0xb2,
  0xb0, 0xaf, 0xb0, 0xb2, 0xb5, 0xb8, 0xb9, 0xb9, 0xb7, 0xb5, 0xb3, 0xb1,
  0xb0, 0xaf, 0xae, 0xad, 0xaa, 0xa7, 0xa5, 0xa2, 0x9f, 0x9d, 0x9a, 0x97,
  0x95, 0x93, 0x90, 0x8e, 0x8c, 0x8a, 0x87, 0x84, 0x82, 0x81, 0x80, 0x7e,
  0x7c, 0x7b, 0x78, 0x78, 0x77, 0x75, 0x75, 0x73, 0x73, 0x72, 0x71, 0x70,
  0x6f, 0x70, 0x6f, 0x6e, 0x6f, 0x6d, 0x6d, 0x6d, 0x6d, 0x6d, 0x6d, 0x6d,
  0x6d, 0x6d, 0x6e, 0x6d, 0x6d, 0x6e, 0x6e, 0x6f, 0x6f, 0x6f, 0x6e, 0x6f,
  0x70, 0x70, 0x71, 0x71, 0x71, 0x71, 0x71, 0x71, 0x71, 0x72, 0x72, 0x72,
  0x72, 0x72, 0x72, 0x72, 0x72, 0x73, 0x72, 0x73, 0x73, 0x72, 0x73, 0x73,
  0x73, 0x73, 0x74, 0x74, 0x74, 0x74, 0x74, 0x74, 0x74, 0x74, 0x74, 0x74,
  0x74, 0x74, 0x74, 0x75, 0x75, 0x75, 0x77, 0x78, 0x79, 0x79, 0x79, 0x7a,
  0x7a, 0x7b, 0x7c, 0x7d, 0x7f, 0x80, 0x81, 0x82, 0x83, 0x84, 0x84, 0x86,
  0x87, 0x88, 0x89, 0x8a, 0x8b, 0x8c, 0x8d, 0x8e, 0x8e, 0x8f, 0x8f, 0x90,
  0x90, 0x91, 0x92, 0x93, 0x93, 0x93, 0x93, 0x93, 0x93, 0x93, 0x94, 0x93,
  0x93, 0x94, 0x93, 0x93, 0x93, 0x93, 0x93, 0x91, 0x91, 0x91, 0x90, 0x90,
  0x8f, 0x8f, 0x8e, 0x8d, 0x8e, 0x8c, 0x8b, 0x8a, 0x89, 0x89, 0x87, 0x87,
  0x86, 0x86, 0x85, 0x84, 0x84, 0x83, 0x82, 0x81, 0x80, 0x80, 0x7f, 0x7e,
  0x7e, 0x7d, 0x7c, 0x7c, 0x7b, 0x7b, 0x7b, 0x7a, 0x7a, 0x79, 0x79, 0x79,
  0x79, 0x79, 0x78, 0x78, 0x78, 0x78, 0x78, 0x77, 0x78, 0x77, 0x77, 0x77,
  0x77, 0x78, 0x77, 0x78, 0x78, 0x77, 0x78, 0x78, 0x78, 0x78, 0x78, 0x79,
  0x77, 0x78, 0x79, 0x78, 0x79, 0x78, 0x78, 0x79, 0x78, 0x7a, 0x7a, 0x7a,
  0x7a, 0x79, 0x7b, 0x78, 0x79, 0x7b, 0x79, 0x7b, 0x7b, 0x7b, 0x7b, 0x7b,
  0x7c, 0x7b, 0x7a, 0x7b, 0x7a, 0x7b, 0x7b, 0x7b, 0x7b, 0x7c, 0x7c, 0x7c,
  0x7c, 0x7b, 0x7c, 0x7c, 0x7c, 0x7c, 0x7c, 0x7c, 0x7e, 0x81, 0x80, 0x80,
  0x80, 0x7e, 0x80, 0x7f, 0x7f, 0x81, 0x80, 0x82, 0x82, 0x83, 0x83, 0x82,
  0x85, 0x83, 0x85, 0x85, 0x83, 0x87, 0x84, 0x84, 0x87, 0x85, 0x87, 0x86,
  0x86, 0x88, 0x86, 0x89, 0x88, 0x88, 0x87, 0x86, 0x89, 0x86, 0x88, 0x89,
  0x86, 0x89, 0x88, 0x87, 0x88, 0x87, 0x88, 0x86, 0x87, 0x87, 0x86, 0x88,
  0x86, 0x86, 0x87, 0x84, 0x85, 0x85, 0x85, 0x85, 0x84, 0x83, 0x84, 0x82,
  0x82, 0x84, 0x82, 0x82, 0x83, 0x83, 0x83, 0x80, 0x81, 0x82, 0x7f, 0x80,
  0x81, 0x80, 0x7e, 0x7f, 0x7f, 0x7e, 0x81, 0x7f, 0x7e, 0x7f, 0x7d, 0x7f,
  0x7e, 0x7f, 0x7e, 0x7d, 0x7d, 0x7c, 0x7e, 0x7c, 0x7e, 0x7e, 0x7b, 0x80,
  0x7b, 0x7d, 0x7e, 0x7a, 0x7f, 0x7a, 0x7b, 0x7d, 0x79, 0x7e, 0x7b, 0x7d,
  0x7e, 0x79, 0x7e, 0x7d, 0x7b, 0x7c, 0x7d, 0x7c, 0x7a, 0x7d, 0x7d, 0x7c,
  0x7c, 0x7c, 0x7f, 0x7a, 0x7c, 0x7e, 0x79, 0x7e, 0x7d, 0x7b, 0x80, 0x7c,
  0x7d, 0x7e, 0x7b, 0x7e, 0x7d, 0x7d, 0x7d, 0x7d, 0x7e, 0x7b, 0x80, 0x7e,
  0x7c, 0x81, 0x7c, 0x7f, 0x80, 0x7b, 0x81, 0x7d, 0x7e, 0x81, 0x7c, 0x81,
  0x7e, 0x7f, 0x82, 0x7d, 0x82, 0x7e, 0x7e, 0x83, 0x7e, 0x80, 0x81, 0x80,
  0x82, 0x80, 0x82, 0x81, 0x80, 0x82, 0x80, 0x82, 0x85, 0x85, 0x82, 0x85,
  0x85, 0x81, 0x82, 0x83, 0x85, 0x82, 0x81, 0x85, 0x80, 0x85, 0x82, 0x81,
  0x87, 0x7f, 0x85, 0x84, 0x80, 0x87, 0x7e, 0x83, 0x84, 0x80, 0x85, 0x7f,
  0x82, 0x80, 0x7f, 0x83, 0x7e, 0x84, 0x81, 0x7f, 0x84, 0x7e, 0x83, 0x7f,
  0x7e, 0x82, 0x7e, 0x82, 0x7d, 0x83, 0x82, 0x7c, 0x84, 0x7d, 0x7f, 0x83,
  0x7f, 0x7f, 0x7e, 0x83, 0x7a, 0x7f, 0x85, 0x79, 0x85, 0x81, 0x80, 0x86,
  0x7d, 0x83, 0x7f, 0x7e, 0x82, 0x7f, 0x80, 0x7d, 0x80, 0x80, 0x7f, 0x82,
  0x80, 0x83, 0x7e, 0x81, 0x84, 0x7d, 0x81, 0x80, 0x7f, 0x80, 0x80, 0x81,
  0x7d, 0x80, 0x7f, 0x7e, 0x82, 0x80, 0x81, 0x80, 0x81, 0x80, 0x80, 0x80,
  0x7f, 0x82, 0x7c, 0x80, 0x83, 0x7c, 0x84, 0x80, 0x80, 0x82, 0x7c, 0x83,
  0x7d, 0x7f, 0x81, 0x7d, 0x84, 0x7d, 0x82, 0x82, 0x7f, 0x86, 0x7c, 0x82,
  0x81, 0x7a, 0x85, 0x7d, 0x7e, 0x82, 0x7d, 0x82, 0x80, 0x82, 0x80, 0x7e,
  0x81, 0x7e, 0x7f, 0x81, 0x7f, 0x80, 0x80, 0x81, 0x81, 0x80, 0x80, 0x80,
  0x7f, 0x80, 0x81, 0x80, 0x80, 0x81, 0x80, 0x80, 0x81, 0x7f, 0x7d, 0x82,
  0x7f, 0x7c, 0x83, 0x7f, 0x7e, 0x83, 0x80, 0x80, 0x82, 0x80, 0x80, 0x80,
  0x7f, 0x7e, 0x80, 0x7e, 0x7f, 0x85, 0x7d, 0x81, 0x85, 0x7b, 0x83, 0x81,
  0x7c, 0x84, 0x7b, 0x7f, 0x81, 0x7d, 0x82, 0x7f, 0x81, 0x7e, 0x81, 0x84,
  0x7b, 0x86, 0x7d, 0x7a, 0x87, 0x7d, 0x81, 0x82, 0x7f, 0x83, 0x7e, 0x81,
  0x7f, 0x7e, 0x82, 0x80, 0x81, 0x80, 0x7f, 0x7e, 0x82, 0x82, 0x7f, 0x82,
  0x7e, 0x82, 0x80, 0x7d, 0x83, 0x7c, 0x81, 0x7f, 0x7c, 0x85, 0x7c, 0x7e,
  0x83, 0x80, 0x81, 0x81, 0x83, 0x7f, 0x80, 0x80, 0x7b, 0x82, 0x80, 0x7e,
  0x81, 0x80, 0x7e, 0x80, 0x84, 0x7d, 0x82, 0x83, 0x7b, 0x83, 0x7e, 0x7f,
  0x84, 0x7d, 0x83, 0x81, 0x7e, 0x82, 0x81, 0x81, 0x80, 0x81, 0x80, 0x80,
  0x81, 0x80, 0x7f, 0x7c, 0x81, 0x80, 0x7d, 0x82, 0x7f, 0x80, 0x82, 0x82,
  0x81, 0x7e, 0x80, 0x7f, 0x7f, 0x82, 0x7f, 0x80, 0x81, 0x7d, 0x80, 0x83,
  0x7e, 0x81, 0x83, 0x7e, 0x81, 0x81, 0x7f, 0x83, 0x80, 0x7e, 0x83, 0x80,
  0x7d, 0x84, 0x7e, 0x7c, 0x83, 0x7d, 0x80, 0x84, 0x7d, 0x7f, 0x80, 0x82,
  0x80, 0x81, 0x81, 0x7c, 0x84, 0x82, 0x7e, 0x82, 0x7e, 0x80, 0x7e, 0x7f,
  0x83, 0x7d, 0x80, 0x80, 0x7e, 0x82, 0x7e, 0x81, 0x81, 0x7e, 0x81, 0x7e,
  0x80, 0x80, 0x7e, 0x82, 0x7f, 0x7f, 0x81, 0x80, 0x81, 0x7e, 0x82, 0x80,
  0x7d, 0x85, 0x7d, 0x7d, 0x84, 0x7c, 0x82, 0x83, 0x7d, 0x82, 0x81, 0x7f,
  0x80, 0x80, 0x7e, 0x7f, 0x83, 0x7f, 0x7f, 0x82, 0x7f, 0x7d, 0x81, 0x80,
  0x7d, 0x83, 0x81, 0x7f, 0x84, 0x7e, 0x7d, 0x81, 0x7f, 0x7f, 0x83, 0x81,
  0x7f, 0x81, 0x7f, 0x7f, 0x82, 0x7f, 0x81, 0x82, 0x80, 0x80, 0x7f, 0x81,
  0x81, 0x7e, 0x81, 0x81, 0x7f, 0x82, 0x80, 0x7e, 0x80, 0x7e, 0x80, 0x80,
  0x7f, 0x82, 0x7f, 0x7f, 0x81, 0x80, 0x7f, 0x7f, 0x83, 0x81, 0x80, 0x82,
  0x7e, 0x81, 0x81, 0x7c, 0x82, 0x82, 0x7d, 0x81, 0x81, 0x81, 0x83, 0x81,
  0x7f, 0x80, 0x80, 0x7f, 0x7e, 0x80, 0x80, 0x7d, 0x82, 0x82, 0x7f, 0x82,
  0x7e, 0x7f, 0x81, 0x7f, 0x81, 0x7c, 0x7e, 0x82, 0x7f, 0x84, 0x7e, 0x7c,
  0x81, 0x7d, 0x81, 0x81, 0x7d, 0x82, 0x80, 0x81, 0x84, 0x7f, 0x7f, 0x81,
  0x7e, 0x7e, 0x81, 0x80, 0x7e, 0x81, 0x80, 0x7e, 0x81, 0x7f, 0x7f, 0x82,
  0x7f, 0x7f, 0x82, 0x81, 0x7f, 0x81, 0x82, 0x7e, 0x81, 0x82, 0x7d, 0x84,
  0x81, 0x7a, 0x80, 0x83, 0x7f, 0x80, 0x84, 0x80, 0x80, 0x81, 0x7e, 0x82,
  0x7e, 0x7d, 0x83, 0x7f, 0x82, 0x81, 0x7c, 0x81, 0x7f, 0x80, 0x85, 0x7e,
  0x80, 0x80, 0x7c, 0x82, 0x7f, 0x7f, 0x83, 0x7e, 0x7f, 0x80, 0x7f, 0x7e,
  0x7f, 0x82, 0x7c, 0x82, 0x83, 0x7d, 0x84, 0x80, 0x7f, 0x82, 0x7d, 0x82,
  0x7d, 0x7d, 0x84, 0x7d, 0x81, 0x82, 0x7e, 0x83, 0x80, 0x7f, 0x80, 0x81,
  0x82, 0x7f, 0x81, 0x80, 0x7e, 0x82, 0x7e, 0x7e, 0x83, 0x7d, 0x80, 0x84,
  0x7e, 0x7f, 0x80, 0x7d, 0x80, 0x81, 0x81, 0x7e, 0x7f, 0x80, 0x7c, 0x81,
  0x80, 0x80, 0x7f, 0x7d, 0x86, 0x7f, 0x7e, 0x85, 0x7c, 0x7f, 0x81, 0x82,
  0x80, 0x7c, 0x85, 0x7d, 0x7d, 0x85, 0x7d, 0x82, 0x80, 0x7e, 0x82, 0x7e,
  0x82, 0x7e, 0x81, 0x82, 0x7a, 0x85, 0x81, 0x80, 0x82, 0x7b, 0x83, 0x7c,
  0x80, 0x82, 0x7c, 0x86, 0x7d, 0x81, 0x84, 0x7e, 0x86, 0x7c, 0x83, 0x82,
  0x7a, 0x86, 0x79, 0x80, 0x84, 0x78, 0x87, 0x7e, 0x7f, 0x85, 0x7d, 0x83,
  0x7f, 0x7e, 0x80, 0x81, 0x80, 0x7c, 0x85, 0x7e, 0x7d, 0x85, 0x7c, 0x82,
  0x81, 0x7d, 0x80, 0x7e, 0x82, 0x7d, 0x82, 0x81, 0x7c, 0x86, 0x7c, 0x81,
  0x84, 0x79, 0x83, 0x80, 0x7e, 0x82, 0x7d, 0x81, 0x7e, 0x80, 0x81, 0x7f,
  0x83, 0x7e, 0x81, 0x81, 0x7e, 0x83, 0x7e, 0x80, 0x84, 0x80, 0x80, 0x82,
  0x80, 0x7c, 0x82, 0x7f, 0x7a, 0x82, 0x80, 0x7d, 0x83, 0x80, 0x80, 0x83,
  0x83, 0x7f, 0x7c, 0x84, 0x81, 0x7c, 0x84, 0x7f, 0x7a, 0x84, 0x7e, 0x7c,
  0x84, 0x80, 0x81, 0x83, 0x7f, 0x7f, 0x80, 0x83, 0x80, 0x80, 0x83, 0x7d,
  0x7f, 0x80, 0x7e, 0x84, 0x7e, 0x7f, 0x81, 0x7e, 0x85, 0x7d, 0x7d, 0x83,
  0x7c, 0x83, 0x81, 0x7d, 0x81, 0x80, 0x84, 0x80, 0x81, 0x86, 0x7c, 0x81,
  0x82, 0x7f, 0x81, 0x7b, 0x7f, 0x7f, 0x7d, 0x82, 0x7d, 0x7e, 0x83, 0x81,
  0x7f, 0x81, 0x82, 0x7c, 0x81, 0x84, 0x7a, 0x83, 0x85, 0x7b, 0x83, 0x85,
  0x7e, 0x80, 0x82, 0x7d, 0x7c, 0x80, 0x7e, 0x7e, 0x82, 0x7f, 0x82, 0x84,
  0x7f, 0x82, 0x81, 0x7f, 0x80, 0x7f, 0x7e, 0x7e, 0x80, 0x7d, 0x7e, 0x80,
  0x7d, 0x81, 0x7f, 0x7f, 0x86, 0x7f, 0x7e, 0x85, 0x81, 0x81, 0x83, 0x7e,
  0x7d, 0x81, 0x7f, 0x7c, 0x80, 0x81, 0x7d, 0x7d, 0x82, 0x80, 0x80, 0x82,
  0x80, 0x81, 0x82, 0x81, 0x7f, 0x7f, 0x81, 0x7f, 0x7f, 0x7d, 0x80, 0x83,
  0x7e, 0x80, 0x83, 0x83, 0x82, 0x83, 0x83, 0x7c, 0x84, 0x84, 0x7c, 0x80,
  0x7f, 0x81, 0x7d, 0x7e, 0x83, 0x7c, 0x84, 0x82, 0x7b, 0x84, 0x81, 0x7e,
  0x7e, 0x80, 0x80, 0x7d, 0x81, 0x7d, 0x7e, 0x83, 0x7e, 0x81, 0x80, 0x81,
  0x81, 0x7f, 0x82, 0x7e, 0x82, 0x82, 0x7d, 0x81, 0x7c, 0x80, 0x83, 0x7f,
  0x81, 0x7d, 0x81, 0x82, 0x7e, 0x81, 0x7e, 0x81, 0x7f, 0x80, 0x7f, 0x78,
  0x84, 0x7e, 0x7a, 0x85, 0x7e, 0x81, 0x81, 0x7d, 0x80, 0x81, 0x84, 0x7f,
  0x82, 0x82, 0x7b, 0x83, 0x7c, 0x83, 0x86, 0x79, 0x84, 0x81, 0x7f, 0x87,
  0x7f, 0x7f, 0x80, 0x82, 0x7f, 0x80, 0x84, 0x7b, 0x82, 0x83, 0x7c, 0x84,
  0x80, 0x7b, 0x7d, 0x80, 0x82, 0x7c, 0x81, 0x7f, 0x80, 0x85, 0x7e, 0x80,
  0x81, 0x7e, 0x80, 0x7e, 0x7e, 0x7e, 0x80, 0x80, 0x7e, 0x84, 0x81, 0x7d,
  0x84, 0x82, 0x7e, 0x81, 0x80, 0x80, 0x81, 0x80, 0x7e, 0x81, 0x83, 0x81,
  0x7b, 0x81, 0x86, 0x80, 0x80, 0x81, 0x80, 0x82, 0x82, 0x7d, 0x7f, 0x82,
  0x7b, 0x7c, 0x80, 0x7c, 0x83, 0x7d, 0x7a, 0x84, 0x82, 0x80, 0x7d, 0x7f,
  0x83, 0x7d, 0x83, 0x81, 0x7d, 0x83, 0x81, 0x7f, 0x7f, 0x82, 0x80, 0x7c,
  0x81, 0x7f, 0x7d, 0x7e, 0x7d, 0x82, 0x7f, 0x7e, 0x82, 0x7d, 0x7c, 0x81,
  0x83, 0x7d, 0x7c, 0x84, 0x7f, 0x7d, 0x83, 0x7e, 0x80, 0x81, 0x7e, 0x7f,
  0x80, 0x80, 0x7b, 0x7e, 0x83, 0x7d, 0x80, 0x82, 0x82, 0x8a, 0x86, 0x82,
  0x88, 0x88, 0x83, 0x81, 0x82, 0x83, 0x80, 0x7d, 0x7f, 0x82, 0x83, 0x81,
  0x7e, 0x84, 0x87, 0x82, 0x83, 0x86, 0x83, 0x84, 0x84, 0x81, 0x83, 0x83,
  0x81, 0x81, 0x83, 0x84, 0x83, 0x83, 0x85, 0x84, 0x83, 0x85, 0x84, 0x83,
  0x83, 0x83, 0x82, 0x81, 0x81, 0x83, 0x82, 0x81, 0x81, 0x82, 0x83, 0x80,
  0x83, 0x84, 0x80, 0x80, 0x82, 0x80, 0x7e, 0x80, 0x81, 0x7d, 0x7f, 0x80,
  0x7e, 0x7d, 0x7c, 0x7f, 0x80, 0x7d, 0x7c, 0x7d, 0x7d, 0x7d, 0x7c, 0x7c,
  0x7d, 0x7a, 0x79, 0x7b, 0x7a, 0x7b, 0x7c, 0x79, 0x79, 0x7a, 0x7a, 0x7a,
  0x79, 0x79, 0x79, 0x79, 0x79, 0x79, 0x78, 0x78, 0x79, 0x78, 0x78, 0x7a,
  0x78, 0x77, 0x78, 0x78, 0x79, 0x79, 0x79, 0x78, 0x79, 0x79, 0x78, 0x78,
  0x78, 0x78, 0x78, 0x78, 0x78, 0x78, 0x78, 0x78, 0x78, 0x78, 0x78, 0x78,
  0x77, 0x77, 0x78, 0x77, 0x77, 0x77, 0x77, 0x79, 0x79, 0x79, 0x7b, 0x7c,
  0x7e, 0x7e, 0x7f, 0x81, 0x82, 0x83, 0x84, 0x85, 0x87, 0x87, 0x88, 0x8a,
  0x8b, 0x8d, 0x8d, 0x8e, 0x90, 0x91, 0x92, 0x94, 0x95, 0x96, 0x97, 0x99,
  0x9a, 0x9b, 0x9d, 0x9e, 0x9f, 0xa0, 0xa1, 0xa1, 0xa2, 0xa2, 0xa2, 0xa2,
  0xa1, 0xa1, 0xa0, 0x9f, 0x9e, 0x9d, 0x9c, 0x9b, 0x9a, 0x99, 0x97, 0x96,
  0x94, 0x93, 0x92, 0x90, 0x8e, 0x8c, 0x8b, 0x89, 0x86, 0x84, 0x82, 0x80,
  0x7f, 0x7d, 0x7b, 0x7a, 0x78, 0x77, 0x77, 0x76, 0x75, 0x74, 0x73, 0x73,
  0x72, 0x71, 0x70, 0x70, 0x6f, 0x6f, 0x6f, 0x6e, 0x6d, 0x6d, 0x6d, 0x6d,
  0x6c, 0x6c, 0x6c, 0x6c, 0x6c, 0x6d, 0x6d, 0x6c, 0x6d, 0x6d, 0x6d, 0x6d,
  0x6d, 0x6d, 0x6d, 0x6d, 0x6e, 0x6e, 0x6e, 0x6e, 0x6e, 0x6f, 0x70, 0x71,
  0x72, 0x72, 0x72, 0x73, 0x74, 0x75, 0x76, 0x76, 0x77, 0x77, 0x77, 0x77,
  0x78, 0x79, 0x79, 0x79, 0x79, 0x79, 0x7a, 0x7a, 0x7a, 0x7a, 0x7a, 0x7a,
  0x79, 0x79, 0x79, 0x78, 0x78, 0x77, 0x77, 0x76, 0x75, 0x74, 0x74, 0x74,
  0x74, 0x74, 0x73, 0x72, 0x72, 0x72, 0x72, 0x72, 0x71, 0x70, 0x70, 0x70,
  0x70, 0x6f, 0x6f, 0x6f, 0x6f, 0x71, 0x72, 0x74, 0x76, 0x79, 0x7d, 0x81,
  0x86, 0x8b, 0x90, 0x95, 0x9a, 0x9f, 0xa3, 0xa7, 0xa9, 0xac, 0xae, 0xaf,
  0xb0, 0xb0, 0xaf, 0xaf, 0xae, 0xaf, 0xaf, 0xaf, 0xb0, 0xb0, 0xb0, 0xb1,
  0xb1, 0xb2, 0xb2, 0xb1, 0xaf, 0xac, 0xa9, 0xa5, 0xa1, 0x9d, 0x99, 0x94,
  0x90, 0x8c, 0x8a, 0x87, 0x85, 0x84, 0x83, 0x83, 0x82, 0x81, 0x80, 0x80,
  0x80, 0x80, 0x7f, 0x7d, 0x7a, 0x78, 0x77, 0x77, 0x76, 0x75, 0x73, 0x73,
  0x73, 0x73, 0x74, 0x74, 0x74, 0x74, 0x74, 0x75, 0x73, 0x72, 0x70, 0x6f,
  0x6f, 0x6e, 0x6d, 0x6b, 0x69, 0x69, 0x69, 0x6a, 0x6a, 0x6a, 0x6a, 0x6a,
  0x6a, 0x6b, 0x6c, 0x6c, 0x6c, 0x6b, 0x6c, 0x6c, 0x6c, 0x6c, 0x6c, 0x6d,
  0x6e, 0x6f, 0x70, 0x71, 0x73, 0x74, 0x77, 0x78, 0x7a, 0x7b, 0x7b, 0x7c,
  0x7d, 0x7e, 0x7e, 0x7e, 0x7f, 0x7e, 0x7e, 0x7e, 0x7e, 0x7e, 0x7e, 0x7d,
  0x7d, 0x7c, 0x7c, 0x7c, 0x7b, 0x7a, 0x79, 0x78, 0x78, 0x77, 0x76, 0x75,
  0x73, 0x73, 0x73, 0x73, 0x72, 0x71, 0x71, 0x71, 0x72, 0x72, 0x72, 0x71,
  0x71, 0x72, 0x72, 0x73, 0x73, 0x73, 0x73, 0x73, 0x74, 0x75, 0x75, 0x75,
  0x75, 0x75, 0x76, 0x76, 0x76, 0x76, 0x76, 0x76, 0x76, 0x75, 0x73, 0x72,
  0x72, 0x74, 0x77, 0x7c, 0x81, 0x86, 0x8c, 0x92, 0x9b, 0xa3, 0xab, 0xb1,
  0xb6, 0xba, 0xbd, 0xbf, 0xbf, 0xbe, 0xbc, 0xbb, 0xb8, 0xb5, 0xb1, 0xae,
  0xab, 0xab, 0xab, 0xaa, 0xa9, 0xa8, 0xa6, 0xa5, 0xa3, 0xa1, 0x9f, 0x9d,
  0x99, 0x95, 0x90, 0x8b, 0x88, 0x86, 0x85, 0x85, 0x82, 0x80, 0x7f, 0x7f,
  0x82, 0x82, 0x82, 0x82, 0x81, 0x81, 0x80, 0x7f, 0x7e, 0x7d, 0x7c, 0x7c,
  0x7a, 0x78, 0x76, 0x76, 0x76, 0x77, 0x76, 0x75, 0x74, 0x72, 0x72, 0x72,
  0x70, 0x6f, 0x6d, 0x6b, 0x6a, 0x68, 0x67, 0x66, 0x66, 0x66, 0x65, 0x65,
  0x65, 0x67, 0x68, 0x69, 0x6a, 0x6a, 0x6a, 0x6b, 0x6c, 0x6c, 0x6c, 0x6c,
  0x6d, 0x6e, 0x6e, 0x6f, 0x70, 0x71, 0x73, 0x75, 0x77, 0x78, 0x79, 0x7b,
  0x7c, 0x7d, 0x7f, 0x7f, 0x80, 0x81, 0x81, 0x82, 0x82, 0x83, 0x82, 0x82,
  0x82, 0x81, 0x81, 0x80, 0x7f, 0x7f, 0x7e, 0x7d, 0x7d, 0x7b, 0x7a, 0x79,
  0x78, 0x78, 0x77, 0x76, 0x75, 0x75, 0x75, 0x75, 0x75, 0x74, 0x74, 0x74,
  0x75, 0x76, 0x76, 0x76, 0x76, 0x76, 0x77, 0x78, 0x78, 0x78, 0x78, 0x78,
  0x79, 0x79, 0x7a, 0x7a, 0x79, 0x79, 0x7a, 0x7a, 0x7a, 0x79, 0x79, 0x79,
  0x78, 0x79, 0x79, 0x77, 0x76, 0x76, 0x76, 0x77, 0x76, 0x74, 0x71, 0x6f,
  0x6f, 0x74, 0x7a, 0x82, 0x8b, 0x92, 0x9c, 0xa7, 0xb1, 0xbb, 0xc1, 0xc6,
  0xc8, 0xc8, 0xc6, 0xc3, 0xc0, 0xbc, 0xba, 0xb8, 0xb4, 0xb1, 0xad, 0xab,
  0xaa, 0xa7, 0xa5, 0x9f, 0x99, 0x92, 0x8d, 0x8a, 0x88, 0x86, 0x84, 0x82,
  0x81, 0x81, 0x82, 0x83, 0x84, 0x86, 0x86, 0x86, 0x86, 0x85, 0x86, 0x87,
  0x88, 0x89, 0x89, 0x87, 0x87, 0x87, 0x87, 0x87, 0x84, 0x81, 0x7f, 0x7d,
  0x7b, 0x79, 0x77, 0x76, 0x75, 0x74, 0x72, 0x70, 0x6e, 0x6c, 0x6b, 0x6a,
  0x68, 0x66, 0x63, 0x62, 0x63, 0x63, 0x64, 0x64, 0x64, 0x65, 0x67, 0x69,
  0x6a, 0x6a, 0x6a, 0x6b, 0x6d, 0x6e, 0x6e, 0x6e, 0x6f, 0x71, 0x72, 0x73,
  0x73, 0x73, 0x73, 0x74, 0x75, 0x75, 0x75, 0x75, 0x75, 0x77, 0x78, 0x78,
  0x79, 0x79, 0x7a, 0x7b, 0x7c, 0x7c, 0x7c, 0x7c, 0x7d, 0x7d, 0x7d, 0x7d,
  0x7c, 0x7c, 0x7d, 0x7d, 0x7d, 0x7c, 0x7b, 0x7b, 0x7b, 0x7b, 0x7a, 0x79,
  0x79, 0x79, 0x79, 0x79, 0x79, 0x78, 0x79, 0x79, 0x79, 0x79, 0x79, 0x7a,
  0x7a, 0x7b, 0x7a, 0x7a, 0x7a, 0x7b, 0x7d, 0x7c, 0x7b, 0x7b, 0x7c, 0x7c,
  0x7d, 0x7c, 0x7c, 0x7b, 0x7b, 0x7c, 0x7c, 0x7b, 0x7b, 0x7b, 0x7b, 0x7b,
  0x7a, 0x7a, 0x7a, 0x79, 0x79, 0x79, 0x79, 0x79, 0x77, 0x77, 0x77, 0x77,
  0x77, 0x75, 0x73, 0x70, 0x6e, 0x72, 0x7a, 0x84, 0x8e, 0x96, 0x9e, 0xa5,
  0xaa, 0xb0, 0xb5, 0xb8, 0xba, 0xbb, 0xbb, 0xbd, 0xbe, 0xc0, 0xc4, 0xc6,
  0xc5, 0xc0, 0xb9, 0xb1, 0xaa, 0xa4, 0x9f, 0x99, 0x94, 0x8f, 0x8a, 0x88,
  0x86, 0x87, 0x86, 0x85, 0x82, 0x7f, 0x7c, 0x7b, 0x7b, 0x7d, 0x7f, 0x7f,
  0x7f, 0x80, 0x81, 0x83, 0x85, 0x87, 0x88, 0x89, 0x89, 0x88, 0x86, 0x86,
  0x85, 0x85, 0x84, 0x82, 0x81, 0x7f, 0x7d, 0x7d, 0x7a, 0x78, 0x75, 0x72,
  0x6f, 0x6b, 0x69, 0x67, 0x65, 0x65, 0x64, 0x63, 0x62, 0x62, 0x62, 0x62,
  0x63, 0x64, 0x64, 0x66, 0x67, 0x68, 0x6a, 0x6c, 0x6e, 0x6f, 0x70, 0x72,
  0x73, 0x75, 0x76, 0x77, 0x78, 0x78, 0x79, 0x7a, 0x7a, 0x7a, 0x7a, 0x7b,
  0x7b, 0x7b, 0x7b, 0x7b, 0x7b, 0x7b, 0x7b, 0x7b, 0x7b, 0x7b, 0x7a, 0x7a,
  0x7a, 0x7a, 0x7a, 0x7a, 0x79, 0x79, 0x79, 0x7a, 0x79, 0x79, 0x79, 0x78,
  0x79, 0x79, 0x78, 0x78, 0x78, 0x79, 0x79, 0x79, 0x78, 0x79, 0x79, 0x7a,
  0x79, 0x79, 0x7a, 0x7a, 0x7b, 0x7b, 0x7b, 0x7b, 0x7b, 0x7c, 0x7c, 0x7d,
  0x7d, 0x7c, 0x7d, 0x7d, 0x7d, 0x7e, 0x7d, 0x7d, 0x7d, 0x7e, 0x7e, 0x7e,
  0x7d, 0x7d, 0x7d, 0x7d, 0x7d, 0x7d, 0x7c, 0x7c, 0x7c, 0x7b, 0x7b, 0x7b,
  0x7b, 0x7b, 0x7a, 0x7a, 0x79, 0x79, 0x79, 0x79, 0x78, 0x78, 0x77, 0x77,
  0x77, 0x76, 0x75, 0x72, 0x70, 0x6f, 0x76, 0x80, 0x8c, 0x96, 0x99, 0x99,
  0x97, 0x96, 0x9a, 0xa1, 0xaa, 0xb5, 0xbd, 0xc0, 0xc0, 0xbc, 0xb8, 0xb8,
  0xb9, 0xbb, 0xba, 0xb8, 0xb6, 0xb3, 0xb2, 0xaf, 0xab, 0xa5, 0x9c, 0x94,
  0x8e, 0x8b, 0x8b, 0x8c, 0x8c, 0x89, 0x84, 0x7c, 0x75, 0x72, 0x71, 0x74,
  0x77, 0x79, 0x79, 0x78, 0x76, 0x75, 0x74, 0x76, 0x79, 0x7b, 0x7e, 0x7e,
  0x7e, 0x7f, 0x7f, 0x7f, 0x7f, 0x7d, 0x7d, 0x7e, 0x7d, 0x7e, 0x7d, 0x7b,
  0x79, 0x76, 0x73, 0x70, 0x6e, 0x6c, 0x6c, 0x6c, 0x6c, 0x69, 0x66, 0x64,
  0x61, 0x62, 0x62, 0x62, 0x64, 0x63, 0x65, 0x66, 0x65, 0x66, 0x66, 0x67,
  0x6a, 0x6c, 0x6e, 0x70, 0x72, 0x74, 0x76, 0x78, 0x78, 0x7a, 0x7b, 0x7d,
  0x7f, 0x7f, 0x81, 0x82, 0x82, 0x83, 0x83, 0x83, 0x83, 0x83, 0x83, 0x83,
  0x83, 0x83, 0x83, 0x82, 0x81, 0x81, 0x81, 0x80, 0x80, 0x80, 0x7f, 0x7f,
  0x7f, 0x7e, 0x7f, 0x7e, 0x7d, 0x7e, 0x7e, 0x7e, 0x7e, 0x7d, 0x7d, 0x7e,
  0x7e, 0x7f, 0x7f, 0x7e, 0x7e, 0x7f, 0x7f, 0x7f, 0x7f, 0x7e, 0x7e, 0x80,
  0x7f, 0x7f, 0x7f, 0x7e, 0x7f, 0x7f, 0x7e, 0x7f, 0x7d, 0x7d, 0x7d, 0x7d,
  0x7d, 0x7c, 0x7b, 0x7b, 0x7b, 0x7b, 0x7a, 0x7a, 0x7a, 0x79, 0x79, 0x79,
  0x79, 0x79, 0x79, 0x78, 0x78, 0x79, 0x79, 0x79, 0x79, 0x78, 0x79, 0x79,
  0x78, 0x79, 0x78, 0x78, 0x79, 0x78, 0x78, 0x78, 0x78, 0x78, 0x78, 0x78,
  0x76, 0x77, 0x77, 0x77, 0x76, 0x73, 0x72, 0x71, 0x74, 0x7b, 0x81, 0x89,
  0x8c, 0x8a, 0x89, 0x88, 0x8a, 0x92, 0x9b, 0xa5, 0xad, 0xaf, 0xae, 0xab,
  0xa9, 0xaa, 0xae, 0xb4, 0xba, 0xbc, 0xbc, 0xb9, 0xb4, 0xaf, 0xac, 0xaa,
  0xaa, 0xa9, 0xa7, 0xa4, 0xa0, 0x9c, 0x98, 0x93, 0x8e, 0x8b, 0x87, 0x85,
  0x83, 0x82, 0x80, 0x7d, 0x7a, 0x76, 0x74, 0x74, 0x74, 0x74, 0x75, 0x75,
  0x75, 0x75, 0x74, 0x74, 0x74, 0x75, 0x78, 0x7a, 0x7b, 0x7c, 0x7b, 0x7a,
  0x7b, 0x7a, 0x7b, 0x7c, 0x7b, 0x7b, 0x7b, 0x79, 0x78, 0x77, 0x75, 0x73,
  0x72, 0x70, 0x70, 0x6f, 0x6d, 0x6c, 0x6a, 0x69, 0x69, 0x68, 0x68, 0x67,
  0x67, 0x68, 0x68, 0x68, 0x69, 0x69, 0x6a, 0x6b, 0x6c, 0x6e, 0x6f, 0x70,
  0x72, 0x73, 0x74, 0x77, 0x78, 0x79, 0x7b, 0x7c, 0x7d, 0x7f, 0x7f, 0x81,
  0x82, 0x83, 0x83, 0x84, 0x84, 0x85, 0x86, 0x86, 0x86, 0x85, 0x85, 0x85,
  0x85, 0x85, 0x84, 0x83, 0x83, 0x82, 0x82, 0x81, 0x7f, 0x80, 0x7f, 0x7e,
  0x7f, 0x7d, 0x7c, 0x7c, 0x7b, 0x7b, 0x7b, 0x7a, 0x7a, 0x7b, 0x7a, 0x7a,
  0x7a, 0x7a, 0x7a, 0x7a, 0x7a, 0x7b, 0x7b, 0x7a, 0x7a, 0x7b, 0x7b, 0x7c,
  0x7c, 0x7c, 0x7c, 0x7c, 0x7d, 0x7d, 0x7d, 0x7d, 0x7d, 0x7d, 0x7d, 0x7d,
  0x7d, 0x7c, 0x7d, 0x7d, 0x7d, 0x7d, 0x7d, 0x7c, 0x7d, 0x7c, 0x7c, 0x7c,
  0x7c, 0x7c, 0x7c, 0x7b, 0x7b, 0x7b, 0x7b, 0x7b, 0x7b, 0x7a, 0x79, 0x7a,
  0x7a, 0x7b, 0x7b, 0x79, 0x7a, 0x7a, 0x79, 0x7b, 0x7a, 0x79, 0x7a, 0x7a,
  0x79, 0x7a, 0x7a, 0x79, 0x7a, 0x79, 0x78, 0x78, 0x76, 0x75, 0x77, 0x7b,
  0x7f, 0x83, 0x85, 0x83, 0x82, 0x82, 0x84, 0x8a, 0x90, 0x95, 0x99, 0x9b,
  0x99, 0x99, 0x99, 0x9a, 0xa0, 0xa7, 0xac, 0xb0, 0xae, 0xab, 0xa9, 0xa7,
  0xa9, 0xad, 0xb0, 0xb3, 0xb3, 0xb0, 0xac, 0xa6, 0xa3, 0xa2, 0xa3, 0xa4,
  0xa4, 0xa1, 0x9d, 0x98, 0x91, 0x8d, 0x8a, 0x88, 0x89, 0x89, 0x86, 0x83,
  0x7d, 0x78, 0x75, 0x73, 0x72, 0x73, 0x73, 0x73, 0x72, 0x6f, 0x6d, 0x6c,
  0x6b, 0x6c, 0x6e, 0x6f, 0x71, 0x71, 0x70, 0x70, 0x70, 0x70, 0x72, 0x73,
  0x74, 0x76, 0x76, 0x75, 0x76, 0x75, 0x75, 0x77, 0x77, 0x77, 0x79, 0x78,
  0x78, 0x78, 0x76, 0x77, 0x78, 0x77, 0x78, 0x77, 0x76, 0x77, 0x77, 0x76,
  0x76, 0x76, 0x75, 0x76, 0x76, 0x76, 0x77, 0x76, 0x76, 0x77, 0x76, 0x77,
  0x78, 0x78, 0x79, 0x79, 0x79, 0x7a, 0x7b, 0x7b, 0x7c, 0x7c, 0x7c, 0x7d,
  0x7e, 0x7e, 0x7e, 0x7e, 0x7f, 0x7f, 0x7f, 0x7f, 0x7f, 0x7f, 0x7f, 0x7f,
  0x7f, 0x7f, 0x7f, 0x7f, 0x7e, 0x7e, 0x7d, 0x7d, 0x7d, 0x7d, 0x7c, 0x7c,
  0x7c, 0x7b, 0x7b, 0x7a, 0x7a, 0x7a, 0x7a, 0x7a, 0x7a, 0x79, 0x79, 0x79,
  0x79, 0x79, 0x79, 0x79, 0x79, 0x7a, 0x7a, 0x7a, 0x7a, 0x7a, 0x7b, 0x7b,
  0x7b, 0x7c, 0x7c, 0x7c, 0x7d, 0x7d, 0x7d, 0x7e, 0x7e, 0x7f, 0x7f, 0x7f,
  0x7f, 0x80, 0x7f, 0x80, 0x80, 0x80, 0x80, 0x80, 0x80, 0x80, 0x80, 0x7f,
  0x80, 0x80, 0x7f, 0x7f, 0x7f, 0x7f, 0x7f, 0x7e, 0x7e, 0x7e, 0x7e, 0x7e,
  0x7e, 0x7d, 0x7d, 0x7c, 0x7c, 0x7b, 0x7b, 0x7b, 0x7b, 0x7b, 0x7b, 0x7a,
  0x7a, 0x79, 0x79, 0x79, 0x79, 0x78, 0x78, 0x77, 0x77, 0x76, 0x76, 0x79,
  0x7a, 0x7c, 0x7e, 0x7c, 0x7c, 0x7d, 0x7e, 0x82, 0x86, 0x89, 0x8b, 0x8c,
  0x8c, 0x8d, 0x8e, 0x90, 0x95, 0x99, 0x9c, 0x9e, 0x9f, 0x9f, 0x9f, 0x9f,
  0xa1, 0xa4, 0xa7, 0xa9, 0xa9, 0xa8, 0xa5, 0xa4, 0xa3, 0xa3, 0xa4, 0xa3,
  0xa3, 0xa2, 0x9f, 0x9c, 0x99, 0x96, 0x94, 0x93, 0x92, 0x91, 0x8f, 0x8c,
  0x89, 0x86, 0x83, 0x80, 0x80, 0x7f, 0x7f, 0x7d, 0x7b, 0x78, 0x76, 0x74,
  0x73, 0x73, 0x74, 0x74, 0x74, 0x73, 0x71, 0x70, 0x6f, 0x70, 0x72, 0x73,
  0x74, 0x74, 0x73, 0x72, 0x72, 0x73, 0x74, 0x76, 0x77, 0x78, 0x77, 0x76,
  0x76, 0x76, 0x77, 0x78, 0x79, 0x7a, 0x79, 0x79, 0x78, 0x77, 0x78, 0x78,
  0x79, 0x7a, 0x7a, 0x79, 0x78, 0x78, 0x77, 0x78, 0x79, 0x79, 0x79, 0x79,
  0x79, 0x79, 0x78, 0x78, 0x78, 0x79, 0x7a, 0x7b, 0x7b, 0x7a, 0x79, 0x79,
  0x7a, 0x7b, 0x7c, 0x7c, 0x7c, 0x7c, 0x7c, 0x7c, 0x7b, 0x7b, 0x7c, 0x7e,
  0x7e, 0x7e, 0x7d, 0x7c, 0x7c, 0x7c, 0x7d, 0x7e, 0x7e, 0x7e, 0x7e, 0x7d,
  0x7c, 0x7c, 0x7c, 0x7d, 0x7d, 0x7d, 0x7c, 0x7c, 0x7b, 0x7b, 0x7b, 0x7b,
  0x7b, 0x7c, 0x7c, 0x7c, 0x7b, 0x7a, 0x7a, 0x7a, 0x7b, 0x7c, 0x7c, 0x7d,
  0x7c, 0x7b, 0x7b, 0x7b, 0x7b, 0x7d, 0x7e, 0x7e, 0x7e, 0x7d, 0x7d, 0x7d,
  0x7d, 0x7d, 0x7e, 0x7f, 0x80, 0x80, 0x7f, 0x7e, 0x7d, 0x7d, 0x7e, 0x7f,
  0x7f, 0x80, 0x7f, 0x7e, 0x7e, 0x7d, 0x7d, 0x7e, 0x7e, 0x7f, 0x7f, 0x7e,
  0x7d, 0x7d, 0x7c, 0x7c, 0x7c, 0x7d, 0x7d, 0x7e, 0x7d, 0x7c, 0x7b, 0x7b,
  0x7b, 0x7b, 0x7c, 0x7c, 0x7c, 0x7c, 0x7b, 0x7a, 0x79, 0x79, 0x7a, 0x7a,
  0x7a, 0x7a, 0x79, 0x79, 0x7a, 0x7b, 0x7c, 0x7d, 0x7d, 0x7d, 0x7e, 0x7e,
  0x80, 0x82, 0x83, 0x85, 0x86, 0x87, 0x88, 0x89, 0x8b, 0x8d, 0x90, 0x91,
  0x93, 0x94, 0x94, 0x96, 0x97, 0x99, 0x9b, 0x9c, 0x9d, 0x9e, 0x9e, 0x9e,
  0x9e, 0x9e, 0x9f, 0xa0, 0xa0, 0xa0, 0x9f, 0x9d, 0x9b, 0x9a, 0x99, 0x99,
  0x98, 0x97, 0x96, 0x93, 0x91, 0x8e, 0x8c, 0x8c, 0x8b, 0x8a, 0x88, 0x86,
  0x83, 0x81, 0x80, 0x7f, 0x7e, 0x7e, 0x7d, 0x7b, 0x7a, 0x78, 0x78, 0x78,
  0x78, 0x78, 0x78, 0x77, 0x76, 0x75, 0x75, 0x76, 0x76, 0x77, 0x78, 0x78,
  0x77, 0x76, 0x76, 0x76, 0x77, 0x79, 0x79, 0x7a, 0x79, 0x78, 0x77, 0x77,
  0x78, 0x79, 0x7b, 0x7c, 0x7b, 0x7a, 0x79, 0x78, 0x77, 0x78, 0x7a, 0x7b,
  0x7c, 0x7c, 0x79, 0x78, 0x78, 0x78, 0x7a, 0x7b, 0x7c, 0x7c, 0x7b, 0x7a,
  0x78, 0x78, 0x79, 0x7a, 0x7c, 0x7c, 0x7c, 0x7b, 0x7a, 0x7a, 0x7a, 0x7a,
  0x7b, 0x7c, 0x7c, 0x7c, 0x7c, 0x7b, 0x7b, 0x7b, 0x7b, 0x7b, 0x7c, 0x7c,
  0x7c, 0x7c, 0x7c, 0x7b, 0x7b, 0x7b, 0x7b, 0x7c, 0x7c, 0x7c, 0x7c, 0x7b,
  0x7a, 0x7a, 0x7a, 0x7b, 0x7b, 0x7c, 0x7c, 0x7b, 0x7a, 0x7a, 0x7a, 0x7b,
  0x7b, 0x7c, 0x7c, 0x7c, 0x7c, 0x7b, 0x7c, 0x7c, 0x7d, 0x7d, 0x7d, 0x7d,
  0x7d, 0x7d, 0x7e, 0x7e, 0x7e, 0x7e, 0x7e, 0x7e, 0x7e, 0x7f, 0x7f, 0x80,
  0x80, 0x80, 0x7f, 0x7f, 0x7f, 0x80, 0x80, 0x80, 0x80, 0x80, 0x80, 0x80,
  0x80, 0x80, 0x80, 0x80, 0x80, 0x80, 0x80, 0x80, 0x80, 0x80, 0x7f, 0x7f,
  0x7f, 0x7f, 0x7f, 0x7f, 0x7f, 0x7f, 0x7f, 0x7e, 0x7e, 0x7e, 0x7e, 0x7e,
  0x7e, 0x7e, 0x7e, 0x7e, 0x7e, 0x7e, 0x7e, 0x7e, 0x7e, 0x7f, 0x80, 0x80,
  0x81, 0x81, 0x82, 0x82, 0x83, 0x83, 0x84, 0x85, 0x86, 0x86, 0x87, 0x88,
  0x89, 0x89, 0x8a, 0x8b, 0x8b, 0x8b, 0x8c, 0x8d, 0x8d, 0x8e, 0x8e, 0x8e,
  0x8e, 0x8d, 0x8d, 0x8e, 0x8e, 0x8e, 0x8e, 0x8d, 0x8d, 0x8c, 0x8c, 0x8c,
  0x8b, 0x8b, 0x8b, 0x8a, 0x8a, 0x89, 0x88, 0x88, 0x87, 0x87, 0x87, 0x86,
  0x85, 0x85, 0x84, 0x83, 0x83, 0x83, 0x83, 0x82, 0x81, 0x81, 0x80, 0x80,
  0x80, 0x7f, 0x80, 0x7f, 0x7f, 0x7e, 0x7d, 0x7d, 0x7d, 0x7d, 0x7d, 0x7d,
  0x7d, 0x7c, 0x7c, 0x7c, 0x7b, 0x7c, 0x7c, 0x7c, 0x7c, 0x7c, 0x7b, 0x7b,
  0x7b, 0x7b, 0x7b, 0x7c, 0x7c, 0x7c, 0x7b, 0x7b, 0x7b, 0x7b, 0x7b, 0x7b,
  0x7c, 0x7c, 0x7c, 0x7b, 0x7b, 0x7b, 0x7b, 0x7c, 0x7c, 0x7c, 0x7c, 0x7c,
  0x7c, 0x7c, 0x7c, 0x7c, 0x7c, 0x7d, 0x7d, 0x7d, 0x7d, 0x7c, 0x7d, 0x7d,
  0x7d, 0x7d, 0x7d, 0x7d, 0x7d, 0x7d, 0x7d, 0x7d, 0x7e, 0x7e, 0x7d, 0x7d,
  0x7d, 0x7c, 0x7d, 0x7d, 0x7e, 0x7e, 0x7d, 0x7d, 0x7c, 0x7c, 0x7c, 0x7d,
  0x7d, 0x7d, 0x7d, 0x7d, 0x7c, 0x7c, 0x7c, 0x7c, 0x7d, 0x7d, 0x7d, 0x7d,
  0x7d, 0x7d, 0x7d, 0x7d, 0x7d, 0x7e, 0x7e, 0x7e, 0x7e, 0x7e, 0x7d, 0x7d,
  0x7e, 0x7e, 0x7f, 0x7f, 0x7f, 0x7e, 0x7e, 0x7e, 0x7f, 0x7f, 0x7f, 0x80,
  0x7f, 0x7f, 0x7f, 0x7f, 0x7f, 0x80, 0x80, 0x80, 0x80, 0x7f, 0x7f, 0x7f,
  0x7f, 0x80, 0x80, 0x80, 0x80, 0x7f, 0x7f, 0x7f, 0x7f, 0x80, 0x80, 0x7f,
  0x7f, 0x7f, 0x7f, 0x80, 0x80, 0x80, 0x81, 0x80, 0x80, 0x80, 0x81, 0x81,
  0x82, 0x83, 0x83, 0x83, 0x83, 0x83, 0x83, 0x84, 0x84, 0x85, 0x86, 0x86,
  0x86, 0x86, 0x86, 0x86, 0x87, 0x88, 0x88, 0x88, 0x88, 0x88, 0x88, 0x88,
  0x88, 0x88, 0x88, 0x89, 0x88, 0x88, 0x88, 0x87, 0x87, 0x87, 0x87, 0x87,
  0x87, 0x87, 0x86, 0x86, 0x85, 0x85, 0x85, 0x85, 0x85, 0x84, 0x84, 0x83,
  0x83, 0x82, 0x82, 0x82, 0x82, 0x82, 0x82, 0x81, 0x80, 0x80, 0x80, 0x80,
  0x80, 0x80, 0x7f, 0x7f, 0x7f, 0x7f, 0x7e, 0x7e, 0x7e, 0x7e, 0x7e, 0x7e,
  0x7e, 0x7e, 0x7e, 0x7e, 0x7e, 0x7d, 0x7d, 0x7d, 0x7d, 0x7d, 0x7d, 0x7d,
  0x7d, 0x7d, 0x7d, 0x7d, 0x7d, 0x7d, 0x7d, 0x7d, 0x7d, 0x7d, 0x7d, 0x7d,
  0x7d, 0x7d, 0x7d, 0x7d, 0x7d, 0x7d, 0x7d, 0x7d, 0x7d, 0x7d, 0x7d, 0x7d,
  0x7d, 0x7e, 0x7e, 0x7e, 0x7d, 0x7d, 0x7e, 0x7e, 0x7e, 0x7e, 0x7e, 0x7e,
  0x7e, 0x7e, 0x7e, 0x7e, 0x7e, 0x7e, 0x7e, 0x7e, 0x7e, 0x7e, 0x7e, 0x7e,
  0x7e, 0x7e, 0x7e, 0x7e, 0x7e, 0x7e, 0x7e, 0x7e, 0x7e, 0x7e, 0x7e, 0x7e,
  0x7e, 0x7e, 0x7e, 0x7e, 0x7e, 0x7e, 0x7e, 0x7e, 0x7e, 0x7e, 0x7e, 0x7e,
  0x7e, 0x7e, 0x7e, 0x7e, 0x7f, 0x7f, 0x7f, 0x7f, 0x7f, 0x7f, 0x7f, 0x7f,
  0x7f, 0x7f, 0x7f, 0x7f, 0x7f, 0x7f, 0x80, 0x80, 0x80, 0x80, 0x80, 0x80,
  0x80, 0x80, 0x80, 0x80, 0x80, 0x80, 0x80, 0x80, 0x80, 0x80, 0x80, 0x80,
  0x80, 0x80, 0x80, 0x80, 0x80, 0x80, 0x80, 0x80, 0x80, 0x80, 0x81, 0x81,
  0x81, 0x81, 0x81, 0x81, 0x81, 0x81, 0x81, 0x82, 0x82, 0x82, 0x82, 0x82,
  0x82, 0x82, 0x83, 0x83, 0x83, 0x83, 0x83, 0x83, 0x83, 0x84, 0x84, 0x84,
  0x84, 0x84, 0x84, 0x84, 0x84, 0x84, 0x84, 0x84, 0x84, 0x84, 0x84, 0x84,
  0x84, 0x84, 0x84, 0x84, 0x84, 0x84, 0x84, 0x84, 0x83, 0x83, 0x83, 0x83,
  0x83, 0x82, 0x82, 0x82, 0x82, 0x82, 0x82, 0x81, 0x81, 0x81, 0x81, 0x81,
  0x81, 0x81, 0x80, 0x80, 0x80, 0x80, 0x80, 0x80, 0x80, 0x80, 0x80, 0x7f,
  0x7f, 0x7f, 0x7f, 0x7f, 0x7f, 0x7f, 0x7f, 0x7f, 0x7f, 0x7f, 0x7f, 0x7e,
  0x7e, 0x7e, 0x7f, 0x7f, 0x7e, 0x7e, 0x7e, 0x7e, 0x7e, 0x7e, 0x7e, 0x7e,
  0x7e, 0x7e, 0x7e, 0x7e, 0x7e, 0x7e, 0x7e, 0x7e, 0x7e, 0x7e, 0x7e, 0x7e,
  0x7e, 0x7e, 0x7e, 0x7e, 0x7e, 0x7e, 0x7f, 0x7f, 0x7f, 0x7f, 0x7e, 0x7f,
  0x7f, 0x7f, 0x7f, 0x7f, 0x7f, 0x7f, 0x7f, 0x7f, 0x7f, 0x7f, 0x7f, 0x7f,
  0x7f, 0x7f, 0x7f, 0x7f, 0x7f, 0x7f, 0x7f, 0x7f, 0x7f, 0x7f, 0x7f, 0x7f,
  0x7f, 0x7f, 0x7f, 0x7f, 0x7f, 0x7f, 0x7f, 0x7f, 0x7f, 0x7f, 0x7f, 0x7f,
  0x7f, 0x7f, 0x7f, 0x7f, 0x7f, 0x7f, 0x80, 0x80, 0x80, 0x80, 0x80, 0x80,
  0x80, 0x80, 0x80, 0x80, 0x80, 0x80, 0x80, 0x80, 0x80, 0x80, 0x80, 0x80,
  0x80, 0x80, 0x80, 0x80, 0x80, 0x80, 0x80, 0x80, 0x80, 0x80, 0x80, 0x80,
  0x80, 0x80, 0x80, 0x80, 0x80, 0x80, 0x80, 0x80, 0x80, 0x80, 0x80, 0x80,
  0x80, 0x80, 0x80, 0x80, 0x80, 0x80, 0x80, 0x80, 0x80, 0x80, 0x80, 0x80,
  0x80, 0x80, 0x80, 0x80, 0x80, 0x80, 0x80, 0x80, 0x80, 0x80, 0x80, 0x80,
  0x80, 0x80, 0x80, 0x80, 0x80, 0x80, 0x80, 0x80, 0x80, 0x80, 0x80, 0x80,
  0x80, 0x80, 0x80, 0x80, 0x80, 0x80, 0x80, 0x80, 0x80, 0x80, 0x80, 0x80,
  0x80, 0x80, 0x80, 0x80, 0x80, 0x80, 0x80, 0x80, 0x80, 0x80, 0x80, 0x80,
  0x80, 0x80, 0x80, 0x80, 0x80, 0x80, 0x80, 0x80, 0x80, 0x80, 0x80, 0x80,
  0x80, 0x80, 0x80, 0x80, 0x80, 0x80, 0x80, 0x80, 0x80, 0x80, 0x80, 0x80,
  0x80, 0x80, 0x80, 0x80, 0x80, 0x80, 0x80, 0x80, 0x80, 0x80, 0x80, 0x80,
  0x80, 0x80, 0x80, 0x80, 0x80, 0x80, 0x80, 0x80, 0x80, 0x80, 0x80, 0x80,
  0x80, 0x80, 0x80, 0x80, 0x80, 0x80, 0x80, 0x80, 0x80, 0x80, 0x80, 0x80,
  0x80, 0x80, 0x80, 0x80, 0x80, 0x80, 0x80, 0x80, 0x80, 0x80, 0x80, 0x80,
  0x80, 0x80, 0x80, 0x80, 0x80, 0x80, 0x80, 0x80, 0x80, 0x80, 0x80, 0x80,
  0x80, 0x80, 0x80, 0x80, 0x80, 0x80, 0x80, 0x80, 0x80, 0x80, 0x80, 0x80,
  0x80, 0x80, 0x80, 0x80, 0x80, 0x80, 0x80, 0x80, 0x80, 0x80, 0x80, 0x80,
  0x80, 0x80, 0x80, 0x80, 0x80, 0x80, 0x80, 0x80, 0x80, 0x80, 0x80, 0x80,
  0x80, 0x80, 0x80, 0x80, 0x80, 0x80, 0x80, 0x80, 0x80, 0x80, 0x80, 0x80,
  0x80, 0x80, 0x80, 0x80, 0x80, 0x80, 0x80, 0x80, 0x80, 0x80, 0x80, 0x80,
  0x80, 0x80, 0x80, 0x80, 0x80, 0x80, 0x80, 0x80, 0x80, 0x80, 0x80, 0x80,
  0x80, 0x80, 0x80, 0x80, 0x80, 0x80, 0x80, 0x80, 0x80, 0x80, 0x80, 0x80,
  0x80, 0x80, 0x80, 0x80, 0x80, 0x80, 0x80, 0x80, 0x80, 0x80, 0x80, 0x80,
  0x80, 0x80, 0x80, 0x80, 0x80, 0x80, 0x80, 0x80, 0x80, 0x80, 0x80, 0x80,
  0x80, 0x80, 0x80, 0x80, 0x80, 0x80, 0x80, 0x80, 0x80, 0x80, 0x80, 0x80,
  0x80, 0x80, 0x80, 0x80, 0x80, 0x80, 0x80, 0x80, 0x80, 0x80, 0x80, 0x80,
  0x80, 0x80, 0x80, 0x80, 0x80, 0x80, 0x80, 0x80, 0x80, 0x80, 0x80, 0x80,
  0x80, 0x80, 0x80, 0x80, 0x80, 0x80, 0x80, 0x80, 0x80, 0x80, 0x80, 0x80,
  0x80, 0x80, 0x80, 0x80, 0x80, 0x80, 0x80, 0x80, 0x80, 0x80, 0x80, 0x80,
  0x80, 0x80, 0x80, 0x80, 0x80, 0x80, 0x80, 0x80, 0x80, 0x80, 0x80, 0x80,
  0x80, 0x80, 0x80, 0x80, 0x80, 0x80, 0x80, 0x80, 0x80, 0x80, 0x80, 0x80,
  0x80, 0x80, 0x80, 0x80, 0x80, 0x80, 0x80, 0x80, 0x80, 0x80, 0x80, 0x80,
  0x80, 0x80, 0x80, 0x80, 0x80, 0x80, 0x80, 0x80, 0x80, 0x80, 0x80, 0x80,
  0x80, 0x80, 0x80, 0x80, 0x80, 0x80, 0x80, 0x80, 0x80, 0x80, 0x80, 0x80,
  0x80, 0x80, 0x80, 0x80, 0x80, 0x80, 0x80, 0x80, 0x80, 0x80, 0x80, 0x80,
  0x80, 0x80, 0x80, 0x80, 0x80, 0x80, 0x80, 0x80, 0x80, 0x80, 0x80, 0x80,
  0x80, 0x80, 0x80, 0x80, 0x80, 0x80, 0x80, 0x80, 0x80, 0x80, 0x80, 0x80,
  0x80, 0x80, 0x80, 0x80, 0x80, 0x80, 0x80, 0x80, 0x80, 0x80, 0x80, 0x80,
  0x80, 0x80, 0x80, 0x80, 0x80, 0x80, 0x80, 0x80, 0x80, 0x80, 0x80, 0x80,
  0x80, 0x80, 0x80, 0x80, 0x80, 0x80, 0x80, 0x80, 0x80, 0x80, 0x80, 0x80,
  0x80, 0x80, 0x80, 0x80, 0x80, 0x80, 0x80, 0x80, 0x80, 0x80, 0x80, 0x80,
  0x80, 0x80, 0x80, 0x80, 0x80, 0x80, 0x80, 0x80, 0x80, 0x80, 0x80, 0x80,
  0x80, 0x80, 0x80, 0x80, 0x80, 0x80, 0x80, 0x80, 0x80, 0x80, 0x80, 0x80,
  0x80, 0x80, 0x80, 0x80, 0x80, 0x80, 0x80, 0x80, 0x80, 0x80, 0x80, 0x80,
  0x80, 0x80, 0x80, 0x80, 0x80, 0x80, 0x80, 0x80, 0x80, 0x80, 0x80, 0x80,
  0x80, 0x80, 0x80, 0x80, 0x80, 0x80, 0x80, 0x80, 0x80, 0x80, 0x80, 0x80,
  0x80, 0x80, 0x80, 0x80, 0x80, 0x80, 0x80, 0x80, 0x80, 0x80, 0x80, 0x80,
  0x80, 0x80, 0x80, 0x80, 0x80, 0x80, 0x80, 0x80, 0x80, 0x80, 0x80, 0x80,
  0x80, 0x80, 0x80, 0x80, 0x80, 0x80, 0x80, 0x80, 0x80, 0x80, 0x80, 0x80,
  0x80, 0x80, 0x80, 0x80, 0x80, 0x80, 0x80, 0x80, 0x80, 0x80, 0x80, 0x80,
  0x80, 0x80, 0x80, 0x80, 0x80, 0x80, 0x80, 0x80, 0x80, 0x80, 0x80, 0x80,
  0x80, 0x80, 0x80, 0x80, 0x80, 0x80, 0x80, 0x80, 0x80, 0x80, 0x80, 0x80,
  0x80, 0x80, 0x80, 0x80, 0x80, 0x80, 0x80, 0x80, 0x80, 0x80, 0x80, 0x80,
  0x80, 0x80, 0x80, 0x80, 0x80, 0x80, 0x80, 0x80, 0x80, 0x80, 0x80, 0x80,
  0x80, 0x80, 0x80, 0x80, 0x80, 0x80, 0x80, 0x80, 0x80, 0x80, 0x80, 0x80,
  0x80, 0x80, 0x80, 0x80, 0x80, 0x80, 0x80, 0x80, 0x80, 0x80, 0x80, 0x80,
  0x80, 0x80, 0x80, 0x80, 0x80, 0x80, 0x80, 0x80, 0x80, 0x80, 0x80, 0x80,
  0x80, 0x80, 0x80, 0x80, 0x80, 0x80, 0x80, 0x80, 0x80, 0x80, 0x80, 0x80,
  0x80, 0x80, 0x80, 0x80, 0x80, 0x80, 0x80, 0x80, 0x80, 0x80, 0x80, 0x80,
  0x80, 0x80, 0x80, 0x80, 0x80, 0x80, 0x80, 0x80, 0x80, 0x80, 0x80, 0x80,
  0x80, 0x80, 0x80, 0x80, 0x80, 0x80, 0x80, 0x80, 0x80, 0x80, 0x80, 0x80,
  0x80, 0x80, 0x80, 0x80, 0x80, 0x80, 0x80, 0x80, 0x80, 0x80, 0x80, 0x80,
  0x80, 0x80, 0x80, 0x80, 0x80, 0x80, 0x80, 0x80, 0x80, 0x80, 0x80, 0x80,
  0x80, 0x80, 0x80, 0x80, 0x80, 0x80, 0x80, 0x80, 0x80, 0x80, 0x80, 0x80,
  0x80, 0x80, 0x80, 0x80, 0x80, 0x80, 0x80, 0x80, 0x80, 0x80, 0x80, 0x80,
  0x80, 0x80, 0x80, 0x80, 0x80, 0x80, 0x80, 0x80, 0x80, 0x80, 0x80, 0x80,
  0x80, 0x80, 0x80, 0x80, 0x80, 0x80, 0x80, 0x80, 0x80, 0x80, 0x80, 0x80,
  0x80, 0x80, 0x80, 0x80, 0x80, 0x80, 0x80, 0x80, 0x80, 0x80, 0x80, 0x80,
  0x80, 0x80, 0x80, 0x80, 0x80, 0x80, 0x80, 0x80, 0x80, 0x80, 0x80, 0x80,
  0x80, 0x80, 0x80, 0x80, 0x80, 0x80, 0x80, 0x80, 0x80, 0x80, 0x80, 0x80,
  0x80, 0x80, 0x80, 0x80, 0x80, 0x80, 0x80, 0x80, 0x80, 0x80, 0x80, 0x80,
  0x80, 0x80, 0x80, 0x80, 0x80, 0x80, 0x80, 0x80, 0x80, 0x80, 0x80, 0x80,
  0x80, 0x80, 0x80, 0x80, 0x80, 0x80, 0x80, 0x80, 0x80, 0x80, 0x80, 0x80,
  0x80, 0x80, 0x80, 0x80, 0x80, 0x80, 0x80, 0x80, 0x80, 0x80, 0x80, 0x80,
  0x80, 0x80, 0x80, 0x80, 0x80, 0x80, 0x80, 0x80, 0x80, 0x80, 0x80, 0x80,
  0x80, 0x80, 0x80, 0x80, 0x80, 0x80, 0x80, 0x80, 0x80, 0x80, 0x80, 0x80,
  0x80, 0x80, 0x80, 0x80, 0x80, 0x80, 0x80, 0x80, 0x80, 0x80, 0x80, 0x80,
  0x80, 0x80, 0x80, 0x80, 0x80, 0x80, 0x80, 0x80, 0x80, 0x80, 0x80, 0x80,
  0x80, 0x80, 0x80, 0x80, 0x80, 0x80, 0x80, 0x80, 0x80, 0x80, 0x80, 0x80,
  0x80, 0x80, 0x80, 0x80, 0x80, 0x80, 0x80, 0x80, 0x80, 0x80, 0x80, 0x80,
  0x80, 0x80, 0x80, 0x80, 0x80, 0x80, 0x80, 0x80, 0x80, 0x80, 0x80, 0x80,
  0x80, 0x80, 0x80, 0x80, 0x80, 0x80, 0x80, 0x80, 0x80, 0x80, 0x80, 0x80,
  0x80, 0x80, 0x80, 0x80, 0x80, 0x80, 0x80, 0x80, 0x80, 0x80, 0x80, 0x80,
  0x80, 0x80, 0x80, 0x80, 0x80, 0x80, 0x80, 0x80, 0x80, 0x80, 0x80, 0x80,
  0x80, 0x80, 0x80, 0x80, 0x80, 0x80, 0x80, 0x80, 0x80, 0x80, 0x80, 0x80,
  0x80, 0x80, 0x80, 0x80, 0x80, 0x80, 0x80, 0x80, 0x80, 0x80, 0x80, 0x80,
  0x80, 0x80, 0x80, 0x80, 0x80, 0x80, 0x80, 0x80, 0x80, 0x80, 0x80, 0x80,
  0x80, 0x80, 0x80, 0x80, 0x80, 0x80, 0x80, 0x80, 0x80, 0x80, 0x80, 0x80,
  0x80, 0x80, 0x80, 0x80, 0x80, 0x80, 0x80, 0x80, 0x80, 0x80, 0x80, 0x80,
  0x80, 0x80, 0x80, 0x80, 0x80, 0x80, 0x80, 0x80, 0x80, 0x80, 0x80, 0x80,
  0x80, 0x80, 0x80, 0x80, 0x80, 0x80, 0x80, 0x80, 0x80, 0x80, 0x80, 0x80,
  0x80, 0x80, 0x80, 0x80, 0x80, 0x80, 0x80, 0x80, 0x80, 0x80, 0x80, 0x80,
  0x80, 0x80, 0x80, 0x80, 0x80, 0x80, 0x80, 0x80, 0x80, 0x80, 0x80, 0x80,
  0x80, 0x80, 0x80, 0x80, 0x80, 0x80, 0x80, 0x80, 0x80, 0x80, 0x80, 0x80,
  0x80, 0x80, 0x80, 0x80, 0x80, 0x80, 0x80, 0x80, 0x80, 0x80, 0x80, 0x80,
  0x80, 0x80, 0x80, 0x80, 0x80, 0x80, 0x80, 0x80, 0x80, 0x80, 0x80, 0x80,
  0x80, 0x80, 0x80, 0x80, 0x80, 0x80, 0x80, 0x80, 0x80, 0x80, 0x80, 0x80,
  0x80, 0x80, 0x80, 0x80, 0x80, 0x80, 0x80, 0x80, 0x80, 0x80, 0x80, 0x80,
  0x80, 0x80, 0x80, 0x80, 0x80, 0x80, 0x80, 0x80, 0x80, 0x80, 0x80, 0x80,
  0x80, 0x80, 0x80, 0x80, 0x80, 0x80, 0x80, 0x80, 0x80, 0x80, 0x80, 0x80,
  0x80, 0x80, 0x80, 0x80, 0x80, 0x80, 0x80, 0x80, 0x80, 0x80, 0x80, 0x80,
  0x80, 0x80, 0x80, 0x80, 0x80, 0x80, 0x80, 0x80, 0x80, 0x80, 0x80, 0x80,
  0x80, 0x80, 0x80, 0x80, 0x80, 0x80, 0x80, 0x80, 0x80, 0x80, 0x80, 0x80,
  0x80, 0x80, 0x80, 0x80, 0x80, 0x80, 0x80, 0x80, 0x80, 0x80, 0x80, 0x80,
  0x80, 0x80, 0x80, 0x80, 0x80, 0x80, 0x80, 0x80, 0x80, 0x80, 0x80, 0x80,
  0x80, 0x80, 0x80, 0x80, 0x80, 0x80, 0x80, 0x80, 0x80, 0x80, 0x80, 0x80,
  0x80, 0x80, 0x80, 0x80, 0x80, 0x80, 0x80, 0x80, 0x80, 0x80, 0x80, 0x80,
  0x80, 0x80, 0x80, 0x80, 0x80, 0x80, 0x80, 0x80, 0x80, 0x80, 0x80, 0x80,
  0x80, 0x80, 0x80, 0x80, 0x80, 0x80, 0x80, 0x80, 0x80, 0x80, 0x80, 0x80,
  0x80, 0x80, 0x80, 0x80, 0x80, 0x80, 0x80, 0x80, 0x80, 0x80, 0x80, 0x80,
  0x80, 0x80, 0x80, 0x80, 0x80, 0x80, 0x80, 0x80, 0x80, 0x80, 0x80, 0x80,
  0x80, 0x80, 0x80, 0x80, 0x80, 0x80, 0x80, 0x80, 0x80, 0x80, 0x80, 0x80,
  0x80, 0x80, 0x80, 0x80, 0x80, 0x80, 0x80, 0x80, 0x80, 0x80, 0x80, 0x80,
  0x80, 0x80, 0x80, 0x80, 0x80, 0x80, 0x80, 0x80, 0x80, 0x80, 0x80, 0x80,
  0x80, 0x80, 0x80, 0x80, 0x80, 0x80, 0x80, 0x80, 0x80, 0x80, 0x80, 0x80,
  0x80, 0x80, 0x80, 0x80, 0x80, 0x80, 0x80, 0x80, 0x80, 0x80, 0x80, 0x80,
  0x80, 0x80, 0x80, 0x80, 0x80, 0x80, 0x80, 0x80, 0x80, 0x80, 0x80, 0x80,
  0x80, 0x80, 0x80, 0x80, 0x80, 0x80, 0x80, 0x80, 0x80, 0x80, 0x80, 0x80,
  0x80, 0x80, 0x80, 0x80, 0x80, 0x80, 0x80, 0x80, 0x80, 0x80, 0x80, 0x80,
  0x80, 0x80, 0x80, 0x80, 0x80, 0x80, 0x80, 0x80, 0x80, 0x80, 0x80, 0x80,
  0x80, 0x80, 0x80, 0x80, 0x80, 0x80, 0x80, 0x80, 0x80, 0x80, 0x80, 0x80,
  0x80, 0x80, 0x80, 0x80, 0x80, 0x80, 0x80, 0x80, 0x80, 0x80, 0x80, 0x80,
  0x80, 0x80, 0x80, 0x80, 0x80, 0x80, 0x80, 0x80, 0x80, 0x80, 0x80, 0x80,
  0x80, 0x80, 0x80, 0x80, 0x80, 0x80, 0x80, 0x80, 0x80, 0x80, 0x80, 0x80,
  0x80, 0x80, 0x80, 0x80, 0x80, 0x80, 0x80, 0x80, 0x80, 0x80, 0x80, 0x80,
  0x80, 0x80, 0x80, 0x80, 0x80, 0x80, 0x80, 0x80, 0x80, 0x80, 0x80, 0x80,
  0x80, 0x80, 0x80, 0x80, 0x80, 0x80, 0x80, 0x80, 0x80, 0x80, 0x80, 0x80,
  0x80, 0x80, 0x80, 0x80, 0x80, 0x80, 0x80, 0x80, 0x80, 0x80, 0x80, 0x80,
  0x80, 0x80, 0x80, 0x80, 0x80, 0x80, 0x80, 0x80, 0x80, 0x80, 0x80, 0x80,
  0x80, 0x80, 0x80, 0x80, 0x80, 0x80, 0x80, 0x80, 0x80, 0x80, 0x80, 0x80,
  0x80, 0x80, 0x80, 0x80, 0x80, 0x80, 0x80, 0x80, 0x80, 0x80, 0x80, 0x80,
  0x80, 0x80, 0x80, 0x80, 0x80, 0x80, 0x80, 0x80, 0x80, 0x80, 0x80, 0x80,
  0x80, 0x80, 0x80, 0x80, 0x80, 0x80, 0x80, 0x80, 0x80, 0x80, 0x80, 0x80,
  0x80, 0x80, 0x80, 0x80, 0x80, 0x80, 0x80, 0x80, 0x80, 0x80, 0x80, 0x80,
  0x80, 0x80, 0x80, 0x80, 0x80, 0x80, 0x80, 0x80, 0x80, 0x80, 0x80, 0x80,
  0x80, 0x80, 0x80, 0x80, 0x80, 0x80, 0x80, 0x80, 0x80, 0x80, 0x80, 0x80,
  0x80, 0x80, 0x80, 0x80, 0x80, 0x80, 0x80, 0x80, 0x80, 0x80, 0x80, 0x80,
  0x80, 0x80, 0x80, 0x80, 0x80, 0x80, 0x80, 0x80, 0x80, 0x80, 0x80, 0x80,
  0x80, 0x80, 0x80, 0x80, 0x80, 0x80, 0x80, 0x80, 0x80, 0x80, 0x80, 0x80,
  0x80, 0x80, 0x80, 0x80, 0x80, 0x80, 0x80, 0x80, 0x80, 0x80, 0x80, 0x80,
  0x80, 0x80, 0x80, 0x80, 0x80, 0x80, 0x80, 0x80, 0x80, 0x80, 0x80, 0x80,
  0x80, 0x80, 0x80, 0x80, 0x80, 0x80, 0x80, 0x80, 0x80, 0x80, 0x80, 0x80,
  0x80, 0x80, 0x80, 0x80, 0x80, 0x80, 0x80, 0x80, 0x80, 0x80, 0x80, 0x80,
  0x80, 0x80, 0x80, 0x80, 0x80, 0x80, 0x80, 0x80, 0x80, 0x80, 0x80, 0x80,
  0x80, 0x80, 0x80, 0x80, 0x80, 0x80, 0x80, 0x80, 0x80, 0x80, 0x80, 0x80,
  0x80, 0x80, 0x80, 0x80, 0x80, 0x80, 0x80, 0x80, 0x80, 0x80, 0x80, 0x80,
  0x80, 0x80, 0x80, 0x80, 0x80, 0x80, 0x80, 0x80, 0x80, 0x80, 0x80, 0x80,
  0x80, 0x80, 0x80, 0x80, 0x80, 0x80, 0x80, 0x80, 0x80, 0x80, 0x80, 0x80,
  0x80, 0x80, 0x80, 0x80, 0x80, 0x80, 0x80, 0x80, 0x80, 0x80, 0x80, 0x80,
  0x80, 0x80, 0x80, 0x80, 0x80, 0x80, 0x80, 0x80, 0x80, 0x80, 0x80, 0x80,
  0x80, 0x80, 0x80, 0x80, 0x80, 0x80, 0x80, 0x80, 0x80, 0x80, 0x80, 0x80,
  0x80, 0x80, 0x80, 0x80, 0x80, 0x80, 0x80, 0x80, 0x80, 0x80, 0x80, 0x80,
  0x80, 0x80, 0x80, 0x80, 0x80, 0x80, 0x80, 0x80, 0x80, 0x80, 0x80, 0x80,
  0x80, 0x80, 0x80, 0x80, 0x80, 0x80, 0x80, 0x80, 0x80, 0x80, 0x80, 0x80,
  0x80, 0x80, 0x80, 0x80, 0x80, 0x80, 0x80, 0x80, 0x80, 0x80, 0x80, 0x80,
  0x80, 0x80, 0x80, 0x80, 0x80, 0x80, 0x80, 0x80, 0x80, 0x80, 0x80, 0x80,
  0x80, 0x80, 0x80, 0x80, 0x80, 0x80, 0x80, 0x80, 0x80, 0x80, 0x80, 0x80,
  0x80, 0x80, 0x80, 0x80, 0x80, 0x80, 0x80, 0x80, 0x80, 0x80, 0x80, 0x80,
  0x80, 0x80, 0x80, 0x80, 0x80, 0x80, 0x80, 0x80, 0x80, 0x80, 0x80, 0x80,
  0x80, 0x80, 0x80, 0x80, 0x80, 0x80, 0x80, 0x80, 0x80, 0x80, 0x80, 0x80,
  0x80, 0x80, 0x80, 0x80, 0x80, 0x80, 0x80, 0x80, 0x80, 0x80, 0x80, 0x80,
  0x80, 0x80, 0x80, 0x80, 0x80, 0x80, 0x80, 0x80, 0x80, 0x80, 0x80, 0x80,
  0x80, 0x80, 0x80, 0x80, 0x80, 0x80, 0x80, 0x80, 0x80, 0x80, 0x80, 0x80,
  0x80, 0x80, 0x80, 0x80, 0x80, 0x80, 0x80, 0x80, 0x80, 0x80, 0x80, 0x80,
  0x80, 0x80, 0x80, 0x80, 0x80, 0x80, 0x80, 0x80, 0x80, 0x80, 0x80, 0x80,
  0x80, 0x80, 0x80, 0x80, 0x80, 0x80, 0x80, 0x80, 0x80, 0x80, 0x80, 0x80,
  0x80, 0x80, 0x80, 0x80, 0x80, 0x80, 0x80, 0x80, 0x80, 0x80, 0x80, 0x80,
  0x80, 0x80, 0x80, 0x80, 0x80, 0x80, 0x80, 0x80, 0x80, 0x80, 0x80, 0x80,
  0x80, 0x80, 0x80, 0x80, 0x80, 0x80, 0x80, 0x80, 0x80, 0x80, 0x80, 0x80,
  0x80, 0x80, 0x80, 0x80, 0x80, 0x80, 0x80, 0x80, 0x80, 0x80, 0x80, 0x80,
  0x80, 0x80, 0x80, 0x80, 0x80, 0x80, 0x80, 0x80, 0x80, 0x80, 0x80, 0x80,
  0x80, 0x80, 0x80, 0x80, 0x80, 0x80, 0x80, 0x80, 0x80, 0x80, 0x80, 0x80,
  0x80, 0x80, 0x80, 0x80, 0x80, 0x80, 0x80, 0x80, 0x80, 0x80, 0x80, 0x80,
  0x80, 0x80, 0x80, 0x80, 0x80, 0x80, 0x80, 0x80, 0x80, 0x80, 0x80, 0x80,
  0x80, 0x80, 0x80, 0x80, 0x80, 0x80, 0x80, 0x80, 0x80, 0x80, 0x80, 0x80,
  0x80, 0x80, 0x80, 0x80, 0x80, 0x80, 0x80, 0x80, 0x80, 0x80, 0x80, 0x80,
  0x80, 0x80, 0x80, 0x80, 0x80, 0x80, 0x80, 0x80, 0x80, 0x80, 0x80, 0x80,
  0x80, 0x80, 0x80, 0x80, 0x80, 0x80, 0x80, 0x80, 0x80, 0x80, 0x80, 0x80,
  0x80, 0x80, 0x80, 0x80, 0x80, 0x80, 0x80, 0x80, 0x80, 0x80, 0x80, 0x80,
  0x80, 0x80, 0x80, 0x80, 0x80, 0x80, 0x80, 0x80, 0x80, 0x80, 0x80, 0x80,
  0x80, 0x80, 0x80, 0x80, 0x80, 0x80, 0x80, 0x80, 0x80, 0x80, 0x80, 0x80,
  0x80, 0x80, 0x80, 0x80, 0x80, 0x80, 0x80, 0x80, 0x80, 0x80, 0x80, 0x80,
  0x80, 0x80, 0x80, 0x80, 0x80, 0x80, 0x80, 0x80, 0x80, 0x80, 0x80, 0x80,
  0x80, 0x80, 0x80, 0x80, 0x80, 0x80, 0x80, 0x80, 0x80, 0x80, 0x80, 0x80,
  0x80, 0x80, 0x80, 0x80, 0x80, 0x80, 0x80, 0x80, 0x80, 0x80, 0x80, 0x80,
  0x80, 0x80, 0x80, 0x80, 0x80, 0x80, 0x80, 0x80, 0x80, 0x80, 0x80, 0x80,
  0x80, 0x80, 0x80, 0x80, 0x80, 0x80, 0x80, 0x80, 0x80, 0x80, 0x80, 0x80,
  0x80, 0x80, 0x80, 0x80, 0x80, 0x80, 0x80, 0x80, 0x80, 0x80, 0x80, 0x80,
  0x80, 0x80, 0x80, 0x80, 0x80, 0x80, 0x80, 0x80, 0x80, 0x80, 0x80, 0x80,
  0x80, 0x80, 0x80, 0x80, 0x80, 0x80, 0x80, 0x80, 0x80, 0x80, 0x80, 0x80,
  0x80, 0x80, 0x80, 0x80, 0x80, 0x80, 0x80, 0x80, 0x80, 0x80, 0x80, 0x80,
  0x80, 0x80, 0x80, 0x80, 0x80, 0x80, 0x80, 0x80, 0x80, 0x80, 0x80, 0x80,
  0x80, 0x80, 0x80, 0x80, 0x80, 0x80, 0x80, 0x80, 0x80, 0x80, 0x80, 0x80,
  0x80, 0x80, 0x80, 0x80, 0x80, 0x80, 0x80, 0x80, 0x80, 0x80, 0x80, 0x80,
  0x80, 0x80, 0x80, 0x80, 0x80, 0x80, 0x80, 0x80, 0x80, 0x80, 0x80, 0x80,
  0x80, 0x80, 0x80, 0x80, 0x80, 0x80, 0x80, 0x80, 0x80, 0x80, 0x80, 0x80,
  0x80, 0x80, 0x80, 0x80, 0x80, 0x80, 0x80, 0x80, 0x80, 0x80, 0x80, 0x80,
  0x80, 0x80, 0x80, 0x80, 0x80, 0x80, 0x80, 0x80, 0x80, 0x80, 0x80, 0x80,
  0x80, 0x80, 0x80, 0x80, 0x80, 0x80, 0x80, 0x80, 0x80, 0x80, 0x80, 0x80,
  0x80, 0x80, 0x80, 0x80, 0x80, 0x80, 0x80, 0x80, 0x80, 0x80, 0x80, 0x80,
  0x80, 0x80, 0x80, 0x80, 0x80, 0x80, 0x80, 0x80, 0x80, 0x80, 0x80, 0x80,
  0x80, 0x80, 0x80, 0x80, 0x80, 0x80, 0x80, 0x80, 0x80, 0x80, 0x80, 0x80,
  0x80, 0x80, 0x80, 0x80, 0x80, 0x80, 0x80, 0x80, 0x80, 0x80, 0x80, 0x80,
  0x80, 0x80, 0x80, 0x80, 0x80, 0x80, 0x80, 0x80, 0x80, 0x80, 0x80, 0x80,
  0x80, 0x80, 0x80, 0x80, 0x80, 0x80, 0x80, 0x80, 0x80, 0x80, 0x80, 0x80,
  0x80, 0x80, 0x80, 0x80, 0x80, 0x80, 0x80, 0x80, 0x80, 0x80, 0x80, 0x80,
  0x80, 0x80, 0x80, 0x80, 0x80, 0x80, 0x80, 0x80, 0x80, 0x80, 0x80, 0x80,
  0x80, 0x80, 0x80, 0x80, 0x80, 0x80, 0x80, 0x80, 0x80, 0x80, 0x80, 0x80,
  0x80, 0x80, 0x80, 0x80, 0x80, 0x80, 0x80, 0x80, 0x80, 0x80, 0x80, 0x80,
  0x80, 0x80, 0x80, 0x80, 0x80, 0x80, 0x80, 0x80, 0x80, 0x80, 0x80, 0x80,
  0x80, 0x80, 0x80, 0x80, 0x80, 0x80, 0x80, 0x80, 0x80, 0x80, 0x80, 0x80,
  0x80, 0x80, 0x80, 0x80, 0x80, 0x80, 0x80, 0x80, 0x80, 0x80, 0x80, 0x80,
  0x80, 0x80, 0x80, 0x80, 0x80, 0x80, 0x80, 0x80, 0x80, 0x80, 0x80, 0x80,
  0x80, 0x80, 0x80, 0x80, 0x80, 0x80, 0x80, 0x80, 0x80, 0x80, 0x80, 0x80,
  0x80, 0x80, 0x80, 0x80, 0x80, 0x80, 0x80, 0x80, 0x80, 0x80, 0x80, 0x80,
  0x80, 0x80, 0x80, 0x80, 0x80, 0x80, 0x80, 0x80, 0x80, 0x80, 0x80, 0x80,
  0x80, 0x80, 0x80, 0x80, 0x80, 0x80, 0x80, 0x80, 0x80, 0x80, 0x80, 0x80,
  0x80, 0x80, 0x80, 0x80, 0x80, 0x80, 0x80, 0x80, 0x80, 0x80, 0x80, 0x80,
  0x80, 0x80, 0x80, 0x80, 0x80, 0x80, 0x80, 0x80, 0x80
};
constexpr size_t kSimulatorAnswerU8Length = sizeof(kSimulatorAnswerU8);

size_t simulatorAnswerOffset = 0;
bool simulatorAnswerActive = false;
#endif

} // namespace

bool beginAudio() {
  Serial.println("SIM_SPEAKER: PCM bridge ready at 24 kHz");
  Serial.println("SIM_TEST: microphone fixture ready");
  return true;
}

bool playPcm16(const uint8_t *data, size_t size) {
  const bool valid = data != nullptr && size >= sizeof(int16_t) &&
                     size % sizeof(int16_t) == 0 && size <= UINT16_MAX * 2;
  if (!valid || !beginSpiPacket(kSpeakerCs))
    return false;

  uint8_t header[6];
  memcpy(header, kSpeakerPacketMagic, sizeof(kSpeakerPacketMagic));
  const uint16_t samples = size / sizeof(int16_t);
  header[4] = samples & 0xff;
  header[5] = samples >> 8;
  simulatorDisplaySpi.writeBytes(header, sizeof(header));
  simulatorDisplaySpi.writeBytes(data, size);
  endSpiPacket(kSpeakerCs);
  delay(max<size_t>(1, size / 48));
  return true;
}

size_t readPcm16(uint8_t *output, size_t outputCapacity) {
  if (output == nullptr || outputCapacity < 960)
    return 0;

#if defined(ANGRY_CAT_SIMULATOR_LIVE)
  int16_t *samples = reinterpret_cast<int16_t *>(output);
  constexpr size_t kSamplesPerFrame = 480;
  for (size_t index = 0; index < kSamplesPerFrame; ++index) {
    if (simulatorAnswerActive &&
        simulatorAnswerOffset < kSimulatorAnswerU8Length) {
      samples[index] = static_cast<int16_t>(
          (static_cast<int16_t>(kSimulatorAnswerU8[simulatorAnswerOffset++]) -
           128)
          << 8);
    } else {
      samples[index] = 0;
      simulatorAnswerActive = false;
    }
  }
#else
  memset(output, 0, 960);
#endif

  delay(20);
  return 960;
}

void queueAnswer() {
#if defined(ANGRY_CAT_SIMULATOR_LIVE)
  simulatorAnswerOffset = 0;
  simulatorAnswerActive = true;
#endif
}

bool beginDisplay(uint16_t width, uint16_t height) {
  if (width == 0 || height == 0)
    return false;

  const size_t frameBytes =
      static_cast<size_t>(width) * height * sizeof(uint16_t);
  previousDisplayFrame = static_cast<uint16_t *>(ps_malloc(frameBytes));
  if (previousDisplayFrame == nullptr)
    return false;

  displayWidth = width;
  displayHeight = height;
  firstDisplayFrame = true;
  memset(previousDisplayFrame, 0, frameBytes);

  pinMode(kDisplayCs, OUTPUT);
  pinMode(kSpeakerCs, OUTPUT);
  pinMode(kWifiCs, OUTPUT);
  pinMode(kMicrophoneCs, OUTPUT);
  digitalWrite(kDisplayCs, HIGH);
  digitalWrite(kSpeakerCs, HIGH);
  digitalWrite(kWifiCs, HIGH);
  digitalWrite(kMicrophoneCs, HIGH);
  simulatorDisplaySpi.begin(kDisplaySck, kDisplayMiso, kDisplayMosi,
                            kDisplayCs);
  simulatorSpiMutex = xSemaphoreCreateMutex();
  if (simulatorSpiMutex == nullptr)
    return false;
  Serial.printf("SIM_DISPLAY: bridge ready %ux%u\n", width, height);
  Serial.println("SIM_TOUCH: SPI coordinate bridge ready on GPIO 17");
  return true;
}

void showDisplay(const uint16_t *framebuffer, uint16_t width, uint16_t height) {
  if (framebuffer == nullptr || previousDisplayFrame == nullptr ||
      width != displayWidth || height != displayHeight) {
    return;
  }

  uint16_t minX = width;
  uint16_t minY = height;
  uint16_t maxX = 0;
  uint16_t maxY = 0;

  if (firstDisplayFrame) {
    minX = 0;
    minY = 0;
    maxX = width - 1;
    maxY = height - 1;
  } else {
    for (uint16_t y = 0; y < height; ++y) {
      const size_t rowOffset = static_cast<size_t>(y) * width;
      for (uint16_t x = 0; x < width; ++x) {
        const size_t index = rowOffset + x;
        if (framebuffer[index] == previousDisplayFrame[index])
          continue;
        minX = min(minX, x);
        minY = min(minY, y);
        maxX = max(maxX, x);
        maxY = max(maxY, y);
      }
    }
  }

  if (minX >= width || minY >= height)
    return;

  const uint16_t rectWidth = maxX - minX + 1;
  const uint16_t rectHeight = maxY - minY + 1;
  uint8_t header[12];
  memcpy(header, kDisplayPacketMagic, sizeof(kDisplayPacketMagic));
  const uint16_t fields[] = {minX, minY, rectWidth, rectHeight};
  for (size_t index = 0; index < 4; ++index) {
    header[4 + index * 2] = static_cast<uint8_t>(fields[index] & 0xff);
    header[5 + index * 2] = static_cast<uint8_t>(fields[index] >> 8);
  }

  if (!beginSpiPacket(kDisplayCs))
    return;
  simulatorDisplaySpi.writeBytes(header, sizeof(header));
  for (uint16_t y = minY; y <= maxY; ++y) {
    const size_t rowOffset = static_cast<size_t>(y) * width + minX;
    const uint8_t *row =
        reinterpret_cast<const uint8_t *>(framebuffer + rowOffset);
    simulatorDisplaySpi.writeBytes(row, static_cast<uint32_t>(rectWidth) *
                                            sizeof(uint16_t));
    memcpy(previousDisplayFrame + rowOffset, framebuffer + rowOffset,
           static_cast<size_t>(rectWidth) * sizeof(uint16_t));
  }
  endSpiPacket(kDisplayCs);

  if (firstDisplayFrame) {
    firstDisplayFrame = false;
    Serial.println("SIM_DISPLAY: first frame sent");
  }
}

bool readTouch(uint16_t &x, uint16_t &y) {
  uint8_t request[kTouchPacketSize]{};
  uint8_t response[kTouchPacketSize]{};
  if (!beginSpiPacket(kDisplayCs))
    return false;
  simulatorDisplaySpi.transferBytes(request, response, sizeof(response));
  endSpiPacket(kDisplayCs);

  if (response[0] != 'A' || response[1] != 'C')
    return false;

  const uint16_t nextX = static_cast<uint16_t>(response[2]) |
                         (static_cast<uint16_t>(response[3]) << 8);
  const uint16_t nextY = static_cast<uint16_t>(response[4]) |
                         (static_cast<uint16_t>(response[5]) << 8);
  const bool nextPressed = response[6] != 0;
  if (!touchStateInitialized || nextX != touchX || nextY != touchY ||
      nextPressed != touchPressed) {
    touchX = nextX;
    touchY = nextY;
    touchPressed = nextPressed;
    touchStateInitialized = true;
    Serial.printf("SIM_TOUCH: %s at %u,%u\n",
                  touchPressed ? "down" : "released", touchX, touchY);
  }

  if (!touchPressed || touchX >= displayWidth || touchY >= displayHeight)
    return false;

  x = touchX;
  y = touchY;
  return true;
}

void showWifiStatus(bool connected, int32_t rssi, const uint8_t ip[4]) {
  if (!beginSpiPacket(kWifiCs))
    return;

  uint8_t packet[10];
  memcpy(packet, kWifiPacketMagic, sizeof(kWifiPacketMagic));
  packet[4] = connected ? 1 : 0;
  packet[5] = static_cast<uint8_t>(constrain(rssi, -127, 0));
  for (size_t index = 0; index < 4; ++index)
    packet[6 + index] = ip == nullptr ? 0 : ip[index];
  simulatorDisplaySpi.writeBytes(packet, sizeof(packet));
  endSpiPacket(kWifiCs);
}

void showMicrophoneText(const char *text, bool waiting) {
  if (text == nullptr || !beginSpiPacket(kMicrophoneCs))
    return;

  const size_t textLength = min<size_t>(strlen(text), 320);
  uint8_t header[7];
  memcpy(header, kMicrophonePacketMagic, sizeof(kMicrophonePacketMagic));
  header[4] = waiting ? 1 : 0;
  header[5] = static_cast<uint8_t>(textLength & 0xff);
  header[6] = static_cast<uint8_t>(textLength >> 8);
  simulatorDisplaySpi.writeBytes(header, sizeof(header));
  simulatorDisplaySpi.writeBytes(reinterpret_cast<const uint8_t *>(text),
                                 textLength);
  endSpiPacket(kMicrophoneCs);
}

void playSpeakerTestTone() {
  constexpr size_t kSamplesPerFrame = 480;
  constexpr size_t kFrameCount = 25;
  int16_t samples[kSamplesPerFrame];
  uint32_t phase = 0;
  for (size_t frame = 0; frame < kFrameCount; ++frame) {
    for (size_t index = 0; index < kSamplesPerFrame; ++index) {
      const uint16_t cycle = phase % 24000;
      const int32_t triangle = cycle < 12000
                                   ? static_cast<int32_t>(cycle) - 6000
                                   : 18000 - static_cast<int32_t>(cycle);
      samples[index] = static_cast<int16_t>(triangle * 3);
      phase += 440;
    }
    playPcm16(reinterpret_cast<const uint8_t *>(samples), sizeof(samples));
  }
  Serial.println("SIM_SPEAKER: 440 Hz test tone complete");
}

} // namespace angry_cat_simulator
